CustomerID,Recency,Frequency,Monetary,RecencyScore,FrequencyScore,MonetaryScore,RFMScore,RFMSegment,Cluster,Segment,PCA1,PCA2,TSNE1,TSNE2
12346,326,1,77183.6,1,1,5,7,At Risk,2,High-Value Active,0.5557915170976359,3.1485239790016744,9.462594,6.0326843
12347,3,7,4310.0,5,5,5,15,Champions,2,High-Value Active,1.9745900852918472,0.0756759438943083,30.135323,30.32104
12348,76,4,1797.24,2,4,4,10,At Risk,2,High-Value Active,0.7656941968875456,0.24110380079475507,34.669662,-7.230819
12349,19,1,1757.55,4,1,4,9,New Customers,0,High-Spend Watchlist,0.19359264862688583,-0.6724061100808887,-27.804777,-16.208954
12350,311,1,334.4,1,1,2,4,Lost Customers,1,Dormant Customers,-2.0267198294478375,1.3813289328047975,-16.149576,29.68044
12352,37,8,2506.04,3,5,5,13,Loyal Customers,2,High-Value Active,1.6531749488151375,0.26230143702728087,39.47645,25.239449
12353,205,1,89.0,1,1,1,3,Lost Customers,1,Dormant Customers,-2.156551659426018,0.05910893294828172,-45.282566,29.002396
12354,233,1,1079.4,1,1,4,6,At Risk,1,Dormant Customers,-1.0786393065256294,1.0514783618142753,-21.994404,11.2678585
12355,215,1,459.4,1,1,2,4,Lost Customers,1,Dormant Customers,-1.4080435584398787,0.637548929793324,-26.960297,14.907871
12356,23,3,2811.43,4,3,5,12,Potential Loyalists,2,High-Value Active,1.0364456369521182,-0.1870975771156432,25.568922,-18.727573
12357,34,1,6207.67,3,1,5,9,Needs Attention,0,High-Spend Watchlist,0.7369019478635583,-0.16181988660565313,-24.983326,-15.374391
12358,2,2,1168.06,5,2,4,11,Potential Loyalists,0,High-Spend Watchlist,0.4467054545668408,-0.763010279945703,4.3544974,-39.978844
12359,58,4,6310.03,3,4,5,12,Loyal Customers,2,High-Value Active,1.4656029103832526,0.46146352878270286,31.33881,7.976769
12360,53,3,2662.06,3,3,5,11,Needs Attention,2,High-Value Active,0.864793241448316,0.05869587563799917,23.87907,-16.592293
12361,288,1,189.9,1,1,1,3,Lost Customers,1,Dormant Customers,-2.1906688182283425,1.0107622820341595,-29.486858,34.39747
12362,4,10,5226.23,5,5,5,15,Champions,2,High-Value Active,2.3546354746997396,0.2843953264840335,22.989853,39.81116
12363,110,2,552.0,2,2,3,7,At Risk,0,High-Spend Watchlist,-0.4407826699304714,-0.0442510325447544,-8.111557,-19.908726
12364,8,4,1313.1,5,4,4,13,Champions,2,High-Value Active,0.9412660000833291,-0.4475965131966912,48.735096,-7.5225997
12365,292,2,641.38,1,2,3,6,At Risk,1,Dormant Customers,-1.2473767730874536,1.5915633913751428,-0.20226781,11.504938
12367,5,1,168.9,5,1,1,7,New Customers,0,High-Spend Watchlist,-0.8796230978873576,-1.4978153318411334,-73.43745,-12.231363
12370,52,4,3541.94,3,4,5,12,Loyal Customers,2,High-Value Active,1.2127598105064619,0.2353410824962514,34.770927,2.2697144
12371,45,2,1887.96,3,2,4,9,Needs Attention,0,High-Spend Watchlist,0.47309665622618846,-0.2428302272368244,3.6863966,-32.405224
12372,72,3,1298.04,3,3,4,10,Needs Attention,0,High-Spend Watchlist,0.4225146061384657,0.008813439946316219,24.57911,-32.237144
12373,312,1,364.6,1,1,2,4,Lost Customers,1,Dormant Customers,-1.9894648346247918,1.4160054228082277,-15.591736,28.947405
12374,26,1,742.9300000000001,4,1,3,8,New Customers,0,High-Spend Watchlist,-0.26022127224692454,-0.8700249177964019,-40.15348,-22.558401
12375,11,2,457.5,5,2,2,9,Potential Loyalists,0,High-Spend Watchlist,-0.05372946134831525,-0.9659201402376274,-11.661038,-55.829235
12377,316,2,1628.12,1,2,4,7,At Risk,1,Dormant Customers,-0.909080308647002,2.0812864497600234,2.4800367,9.84486
12378,130,1,4008.62,2,1,5,8,At Risk,0,High-Spend Watchlist,0.05941084528293774,0.5457169023708835,-24.672874,-13.587778
12379,82,2,852.24,2,2,3,7,At Risk,0,High-Spend Watchlist,-0.09372483348824552,-0.15851712956758537,-6.066709,-27.713657
12380,22,4,2724.81,4,4,5,13,Champions,2,High-Value Active,1.2297750363350295,-0.10574377700693377,38.68107,1.9788113
12381,5,5,1845.31,5,4,4,13,Champions,2,High-Value Active,1.2882556446614535,-0.29022356746799177,61.882492,6.8621583
12383,185,5,1850.56,1,4,4,9,At Risk,2,High-Value Active,0.4195753869218486,1.283893763596294,19.530758,-2.4516697
12384,29,2,585.27,4,2,3,9,Potential Loyalists,0,High-Spend Watchlist,-0.020732267875921796,-0.7346443718134553,-7.7051387,-47.388603
12386,338,2,401.9,1,2,2,5,Lost Customers,1,Dormant Customers,-1.6974577519689422,1.8532860225281618,-1.4203662,14.90268
12388,16,6,2780.66,4,4,5,13,Champions,2,High-Value Active,1.575934140796735,-0.0020434618488739675,47.442665,22.583033
12390,80,1,549.84,2,1,3,6,At Risk,0,High-Spend Watchlist,-0.6679397548390126,-0.4884454040458716,-39.20805,-9.574385
12391,22,1,439.66,4,1,2,7,New Customers,0,High-Spend Watchlist,-0.49653194850168686,-1.062521653515484,-49.232033,-22.482533
12393,73,4,1582.6000000000001,2,4,4,10,At Risk,2,High-Value Active,0.7181442119699235,0.17664526741332456,35.581844,-8.358389
12394,64,2,1272.48,3,2,4,9,Needs Attention,0,High-Spend Watchlist,0.18878109671301974,-0.1953717471657358,-1.1566101,-31.174957
12395,20,12,3018.63,4,5,5,14,Champions,2,High-Value Active,2.1619586481094535,0.33365608774561056,29.05826,49.14425
12397,36,2,2409.9,3,2,5,10,Needs Attention,0,High-Spend Watchlist,0.6357024261442159,-0.2480993877500038,5.1983223,-32.054466
12398,46,1,1635.6599999999999,3,1,4,8,Needs Attention,0,High-Spend Watchlist,0.02801591380004074,-0.4580256867247906,-28.44166,-15.44337
12399,120,4,1108.65,2,4,4,10,At Risk,0,High-Spend Watchlist,0.3173369407550052,0.48045062897486895,33.309715,-13.506301
12401,304,1,84.3,1,1,1,3,Lost Customers,1,Dormant Customers,-2.661271692884736,0.9082687125553639,-33.999523,43.152073
12402,324,1,225.6,1,1,1,3,Lost Customers,1,Dormant Customers,-2.280990622324277,1.3769877559230999,-21.662464,40.99382
12403,50,1,427.7,3,1,2,6,Needs Attention,0,High-Spend Watchlist,-0.6453084157051292,-0.8260694698831332,-46.99187,-16.033527
12405,149,1,1710.39,2,1,4,7,At Risk,0,High-Spend Watchlist,-0.4480591260348126,0.45566188637964133,-29.537508,-3.948468
12406,23,2,3415.3,4,2,5,11,Potential Loyalists,2,High-Value Active,0.8686986784891894,-0.25686813068545794,6.761704,-31.61741
12407,50,5,1708.1200000000001,3,4,4,11,Loyal Customers,2,High-Value Active,1.0330466499439748,0.07986519673692934,48.83353,8.7228
12408,33,5,2888.55,4,4,5,13,Champions,2,High-Value Active,1.3715723574977723,0.08925041143785128,54.77308,11.751946
12409,79,3,11072.67,2,3,5,10,At Risk,2,High-Value Active,1.434815837344989,0.7146525498321578,29.47157,6.969541
12410,309,2,693.3299999999999,1,2,3,6,At Risk,1,Dormant Customers,-1.29158546438639,1.7635439024447779,0.09592468,12.069258
12412,75,3,1226.88,2,3,4,9,At Risk,0,High-Spend Watchlist,0.38051133003686294,0.018086947376656736,23.98582,-32.103268
12413,67,3,758.1,3,3,3,9,Needs Attention,0,High-Spend Watchlist,0.18441113833350098,-0.1965070627639703,21.43157,-44.872917
12414,218,3,562.41,1,3,3,7,At Risk,1,Dormant Customers,-0.6910162502731269,1.0336014352473704,10.198947,-4.298509
12415,25,21,124914.53,4,5,5,14,Champions,2,High-Value Active,4.435443347999159,1.7317865892978044,3.4493701,62.19554
12417,4,9,3649.1,5,5,5,15,Champions,2,High-Value Active,2.09228365140319,0.1338590008103401,28.649284,39.818436
12418,113,1,668.58,2,1,3,6,At Risk,0,High-Spend Watchlist,-0.7321566478655174,-0.14129041959434788,-34.81542,-2.5158598
12420,64,1,600.39,3,1,3,7,Needs Attention,0,High-Spend Watchlist,-0.5477389049752467,-0.6018785871098393,-39.360332,-15.661906
12421,16,4,807.04,4,4,3,11,Loyal Customers,0,High-Spend Watchlist,0.665197796689241,-0.5239648291643627,50.65791,-18.012072
12422,96,3,803.5600000000001,2,3,3,8,At Risk,0,High-Spend Watchlist,0.07262715459220567,0.07445984461004906,19.650927,-30.955887
12423,1,8,1859.31,5,5,4,14,Champions,2,High-Value Active,1.681535806054783,-0.14210596816491405,43.17651,39.970264
12424,163,2,1760.96,2,2,4,8,At Risk,0,High-Spend Watchlist,-0.13125716729810777,0.7675936953916953,2.1120338,-15.992256
12425,79,1,777.2,2,1,3,6,At Risk,0,High-Spend Watchlist,-0.49442163956937163,-0.39323807499150293,-34.475163,-12.008697
12426,195,1,582.73,1,1,3,5,At Risk,1,Dormant Customers,-1.1955040879449779,0.5341411723591754,-26.710226,11.750404
12427,22,3,825.8,4,3,3,10,Potential Loyalists,0,High-Spend Watchlist,0.44363240069576176,-0.5641233643072302,31.139652,-48.910496
12428,26,9,7956.46,4,5,5,14,Champions,2,High-Value Active,2.366405831373072,0.5605982069213136,20.73671,37.149357
12429,10,4,3750.4,5,4,5,14,Champions,2,High-Value Active,1.4436854913117578,-0.1145546771863632,35.08189,6.0131803
12430,44,1,256.4,3,1,2,6,Needs Attention,0,High-Spend Watchlist,-0.8653382197725352,-1.03197151816093,-60.05379,-9.824167
12431,36,15,6419.95,3,5,5,13,Loyal Customers,2,High-Value Active,2.642525495271603,0.7930468371856504,15.58795,51.586746
12432,43,5,5059.32,3,4,5,12,Loyal Customers,2,High-Value Active,1.5967752549695873,0.34521626376146897,32.327026,9.86822
12433,1,7,13375.87,5,5,5,15,Champions,2,High-Value Active,2.5370486741419436,0.39883940755771136,20.841852,31.021978
12434,85,2,806.14,2,2,3,7,At Risk,0,High-Spend Watchlist,-0.13534113504090106,-0.14900515845336537,-6.5190773,-26.797314
12435,80,2,7829.89,2,2,5,9,At Risk,2,High-Value Active,0.998129613783693,0.4908736970406159,28.785505,6.5927076
12436,100,1,509.01,2,1,3,6,At Risk,0,High-Spend Watchlist,-0.8022103212944202,-0.33680633206857574,-37.171963,-4.0363817
12437,2,18,4951.41,5,5,5,15,Champions,2,High-Value Active,2.8370238260495744,0.4943846067168531,17.836975,56.33838
12438,15,2,2906.85,4,2,5,11,Potential Loyalists,0,High-Spend Watchlist,0.828701382420542,-0.3752675159894451,6.6113024,-32.059628
12441,367,1,173.55,1,1,1,3,Lost Customers,1,Dormant Customers,-2.616241974702332,1.6743143524603687,-20.682255,54.017338
12442,4,1,172.06,5,1,1,7,New Customers,0,High-Spend Watchlist,-0.8657931031686613,-1.501011935556928,-73.20735,-12.544918
12444,22,5,5005.46,4,4,5,13,Champions,2,High-Value Active,1.6930591921262008,0.15844984977299456,32.064083,10.825216
12445,23,1,133.4,4,1,1,6,New Customers,0,High-Spend Watchlist,-1.0810534441541586,-1.4109998512604203,-74.13602,-4.075046
12446,58,1,1002.3100000000001,3,1,4,8,Needs Attention,0,High-Spend Watchlist,-0.2688796078754325,-0.5003523219874266,-31.935865,-15.140888
12447,244,1,476.49,1,1,2,4,Lost Customers,1,Dormant Customers,-1.5304280616845352,0.9019835240250846,-22.884531,18.73678
12448,45,1,449.45,3,1,2,6,Needs Attention,0,High-Spend Watchlist,-0.5969801466225896,-0.8548833590602801,-46.508064,-17.445248
12449,23,4,4067.29,4,4,5,13,Champions,2,High-Value Active,1.4204354520667815,0.023465084431496343,34.338684,6.0689025
12450,157,2,197.88,2,2,1,5,Needs Attention,1,Dormant Customers,-1.1672044016693628,0.058902311998580974,-11.9793625,-5.501705
12451,11,5,9035.52,5,4,5,14,Champions,2,High-Value Active,2.034520667894676,0.2399581764404184,22.181765,29.92058
12452,17,2,430.57,4,2,2,8,Potential Loyalists,0,High-Spend Watchlist,-0.11228133104377115,-0.9316872944113341,-13.9500675,-55.019962
12453,135,1,707.09,2,1,3,6,At Risk,0,High-Spend Watchlist,-0.8111989495738262,0.06781973689184093,-33.566936,-0.81441665
12454,57,1,3528.34,3,1,5,9,Needs Attention,0,High-Spend Watchlist,0.34998671754882404,-0.13070995556040485,-25.65708,-14.692616
12455,74,6,2466.86,2,4,5,11,At Risk,2,High-Value Active,1.237146281946536,0.46888888826418906,43.110004,14.646427
12456,45,3,3181.04,3,3,5,11,Needs Attention,2,High-Value Active,0.9903812158097152,0.042334398745171926,24.156166,-16.921595
12457,67,7,2363.23,3,5,5,13,Loyal Customers,2,High-Value Active,1.3719764281033875,0.4543460580208033,39.900265,19.726236
12458,72,2,947.4,3,2,4,9,Needs Attention,0,High-Spend Watchlist,0.0062298640264553985,-0.21411249718408765,-4.71277,-30.34649
12461,95,2,826.88,2,2,3,7,At Risk,0,High-Spend Watchlist,-0.17129257046567942,-0.05396933228529168,-5.6188865,-26.076946
12462,19,2,1189.59,4,2,4,10,Potential Loyalists,0,High-Spend Watchlist,0.3734412516809886,-0.6089345234623015,3.0083697,-38.39959
12463,54,4,1344.78,3,4,4,11,Loyal Customers,2,High-Value Active,0.730544931236622,-0.038374140587196105,38.46137,-9.272082
12464,11,8,1212.05,5,5,4,14,Champions,2,High-Value Active,1.424451546826394,-0.18333788346546548,52.8192,38.023758
12465,18,2,742.1899999999999,4,2,3,9,Potential Loyalists,0,High-Spend Watchlist,0.14822012353628594,-0.759440586026522,-1.7484577,-47.49981
12468,188,2,729.5400000000001,1,2,3,6,At Risk,1,Dormant Customers,-0.6818901829342964,0.7212545157747423,0.9839606,-2.5997384
12471,3,30,19788.65,5,5,5,15,Champions,2,High-Value Active,3.9554944167322232,1.1381578645282397,6.951974,62.909218
12472,33,7,6572.11,4,5,5,14,Champions,2,High-Value Active,2.035500629180347,0.46478066973348137,24.075447,30.076012
12473,30,5,3928.0499999999997,4,4,5,13,Champions,2,High-Value Active,1.5360888566205364,0.15547270745260325,33.116283,11.095961
12474,18,18,7324.09,4,5,5,14,Champions,2,High-Value Active,2.9507724087599714,0.7519834556751805,13.561777,55.799686
12475,54,1,723.38,3,1,3,7,Needs Attention,0,High-Spend Watchlist,-0.40856550639759126,-0.6333063810244464,-38.94671,-18.20476
12476,16,11,6816.42,4,5,5,14,Champions,2,High-Value Active,2.5057467403225573,0.5079796349645525,20.40793,39.695885
12477,23,6,13219.74,4,4,5,13,Champions,2,High-Value Active,2.3030393322550355,0.5280505029073548,21.195883,30.126904
12478,4,1,680.99,5,1,3,9,New Customers,0,High-Spend Watchlist,-0.19631803259715727,-1.088464154240901,-41.972595,-24.291111
12479,12,1,527.2,5,1,3,9,New Customers,0,High-Spend Watchlist,-0.3597364996833469,-1.095414801317651,-44.609146,-24.145342
12480,29,4,3281.63,4,4,5,13,Champions,2,High-Value Active,1.2866811909639562,0.011356279778877643,36.89395,2.903713
12481,23,10,5579.82,4,5,5,14,Champions,2,High-Value Active,2.2947483992145705,0.47015241873620356,21.590681,40.39457
12483,18,8,2484.98,4,5,5,14,Champions,2,High-Value Active,1.7408971139572198,0.09369704393519952,37.439465,36.081688
12484,33,6,4527.32,4,4,5,13,Champions,2,High-Value Active,1.7316515753607291,0.29313667722401404,29.1802,23.941635
12488,10,3,1298.66,5,3,4,12,Potential Loyalists,0,High-Spend Watchlist,0.7224370920395777,-0.5329447646377921,36.54987,-38.90476
12489,337,1,334.93,1,1,2,4,Lost Customers,1,Dormant Customers,-2.1516252804312286,1.6090530461212018,-14.456751,31.85925
12490,6,10,5417.93,5,5,5,15,Champions,2,High-Value Active,2.3625506954904627,0.3127108947242652,22.763908,39.77858
12491,39,1,460.40000000000003,3,1,2,6,Needs Attention,0,High-Spend Watchlist,-0.5562527596570468,-0.9001001102275955,-47.106213,-19.199348
12492,64,2,263.21000000000004,3,2,2,7,Needs Attention,0,High-Spend Watchlist,-0.5790068999257427,-0.6685024856471589,-25.311787,-45.806892
12493,166,2,433.74,2,2,2,6,Needs Attention,1,Dormant Customers,-0.8289302911704396,0.3728265553596583,-6.859576,-10.200203
12494,16,7,1246.1000000000001,4,5,4,13,Champions,2,High-Value Active,1.306241595984049,-0.18383057440836295,53.146935,35.393757
12497,82,1,1043.1,2,1,4,7,At Risk,0,High-Spend Watchlist,-0.36543423603929753,-0.2785957067796114,-31.612417,-12.891988
12498,22,3,403.70000000000005,4,3,2,9,Potential Loyalists,0,High-Spend Watchlist,0.09487028269011302,-0.7790395640508342,20.728973,-56.79287
12500,24,11,4257.82,4,5,5,14,Champions,2,High-Value Active,2.2373950411808434,0.4363664276615173,24.016726,45.12747
12501,337,1,2169.39,1,1,5,7,At Risk,1,Dormant Customers,-1.2408037485740755,2.1703247329395983,-11.60157,18.47034
12502,96,5,3723.87,2,4,5,11,At Risk,2,High-Value Active,1.1910125655291963,0.7162819849617007,40.577274,12.732807
12504,19,2,482.04999999999995,4,2,2,8,Potential Loyalists,0,High-Spend Watchlist,-0.0669358079049289,-0.8803062098188315,-10.6191225,-53.86358
12506,233,1,73.5,1,1,1,3,Lost Customers,1,Dormant Customers,-2.3841660002937135,0.2469791883004706,-46.324093,30.315113
12507,135,3,1304.81,2,3,4,9,At Risk,0,High-Spend Watchlist,0.12052890727784295,0.5610192422284713,20.970812,-25.107014
12508,27,2,397.88,4,2,2,8,Potential Loyalists,0,High-Spend Watchlist,-0.19907164957345816,-0.8679796974058649,-16.888174,-52.41466
12509,285,1,176.5,1,1,1,3,Lost Customers,1,Dormant Customers,-2.211696832978983,0.9626472697627496,-30.36312,35.44337
12510,143,2,982.5699999999999,2,2,4,8,At Risk,0,High-Spend Watchlist,-0.3191872660533223,0.41740627499312216,-0.59300643,-15.472691
12512,67,2,132.18,3,2,1,6,Needs Attention,0,High-Spend Watchlist,-0.9279303383088943,-0.8483610871724484,-30.880959,-48.488846
12513,113,1,612.29,2,1,3,6,At Risk,0,High-Spend Watchlist,-0.7750248436145439,-0.1677069059172589,-35.367737,-2.3773403
12514,268,1,1017.68,1,1,4,6,At Risk,1,Dormant Customers,-1.276535275594106,1.3396948619309814,-15.732048,18.78376
12515,354,1,383.7,1,1,2,4,Lost Customers,1,Dormant Customers,-2.1676204028555364,1.7984194849928965,-10.682569,50.26147
12516,78,2,1312.06,2,2,4,8,At Risk,0,High-Spend Watchlist,0.13605089960494265,-0.06379941544329033,-1.255339,-29.786192
12517,29,5,2481.6,4,4,5,13,Champions,2,High-Value Active,1.3168045812422942,0.008625086471147434,54.41072,10.418104
12518,1,5,2056.89,5,4,5,14,Champions,2,High-Value Active,1.3605538607637977,-0.2925475552643821,61.046272,8.01063
12519,64,1,330.84,3,1,2,6,Needs Attention,0,High-Spend Watchlist,-0.838004650366533,-0.7807478154307587,-50.421906,-7.6072736
12520,80,5,2634.26,2,4,5,11,At Risk,2,High-Value Active,1.0994179667224773,0.4723349914772015,41.90065,11.168576
12521,143,1,599.68,2,1,3,6,At Risk,0,High-Spend Watchlist,-0.9301780733412057,0.08825375773658027,-34.16746,0.66476566
12522,40,2,192.72,3,2,1,6,Needs Attention,0,High-Spend Watchlist,-0.6144943400885498,-0.9716268241998416,-28.607725,-50.28633
12523,20,11,1789.77,4,5,4,13,Champions,2,High-Value Active,1.8337991096179058,0.14078420906499356,41.011234,46.39912
12524,10,8,4485.72,5,5,5,15,Champions,2,High-Value Active,2.0678135020246327,0.20139932093150256,29.041502,33.89728
12526,1,3,1316.66,5,3,4,12,Potential Loyalists,0,High-Spend Watchlist,0.7726551685190214,-0.6074701164767119,37.294586,-38.573475
12527,82,3,348.71000000000004,2,3,2,7,At Risk,0,High-Spend Watchlist,-0.26644616989917885,-0.298551908313966,16.313038,-49.81041
12528,10,6,1933.48,5,5,4,14,Champions,2,High-Value Active,1.4276257789138482,-0.16374891021332255,52.37858,24.189684
12530,60,4,1662.28,3,4,4,11,Loyal Customers,2,High-Value Active,0.8049473712048538,0.07778857519128998,37.452618,-7.2299247
12531,15,1,125.22,4,1,1,6,New Customers,0,High-Spend Watchlist,-1.0730384422061767,-1.4998128219340081,-75.8309,-3.0474792
12532,31,1,349.83000000000004,4,1,2,7,New Customers,0,High-Spend Watchlist,-0.6513259617390456,-1.0524386873380553,-54.074802,-19.042774
12534,131,1,1089.18,2,1,4,7,At Risk,0,High-Spend Watchlist,-0.5812024662607874,0.1626734829871945,-31.42134,-2.7429101
12535,92,2,716.35,2,2,3,7,At Risk,0,High-Spend Watchlist,-0.22674940703834584,-0.12330027130342334,-7.356893,-24.465763
12536,44,3,12601.830000000002,3,3,5,11,Needs Attention,2,High-Value Active,1.6671417384095668,0.4476526605800324,29.823683,6.9194326
12538,30,1,363.95,4,1,2,7,New Customers,0,High-Spend Watchlist,-0.6272294716332146,-1.0493088121750502,-53.53842,-19.655508
12539,23,4,5568.35,4,4,5,13,Champions,2,High-Value Active,1.5737502891652138,0.11794163578955151,32.574387,7.36504
12540,20,17,13400.24,4,5,5,14,Champions,2,High-Value Active,3.186612116476005,0.9270666718808467,8.183019,56.791527
12541,30,3,981.18,4,3,4,11,Potential Loyalists,0,High-Spend Watchlist,0.4890326710983419,-0.4423945270610391,31.04872,-44.35599
12544,37,1,372.7,3,1,2,6,Needs Attention,0,High-Spend Watchlist,-0.6494990116749609,-0.9809988576743883,-52.41605,-18.241768
12545,76,2,1000.39,2,2,4,8,At Risk,0,High-Spend Watchlist,0.013436263291183912,-0.1627957176978286,-4.1682615,-29.711706
12546,47,2,1161.5,3,2,4,9,Needs Attention,0,High-Spend Watchlist,0.2264418016047482,-0.3713872961077672,-1.0048711,-33.731983
12547,198,2,207.79999999999998,1,2,1,4,Lost Customers,1,Dormant Customers,-1.341624052509667,0.4318995400372924,-9.971662,-2.7703443
12548,167,1,95.19999999999999,2,1,1,4,Needs Attention,1,Dormant Customers,-1.9403487445407988,-0.2529833636369594,-49.195347,21.67156
12550,80,1,964.83,2,1,4,7,At Risk,0,High-Spend Watchlist,-0.393806938568625,-0.31951770216487463,-32.32191,-12.885536
12551,358,1,168.0,1,1,1,3,Lost Customers,1,Dormant Customers,-2.5885128945076774,1.585930701889886,-21.07952,53.00107
12552,39,2,437.82,3,2,2,7,Needs Attention,0,High-Spend Watchlist,-0.21048995069665027,-0.7343879166854062,-16.514965,-49.445637
12553,9,10,3692.28,5,5,5,15,Champions,2,High-Value Active,2.16089046719126,0.22359967612653833,27.50114,42.57895
12556,51,2,599.56,3,2,3,8,Needs Attention,0,High-Spend Watchlist,-0.11531737380538448,-0.5351120916048591,-10.021414,-40.752827
12557,17,5,11990.960000000001,4,4,5,13,Champions,2,High-Value Active,2.1436542417722206,0.3775231114600859,21.58971,30.076036
12558,8,1,269.96,5,1,2,8,New Customers,0,High-Spend Watchlist,-0.6662619498174244,-1.331179689135048,-63.787155,-19.691345
12559,311,2,561.71,1,2,3,6,At Risk,1,Dormant Customers,-1.4038594353325822,1.7177957951744294,-0.5199816,12.707049
12560,6,3,2134.01,5,3,5,13,Potential Loyalists,2,High-Value Active,0.9840878486748119,-0.41858484004187857,36.96851,-33.654377
12561,303,1,238.85,1,1,1,3,Lost Customers,1,Dormant Customers,-2.151741030939414,1.21053562712509,-22.617329,39.17356
12562,9,7,3781.7400000000002,5,5,5,15,Champions,2,High-Value Active,1.8817726971763982,0.08879349473621324,31.759007,30.309278
12564,262,1,456.9,1,1,2,4,Lost Customers,1,Dormant Customers,-1.637885625569419,1.0467074534486487,-22.140385,20.982304
12565,289,1,145.92,1,1,1,3,Lost Customers,1,Dormant Customers,-2.3233373893276195,0.9407274942080524,-31.18819,37.860855
12566,87,1,351.65,2,1,2,5,Needs Attention,0,High-Spend Watchlist,-0.9194873235210035,-0.5614224760199957,-46.051563,-3.797348
12567,23,10,9401.28,4,5,5,14,Champions,2,High-Value Active,2.549389778565434,0.6270689951708915,19.366753,38.057354
12569,3,32,4124.69,5,5,5,15,Champions,2,High-Value Active,3.2471600592076553,0.694362008311344,14.625058,62.807034
12571,40,2,519.61,3,2,3,8,Needs Attention,0,High-Spend Watchlist,-0.13188833011959433,-0.674232570979164,-10.773439,-46.23946
12572,9,2,1020.42,5,2,4,11,Potential Loyalists,0,High-Spend Watchlist,0.34696256786224955,-0.7424413970425239,3.2331812,-41.342747
12573,228,1,160.54000000000002,1,1,1,3,Lost Customers,1,Dormant Customers,-1.9821708074687256,0.43610396648887434,-37.931744,27.96873
12574,316,1,218.45,1,1,1,3,Lost Customers,1,Dormant Customers,-2.257972913988369,1.297419839331647,-22.332453,40.522076
12576,36,5,1315.83,3,4,4,11,Loyal Customers,2,High-Value Active,0.973425600899495,-0.12094086655487954,61.829224,-0.71870935
12577,36,3,626.6,3,3,3,9,Needs Attention,0,High-Spend Watchlist,0.24138968219065027,-0.5246844990761613,24.26245,-50.5113
12578,22,2,2794.51,4,2,5,11,Potential Loyalists,0,High-Spend Watchlist,0.7756315608730061,-0.32593748823687774,6.3241096,-32.032085
12579,79,1,440.42,2,1,2,5,Needs Attention,0,High-Spend Watchlist,-0.7712117557142988,-0.5638032734959317,-43.014126,-7.7202654
12580,247,1,415.7,1,1,2,4,Lost Customers,1,Dormant Customers,-1.6114075446170386,0.8872388889449413,-24.007214,19.850315
12581,40,1,197.71,3,1,1,5,Needs Attention,0,High-Spend Watchlist,-0.9723363085525917,-1.1447825069359414,-65.06249,-8.147868
12582,239,2,511.36,1,2,3,6,At Risk,1,Dormant Customers,-1.1015930981275956,1.0602919054985465,-2.960109,2.4192274
12583,3,15,7281.38,5,5,5,15,Champions,2,High-Value Active,2.863495130476339,0.542486929748164,13.460355,50.91607
12584,4,9,2338.15,5,5,5,15,Champions,2,High-Value Active,1.8750608470227668,7.140157495424042e-07,37.96189,41.934265
12585,235,2,2040.1,1,2,4,7,At Risk,1,Dormant Customers,-0.4074913681436272,1.4411392579693738,5.808109,2.547963
12586,18,1,196.94000000000003,4,1,1,6,New Customers,0,High-Spend Watchlist,-0.8678902155660246,-1.338238192942872,-69.29871,-13.1458645
12587,8,1,144.0,5,1,1,7,New Customers,0,High-Spend Watchlist,-0.9714887449848357,-1.5192683016610133,-74.57797,-10.388634
12588,40,1,214.89999999999998,3,1,1,5,Needs Attention,0,High-Spend Watchlist,-0.9318327858881419,-1.1198231930716658,-63.121845,-8.861322
12589,29,2,646.68,4,2,3,9,Potential Loyalists,0,High-Spend Watchlist,0.02789816389204668,-0.704677047244985,-6.3311453,-45.94786
12590,212,2,9864.26,1,2,5,8,At Risk,2,High-Value Active,0.4728222126058732,1.7140740983046154,8.336883,4.7664
12591,318,1,452.84999999999997,1,1,2,4,Lost Customers,1,Dormant Customers,-1.9129099611991218,1.5334945235207167,-14.191519,26.85122
12592,93,2,437.6,2,2,2,6,Needs Attention,0,High-Spend Watchlist,-0.4717546846031428,-0.262559830969261,-11.028387,-17.504597
12593,109,3,418.09999999999997,2,3,2,7,At Risk,0,High-Spend Watchlist,-0.30859343097983305,-0.008111064217291148,13.155151,-23.21146
12594,38,10,3338.2200000000003,3,5,5,13,Loyal Customers,2,High-Value Active,1.971515701436049,0.4467531452151094,31.595613,45.190243
12596,52,2,618.27,3,2,3,8,Needs Attention,0,High-Spend Watchlist,-0.10517437389256021,-0.5171427111547613,-9.928357,-40.101208
12597,20,4,3811.22,4,4,5,13,Champions,2,High-Value Active,1.4031996259866706,-0.02231308351048449,34.640846,5.8871045
12598,10,8,3023.08,5,5,5,15,Champions,2,High-Value Active,1.8752201938121367,0.0827183640266363,34.09722,36.06461
12599,30,7,1032.58,4,5,4,13,Champions,2,High-Value Active,1.1468937824538632,-0.11795876394146787,55.599804,35.264996
12600,29,10,2599.04,4,5,5,14,Champions,2,High-Value Active,1.892871953898126,0.29281981848428096,33.924427,46.054
12601,190,5,577.0600000000001,1,4,3,8,At Risk,1,Dormant Customers,-0.17288342183528085,0.9774003997379919,14.673339,-3.4102952
12602,59,1,153.12,3,1,1,5,Needs Attention,0,High-Spend Watchlist,-1.1882298295620033,-1.0551606044781936,-64.620995,-0.14735928
12603,22,1,739.1999999999999,4,1,3,8,New Customers,0,High-Spend Watchlist,-0.24334029838944846,-0.9064984375764948,-40.340454,-22.951462
12604,80,2,254.18,2,2,2,6,Needs Attention,0,High-Spend Watchlist,-0.6733225372322194,-0.5391181679124298,-26.440432,-44.23248
12607,61,1,1579.51,3,1,4,8,Needs Attention,0,High-Spend Watchlist,-0.06153189436436141,-0.33742231253700494,-28.71108,-14.735097
12609,79,3,1126.85,2,3,4,9,At Risk,0,High-Spend Watchlist,0.31969318808739794,0.027485252543924994,23.096617,-31.839922
12610,23,5,2099.54,4,4,5,13,Champions,2,High-Value Active,1.2642265227322511,-0.0940888833495774,54.80149,8.4481735
12611,53,1,1193.32,3,1,4,8,Needs Attention,0,High-Spend Watchlist,-0.15963522519066706,-0.4916281330229331,-30.602638,-15.363334
12612,75,1,704.0400000000001,2,1,3,6,At Risk,0,High-Spend Watchlist,-0.5232841064191008,-0.4578998810918153,-35.46264,-12.022987
12613,58,5,3344.38,3,4,5,12,Loyal Customers,2,High-Value Active,1.322237783002131,0.35182424256702033,39.360867,11.096804
12614,278,1,315.6,1,1,2,4,Lost Customers,1,Dormant Customers,-1.8953680188595021,1.0755442136647575,-22.784784,27.516722
12615,3,4,2291.19,5,4,5,14,Champions,2,High-Value Active,1.2370347723984145,-0.32393119126719355,41.69531,0.75905997
12616,96,2,713.3,2,2,3,7,At Risk,0,High-Spend Watchlist,-0.24816425461365232,-0.08962064128155743,-7.2381334,-23.848375
12617,30,1,352.98,4,1,2,7,New Customers,0,High-Spend Watchlist,-0.6421286180521903,-1.0584900499370538,-54.05927,-19.390001
12618,22,1,177.31,4,1,1,6,New Customers,0,High-Spend Watchlist,-0.9382104406326409,-1.3346953161256316,-70.59506,-10.52086
12619,17,9,3641.24,4,5,5,14,Champions,2,High-Value Active,2.02839316282023,0.24683507082104397,28.379969,39.14461
12620,15,3,1339.41,4,3,4,11,Potential Loyalists,0,High-Spend Watchlist,0.7133400054225245,-0.4799556103970421,35.88903,-38.488605
12621,2,20,13689.67,5,5,5,15,Champions,2,High-Value Active,3.42481522370288,0.8449076913437578,8.245057,58.647438
12622,233,1,180.1,1,1,1,3,Lost Customers,1,Dormant Customers,-1.9505423155097956,0.5141892711658026,-36.508076,27.64803
12623,277,1,305.1,1,1,2,4,Lost Customers,1,Dormant Customers,-1.9069992225600554,1.0566577637108625,-23.232872,27.70614
12624,107,2,641.13,2,2,3,7,At Risk,0,High-Spend Watchlist,-0.3533318611136263,-0.02551859978085398,-7.3129807,-20.86899
12625,212,2,2683.82,1,2,5,8,At Risk,1,Dormant Customers,-0.16249467998453998,1.3225754660298925,6.5020385,2.7871187
12626,24,9,6620.48,4,5,5,14,Champions,2,High-Value Active,2.2863506527237867,0.48782813863020524,21.337042,37.40757
12627,11,7,4478.53,5,5,5,15,Champions,2,High-Value Active,1.9546412074599169,0.15713495288233129,29.087769,30.172146
12628,5,3,786.46,5,3,3,11,Potential Loyalists,0,High-Spend Watchlist,0.5020065699550507,-0.7273747430152441,32.49923,-52.45725
12630,10,2,1270.88,5,2,4,11,Potential Loyalists,0,High-Spend Watchlist,0.4491872925936577,-0.6677288861256998,4.160295,-38.570095
12631,58,1,640.5,3,1,3,7,Needs Attention,0,High-Spend Watchlist,-0.48721725318688985,-0.63489760247728,-39.271004,-17.03433
12633,59,4,2163.98,3,4,5,12,Loyal Customers,2,High-Value Active,0.9384741861322764,0.14835223496901015,35.055477,-3.964478
12635,90,2,1689.18,2,2,4,8,At Risk,0,High-Spend Watchlist,0.20129893171153898,0.11703613441196895,-0.09732056,-28.053665
12637,68,8,6002.9,3,5,5,13,Loyal Customers,2,High-Value Active,1.9296586566899783,0.795966901425778,23.1538,27.457363
12638,34,1,671.69,3,1,3,7,Needs Attention,0,High-Spend Watchlist,-0.34803197208808645,-0.8303841113623177,-40.71917,-21.303696
12639,239,1,486.1,1,1,2,4,Lost Customers,1,Dormant Customers,-1.4965320180639576,0.8642761258055439,-23.06815,18.241049
12640,24,3,1174.58,4,3,4,11,Potential Loyalists,0,High-Spend Watchlist,0.6057810274585347,-0.4407651989105934,33.896072,-41.589645
12641,116,1,185.9,2,1,1,4,Needs Attention,0,High-Spend Watchlist,-1.3696096645699434,-0.4989483785757374,-49.49571,10.870599
12642,26,3,1013.26,4,3,4,11,Potential Loyalists,0,High-Spend Watchlist,0.5240574875436042,-0.4676873437303371,32.02576,-44.102886
12643,129,6,3344.64,2,5,5,12,At Risk,2,High-Value Active,1.1198482675843116,1.0411519771970583,23.606735,0.64411837
12644,130,1,477.91,2,1,2,5,Needs Attention,0,High-Spend Watchlist,-0.9779363639468805,-0.09352316560775775,-36.29696,1.6204258
12645,34,4,1775.18,3,4,4,11,Loyal Customers,2,High-Value Active,0.962683918436309,-0.12970417102768178,41.181015,-4.9553123
12646,5,2,1346.97,5,2,4,11,Potential Loyalists,0,High-Spend Watchlist,0.5017206859472443,-0.693951469420915,4.699231,-38.51801
12647,23,12,3722.82,4,5,5,14,Champions,2,High-Value Active,2.249787194351052,0.42293530801926954,24.9828,47.075985
12648,155,1,318.05,2,1,2,5,Needs Attention,1,Dormant Customers,-1.2970594238005348,0.0028000522401030255,-36.814713,7.979073
12649,108,3,623.51,2,3,3,8,At Risk,0,High-Spend Watchlist,-0.10904637448864403,0.10313596881259403,15.406885,-24.29237
12650,4,1,314.44,5,1,2,8,New Customers,0,High-Spend Watchlist,-0.5727255042150619,-1.3204161329070825,-59.192215,-23.558752
12651,335,1,114.0,1,1,1,3,Lost Customers,1,Dormant Customers,-2.6652697241939434,1.2690941052522207,-29.098358,45.46442
12652,332,1,919.98,1,1,3,5,At Risk,1,Dormant Customers,-1.6351125315576898,1.8687464918318077,-12.296172,20.28781
12653,149,2,2209.85,2,2,5,9,At Risk,0,High-Spend Watchlist,0.04720663757854658,0.7135016511391117,2.535816,-16.381073
12654,11,5,601.98,5,4,3,12,Loyal Customers,0,High-Spend Watchlist,0.7129534910467821,-0.5744255558817731,66.578,-10.05301
12656,18,5,4051.17,4,4,5,13,Champions,2,High-Value Active,1.6091559367103683,0.059870492141679846,32.4454,11.709939
12657,12,4,1643.18,5,4,4,13,Champions,2,High-Value Active,1.0313267446284073,-0.34522275217320925,45.023514,-3.5419292
12658,19,1,686.05,4,1,3,8,New Customers,0,High-Spend Watchlist,-0.2652149242159168,-0.9551351533979294,-41.156097,-23.254719
12659,30,1,91.68,4,1,1,6,New Customers,0,High-Spend Watchlist,-1.2963291428380157,-1.4616252627326238,-75.01909,1.9575408
12660,12,1,245.1,5,1,1,7,New Customers,0,High-Spend Watchlist,-0.73257565674912,-1.325167892652206,-64.64467,-18.459406
12662,1,11,3849.78,5,5,5,15,Champions,2,High-Value Active,2.2994027253641356,0.205040098453845,26.041384,44.290306
12664,9,9,4881.88,5,5,5,15,Champions,2,High-Value Active,2.2101653119261924,0.2650957294711501,24.384146,38.689663
12665,325,1,63.0,1,1,1,3,Lost Customers,1,Dormant Customers,-2.9030285945779193,1.0053909390316804,-32.12155,46.29964
12667,59,1,620.13,3,1,3,7,Needs Attention,0,High-Spend Watchlist,-0.5078038464676895,-0.63586458881669,-39.39469,-16.620287
12668,12,4,3807.15,5,4,5,14,Champions,2,High-Value Active,1.4413477788091469,-0.09255723051342941,34.94027,6.038979
12669,151,3,2744.0299999999997,2,3,5,10,At Risk,2,High-Value Active,0.40589007708240027,0.9243701873644228,22.129751,-8.707634
12670,11,5,2996.05,5,4,5,14,Champions,2,High-Value Active,1.4957458022825567,-0.09204877229835554,57.331352,11.454997
12672,330,1,225.89999999999998,1,1,1,3,Lost Customers,1,Dormant Customers,-2.3093469567144176,1.4298278683130663,-21.330769,41.532127
12673,6,2,610.52,5,2,3,10,Potential Loyalists,0,High-Spend Watchlist,0.1110279731678437,-0.922987378954567,-3.2354124,-52.371834
12674,39,4,1970.6,3,4,4,11,Loyal Customers,2,High-Value Active,0.9894715604843843,-0.05460192274552275,40.031124,-4.622978
12676,25,6,1331.39,4,5,4,13,Champions,2,High-Value Active,1.1730963541979345,-0.1448114573691879,57.961353,28.252245
12678,43,12,17628.46,3,5,5,13,Loyal Customers,2,High-Value Active,2.912141774474708,1.0654753129935113,8.192635,50.52063
12679,59,4,1113.02,3,4,4,11,Loyal Customers,0,High-Spend Watchlist,0.6141115388412907,-0.05152838249364838,40.10913,-14.056406
12680,1,4,862.81,5,4,3,12,Loyal Customers,0,High-Spend Watchlist,0.7702849136083638,-0.6349924810710003,52.07358,-15.399805
12681,15,22,13787.54,4,5,5,14,Champions,2,High-Value Active,3.448526978807371,1.0012415930764125,8.434426,59.3643
12682,4,31,12279.82,5,5,5,15,Champions,2,High-Value Active,3.74673321687402,1.0175247923041222,8.878851,62.944447
12683,5,15,8476.57,5,5,5,15,Champions,2,High-Value Active,2.9280141499248358,0.6056832165943767,12.325398,51.306942
12684,8,7,2283.63,5,5,5,15,Champions,2,High-Value Active,1.6404456207039042,-0.07163746800830663,40.951237,32.10209
12685,29,6,2863.08,4,5,5,14,Champions,2,High-Value Active,1.5273504530296145,0.12036505306262403,46.932228,21.2253
12686,372,1,89.14,1,1,1,3,Lost Customers,1,Dormant Customers,-2.963021156632183,1.5192151023150997,-26.829363,52.89544
12688,114,1,4873.8099999999995,2,1,5,8,At Risk,0,High-Spend Watchlist,0.2321324545318355,0.46464836395137193,-24.752512,-13.783685
12689,26,2,1247.61,4,2,4,10,Potential Loyalists,0,High-Spend Watchlist,0.3628337673862246,-0.5334381098454034,2.7662032,-37.297405
12690,206,1,389.01,1,1,2,4,Lost Customers,1,Dormant Customers,-1.445540239499899,0.5089714851995718,-29.91397,15.024935
12691,29,6,1035.8,4,5,4,13,Champions,2,High-Value Active,1.0313094343333107,-0.18530819856451788,60.16452,29.89713
12693,128,4,855.91,2,4,3,9,At Risk,0,High-Spend Watchlist,0.15248955961423513,0.47261944825493907,33.278152,-17.496092
12694,71,2,869.67,3,2,3,8,Needs Attention,0,High-Spend Watchlist,-0.030682105041919296,-0.24857760588260563,-5.690842,-30.971407
12695,8,4,582.1,5,4,3,12,Loyal Customers,0,High-Spend Watchlist,0.5445981434991224,-0.692033462900437,52.788597,-23.469748
12697,29,3,957.59,4,3,4,11,Potential Loyalists,0,High-Spend Watchlist,0.4819982264302751,-0.458448335706158,31.000706,-44.87271
12700,8,4,4939.99,5,4,5,14,Champions,2,High-Value Active,1.5878148229245017,-0.04917647621470763,33.43287,6.9925466
12701,80,2,797.71,2,2,3,7,At Risk,0,High-Spend Watchlist,-0.11629809973014,-0.1958653629437245,-6.764718,-27.41556
12702,20,1,219.0,4,1,1,6,New Customers,0,High-Spend Watchlist,-0.825975043641278,-1.2889709791197494,-67.62299,-14.419063
12703,72,1,283.55,3,1,2,6,Needs Attention,0,High-Spend Watchlist,-0.9517285848127736,-0.7570754115750122,-52.28641,-4.997633
12704,8,8,2340.84,5,5,5,15,Champions,2,High-Value Active,1.7600753005930043,-0.011674890144187416,37.2074,37.443134
12705,16,9,6868.29,4,5,5,14,Champions,2,High-Value Active,2.3429568087210733,0.42895828858321955,21.455143,37.531548
12707,292,1,603.42,1,1,3,5,At Risk,1,Dormant Customers,-1.647369620852749,1.3924332511862698,-15.283661,22.590641
12708,30,10,2712.91,4,5,5,14,Champions,2,High-Value Active,1.9089632773008518,0.3144547090723649,33.509277,45.910217
12709,16,15,9706.52,4,5,5,14,Champions,2,High-Value Active,2.9409802278886605,0.7425822770828431,11.157094,51.617462
12710,97,3,1149.02,2,3,4,9,At Risk,0,High-Spend Watchlist,0.24218948871748214,0.19066752476573814,22.190777,-29.575363
12712,29,13,4396.13,4,5,5,14,Champions,2,High-Value Active,2.3695940569786256,0.5584220570269487,21.157286,47.13692
12713,1,1,848.55,5,1,3,9,New Customers,0,High-Spend Watchlist,-0.07456835444481101,-1.0485958747994986,-39.722458,-24.046188
12714,10,5,4708.86,5,4,5,14,Champions,2,High-Value Active,1.721250190282788,0.03519383695783832,31.89896,11.592126
12715,107,1,343.36,2,1,2,5,Needs Attention,0,High-Spend Watchlist,-1.0277743502285683,-0.3937716776246294,-41.77845,2.1736674
12716,4,2,1053.49,5,2,4,11,Potential Loyalists,0,High-Spend Watchlist,0.38668608175909536,-0.7765577579869842,3.9344766,-41.229
12717,152,2,1030.98,2,2,4,8,At Risk,0,High-Spend Watchlist,-0.33923573530663126,0.5105229158455264,-0.1859294,-15.003754
12718,72,1,238.25,3,1,1,5,Needs Attention,0,High-Spend Watchlist,-1.03637852236567,-0.8092388833173969,-55.7564,-3.4268258
12719,6,2,644.95,5,2,3,10,Potential Loyalists,0,High-Spend Watchlist,0.13776761657252148,-0.906509721989141,-2.3873234,-51.733074
12720,3,25,5781.73,5,5,5,15,Champions,2,High-Value Active,3.1942803159309245,0.6896210449946127,14.271529,61.148487
12721,32,6,2656.13,4,5,5,14,Champions,2,High-Value Active,1.4762357541934543,0.12402386713244071,47.09319,20.670279
12722,86,4,997.63,2,4,4,10,At Risk,0,High-Spend Watchlist,0.4302213134832352,0.15156679631950762,36.08385,-14.626801
12723,4,5,725.07,5,4,3,12,Loyal Customers,0,High-Spend Watchlist,0.8374744115254046,-0.57972557619665,67.81978,-6.8924537
12724,6,4,1031.41,5,4,4,13,Champions,0,High-Spend Watchlist,0.8331576089584478,-0.5376536935466766,50.27684,-11.820393
12725,372,1,427.8,1,1,2,4,Lost Customers,1,Dormant Customers,-2.2016467152337476,1.9883936428715334,-9.302504,51.060455
12726,29,7,2609.1,4,5,5,14,Champions,2,High-Value Active,1.6039555080801748,0.15197544069188743,39.52948,28.185675
12727,11,7,3980.7,5,5,5,15,Champions,2,High-Value Active,1.8971293870972652,0.12169468791502852,30.988829,30.262354
12728,72,4,836.33,3,4,3,10,Loyal Customers,0,High-Spend Watchlist,0.4118928483475345,-0.02379371324640903,39.16182,-16.605736
12729,114,1,453.01,2,1,2,5,Needs Attention,0,High-Spend Watchlist,-0.9266626081882067,-0.24943099932801108,-37.338593,-0.12023034
12731,24,12,18895.91,4,5,5,14,Champions,2,High-Value Active,3.0378748356341685,0.9202942130263211,8.238826,50.646935
12732,180,1,236.26000000000002,2,1,1,4,Needs Attention,1,Dormant Customers,-1.562495851693358,0.13220635544148376,-40.74905,16.469837
12733,235,1,383.95,1,1,2,4,Lost Customers,1,Dormant Customers,-1.5920926794594257,0.75851317436439,-26.113384,18.725554
12734,353,1,110.39999999999999,1,1,1,3,Lost Customers,1,Dormant Customers,-2.7678027514075763,1.416852661007725,-25.337112,52.129814
12735,316,2,779.5699999999999,1,2,3,6,At Risk,1,Dormant Customers,-1.2682670021851006,1.8599463580806048,0.47072768,12.020852
12736,333,1,234.0,1,1,1,3,Lost Customers,1,Dormant Customers,-2.3067246938850587,1.466600782196711,-20.908348,41.533424
12738,373,1,155.35,1,1,1,3,Lost Customers,1,Dormant Customers,-2.6989994271916373,1.6936310947362505,-22.013979,54.08027
12739,79,2,1013.04,2,2,4,8,At Risk,0,High-Spend Watchlist,0.005063401890815416,-0.13279828255216883,-4.087114,-29.244509
12740,64,1,427.6,3,1,2,6,Needs Attention,0,High-Spend Watchlist,-0.7130941359341015,-0.7037747392740128,-44.67254,-10.978586
12743,135,2,540.13,2,2,3,7,At Risk,0,High-Spend Watchlist,-0.5722179244935419,0.16773024496260294,-6.7533736,-15.189472
12744,52,7,21279.29,3,5,5,13,Loyal Customers,2,High-Value Active,2.517168256123417,0.9842577177672895,20.275118,29.836744
12747,3,11,4196.01,5,5,5,15,Champions,2,High-Value Active,2.3317657546504544,0.24842103596060863,25.197905,44.076763
12748,1,209,33053.19,5,5,5,15,Champions,2,High-Value Active,5.962591160086572,2.128104238317698,4.5954165,67.41575
12749,4,5,4090.88,5,4,5,14,Champions,2,High-Value Active,1.6815884669175367,-0.059560754476818675,32.013596,12.26628
12750,129,1,275.88,2,1,2,5,Needs Attention,0,High-Spend Watchlist,-1.240588961985527,-0.26709546399605727,-41.086884,5.6154575
12752,82,1,4366.78,2,1,5,8,At Risk,0,High-Spend Watchlist,0.3331962337190812,0.15191838243442346,-25.088747,-14.237245
12753,23,6,21429.39,4,5,5,14,Champions,2,High-Value Active,2.5388403377250404,0.6733571557087734,20.358936,30.026358
12754,236,3,3010.74,1,3,5,9,At Risk,1,Dormant Customers,0.04029210392151086,1.695194526433469,7.214989,3.591989
12755,281,2,3811.95,1,2,5,8,At Risk,1,Dormant Customers,-0.3247726490543429,2.031186785665669,7.0067463,4.3592286
12756,87,1,112.07999999999998,2,1,1,4,Needs Attention,0,High-Spend Watchlist,-1.4747307840293324,-0.9035777970947609,-64.700516,7.523077
12757,16,13,7834.650000000001,4,5,5,14,Champions,2,High-Value Active,2.714467779981225,0.6185950929984404,12.017105,49.73272
12758,117,2,2791.59,2,2,5,9,At Risk,0,High-Spend Watchlist,0.3159196531408197,0.504081447007603,20.0311,-13.930989
12759,53,3,1531.44,3,3,4,10,Needs Attention,0,High-Spend Watchlist,0.5950192870100179,-0.10754578331632607,29.841719,-34.017166
12762,8,2,1898.52,5,2,4,11,Potential Loyalists,0,High-Spend Watchlist,0.6546651395830324,-0.5645461499021852,5.6124654,-33.970783
12763,139,2,494.08,2,2,3,7,At Risk,0,High-Spend Watchlist,-0.6349713190223945,0.17593599764657872,-7.077747,-14.416337
12764,317,1,1693.88,1,1,4,6,At Risk,1,Dormant Customers,-1.264853496664911,1.921124605481101,-12.243215,18.616232
12766,4,7,6989.63,5,5,5,15,Champions,2,High-Value Active,2.2057417172126117,0.22983653562988696,25.524994,29.987698
12769,239,1,1143.6,1,1,4,6,At Risk,1,Dormant Customers,-1.0794620236000045,1.1212853983430704,-21.702497,11.365136
12770,211,1,1351.45,1,1,4,6,At Risk,1,Dormant Customers,-0.8626598421663195,0.9267524118724119,-22.22324,10.441322
12772,60,1,892.47,3,1,3,7,Needs Attention,0,High-Spend Watchlist,-0.33514974333366443,-0.5177516809669928,-32.76298,-15.033636
12775,18,5,1386.04,4,4,4,12,Champions,2,High-Value Active,1.0857904456365057,-0.26264080312668375,63.491493,1.869208
12778,20,6,822.23,4,5,3,12,Loyal Customers,2,High-Value Active,0.962210393808837,-0.33335983100260935,60.917778,31.993343
12779,38,8,3981.36,3,5,5,13,Loyal Customers,2,High-Value Active,1.8742559931712253,0.4102562733300105,34.418083,24.080505
12781,64,2,826.74,3,2,3,8,Needs Attention,0,High-Spend Watchlist,-0.021530358300357932,-0.3249710824733938,-6.2186923,-32.849236
12782,5,5,2330.92,5,4,5,14,Champions,2,High-Value Active,1.4022464861076425,-0.21997947504969237,58.81783,9.858501
12783,3,6,2225.91,5,5,5,15,Champions,2,High-Value Active,1.5301855598583871,-0.18258195033463326,49.96462,24.572966
12784,10,2,532.8199999999999,5,2,3,10,Potential Loyalists,0,High-Spend Watchlist,0.02535524690710309,-0.9289051087882669,-7.2157726,-54.318493
12785,365,1,311.95,1,1,2,4,Lost Customers,1,Dormant Customers,-2.321560889688866,1.8324664214502686,-12.53294,51.999
12787,10,3,463.66,5,3,2,10,Potential Loyalists,0,High-Spend Watchlist,0.22032125228089391,-0.8423614774651208,22.724792,-57.62753
12789,66,1,91.85,3,1,1,5,Needs Attention,0,High-Spend Watchlist,-1.4694477996794426,-1.1464213420001639,-68.14693,6.679486
12790,193,1,324.92,1,1,2,4,Lost Customers,1,Dormant Customers,-1.4703399227240928,0.3413422470397624,-33.083138,13.506643
12791,374,1,192.60000000000002,1,1,1,3,Lost Customers,1,Dormant Customers,-2.5995110411595763,1.7666574032700924,-18.9177,54.258644
12792,257,1,400.53999999999996,1,1,2,4,Lost Customers,1,Dormant Customers,-1.6778361214362427,0.9634939156242572,-23.532139,21.326885
12793,335,2,545.48,1,2,3,6,At Risk,1,Dormant Customers,-1.53415562705702,1.9187599898770793,-0.17649266,13.474058
12794,54,2,860.41,3,2,3,8,Needs Attention,0,High-Spend Watchlist,0.046271023404036785,-0.4003801514248416,-5.373464,-34.17088
12795,19,1,430.48,4,1,2,7,New Customers,0,High-Spend Watchlist,-0.4923081683829551,-1.0950758594095718,-49.42686,-22.915524
12797,366,1,254.03,1,1,2,4,Lost Customers,1,Dormant Customers,-2.4263060744211207,1.7796387434911678,-15.258923,53.10306
12798,11,3,6977.04,5,3,5,13,Potential Loyalists,2,High-Value Active,1.5380662322006948,-0.0186140786702674,31.244156,6.336815
12802,187,1,427.58,1,1,2,4,Lost Customers,1,Dormant Customers,-1.3076623069245619,0.3712743677990679,-30.415436,10.944572
12808,37,3,483.65000000000003,3,3,2,8,Needs Attention,0,High-Spend Watchlist,0.11037382093609811,-0.5937008445291737,21.93285,-53.194775
12809,178,1,489.31,2,1,3,6,At Risk,1,Dormant Customers,-1.1984696280667333,0.333090684880588,-29.80208,9.985983
12811,261,3,514.85,1,3,3,7,At Risk,1,Dormant Customers,-0.9419185868153351,1.3829060678145149,-3.6724958,7.13309
12812,45,1,229.64000000000001,3,1,1,5,Needs Attention,0,High-Spend Watchlist,-0.9237607369703729,-1.0562539753104645,-61.36278,-8.513696
12814,102,1,125.92,2,1,1,4,Needs Attention,0,High-Spend Watchlist,-1.4908706578424662,-0.7377385630836127,-53.663986,11.809037
12815,148,2,1063.46,2,2,4,8,At Risk,0,High-Spend Watchlist,-0.3047731182498194,0.48488365743320067,-0.16973883,-15.223964
12816,96,2,572.2,2,2,3,7,At Risk,0,High-Spend Watchlist,-0.3555966457828855,-0.15582324772141729,-8.7064495,-22.083
12817,282,1,166.04,1,1,1,3,Lost Customers,1,Dormant Customers,-2.226846304629009,0.9181547671562018,-30.918394,35.886818
12818,262,1,1542.08,1,1,4,6,At Risk,1,Dormant Customers,-1.0448062948422037,1.4121782122433544,-13.894461,17.598022
12820,4,4,942.34,5,4,4,13,Champions,0,High-Spend Watchlist,0.7987795088314821,-0.5822763696050997,51.40174,-14.382034
12821,215,1,92.72,1,1,1,3,Lost Customers,1,Dormant Customers,-2.185116550003798,0.15869653829704858,-44.843376,29.53707
12822,71,2,948.88,3,2,4,9,Needs Attention,0,High-Spend Watchlist,0.011824784632709818,-0.22238376566844578,-4.6892443,-30.52528
12823,75,5,1759.5,2,4,4,10,At Risk,2,High-Value Active,0.9266635349481401,0.30728424788216063,45.756207,9.529639
12824,60,1,397.12,3,1,2,6,Needs Attention,0,High-Spend Watchlist,-0.7297724732030179,-0.7609283709152818,-46.72543,-11.964216
12826,3,7,1474.72,5,5,4,14,Champions,2,High-Value Active,1.4512522594646298,-0.24681830333653354,51.018753,35.86345
12827,6,3,430.15000000000003,5,3,2,10,Potential Loyalists,0,High-Spend Watchlist,0.20311603380048854,-0.8998397868791279,22.048376,-58.09795
12828,3,6,1018.71,5,5,4,14,Champions,2,High-Value Active,1.1488718098767507,-0.41755730409340563,58.577805,32.0972
12829,337,2,293.0,1,2,2,5,Lost Customers,1,Dormant Customers,-1.846452956082515,1.749752337607461,-2.0320113,15.499067
12830,38,6,6814.64,3,5,5,13,Loyal Customers,2,High-Value Active,1.9070836465599077,0.4598374511972433,23.767275,29.313631
12831,263,1,215.05,1,1,1,3,Lost Customers,1,Dormant Customers,-2.009409360991094,0.8294839614741386,-30.400223,30.21389
12832,33,2,383.03,4,2,2,8,Potential Loyalists,0,High-Spend Watchlist,-0.24659528723231766,-0.8269509709582779,-17.767418,-51.12517
12833,146,1,417.38,2,1,2,5,Needs Attention,0,High-Spend Watchlist,-1.1212393892876502,0.005673861913516791,-36.337135,3.5656927
12834,283,1,312.38,1,1,2,4,Lost Customers,1,Dormant Customers,-1.9245269903262,1.1161707177523463,-22.162992,28.010159
12836,60,4,2610.36,3,4,5,12,Loyal Customers,2,High-Value Active,1.0251542345828564,0.21348571599685415,34.45611,-2.983013
12837,174,1,134.1,2,1,1,4,Needs Attention,1,Dormant Customers,-1.8084065084681737,-0.08964414085528706,-46.47363,20.09999
12838,34,2,671.95,3,2,3,8,Needs Attention,0,High-Spend Watchlist,0.022414292920423094,-0.6494613364624569,-6.2674923,-44.23657
12839,3,14,5591.42,5,5,5,15,Champions,2,High-Value Active,2.6756595380893096,0.4342754900859084,17.838623,49.689186
12840,144,4,2726.77,2,4,5,11,At Risk,2,High-Value Active,0.6404142472725074,0.960795250266863,22.806578,-7.2512107
12841,5,25,3991.58,5,5,5,15,Champions,2,High-Value Active,3.0037733321621114,0.5956637402733586,15.881116,61.333
12842,71,2,1118.99,3,2,4,9,Needs Attention,0,High-Spend Watchlist,0.09224682289965022,-0.17282563435876727,-2.764114,-30.415855
12843,66,8,1702.26,3,5,4,12,Loyal Customers,2,High-Value Active,1.3242883564399932,0.3994841253214802,41.834057,21.480875
12844,30,2,325.96000000000004,4,2,2,8,Potential Loyalists,0,High-Spend Watchlist,-0.3106335429896942,-0.9015700014988807,-20.75698,-52.136673
12845,268,4,354.09,1,4,2,7,At Risk,1,Dormant Customers,-0.9542943150003689,1.4312510915331302,-3.8148375,8.174618
12847,23,1,843.64,4,1,3,8,New Customers,0,High-Spend Watchlist,-0.18373942726378317,-0.8580518430606762,-39.17545,-22.89059
12849,32,2,1010.29,4,2,4,10,Potential Loyalists,0,High-Spend Watchlist,0.23092171416621465,-0.544411698553193,0.45499462,-38.86452
12851,97,1,131.81,2,1,1,4,Needs Attention,0,High-Spend Watchlist,-1.44455716558761,-0.7677940096340583,-53.767067,11.352418
12852,295,1,311.55,1,1,2,4,Lost Customers,1,Dormant Customers,-1.9838260920918918,1.2202571159111575,-18.602154,29.312973
12853,135,6,1957.1000000000001,2,5,4,11,At Risk,2,High-Value Active,0.8293375333579818,0.9324457964258317,26.243835,-4.2509346
12854,79,3,1316.25,2,3,4,9,At Risk,0,High-Spend Watchlist,0.39547446061320973,0.07418362447753642,24.461617,-31.463655
12855,373,1,38.1,1,1,1,3,Lost Customers,1,Dormant Customers,-3.375600900148496,1.2766918407245584,-29.652275,51.91819
12856,8,6,2170.78,5,5,5,15,Champions,2,High-Value Active,1.4937794823609514,-0.14642129963780745,50.547935,24.160486
12857,211,2,1106.4,1,2,4,7,At Risk,1,Dormant Customers,-0.5899902706465284,1.0474226699328428,3.5330973,0.44063187
12863,53,1,521.2,3,1,3,7,Needs Attention,0,High-Spend Watchlist,-0.5634954027275401,-0.7404971761413034,-43.653168,-17.491632
12864,139,1,147.12,2,1,1,4,Needs Attention,1,Dormant Customers,-1.5943109391007373,-0.36787803003498337,-48.772503,14.421326
12865,27,2,1568.23,4,2,4,10,Potential Loyalists,0,High-Spend Watchlist,0.46957501940590346,-0.45594239848701723,3.4833477,-34.963593
12866,284,1,559.12,1,1,3,5,At Risk,1,Dormant Customers,-1.6458592224178743,1.2996119762969895,-16.083235,22.551277
12867,27,7,4009.34,4,5,5,14,Champions,2,High-Value Active,1.8232889957627982,0.2636963795729443,32.619087,23.873682
12868,186,6,1607.0600000000002,1,5,4,10,At Risk,2,High-Value Active,0.4866740640879684,1.318956876935965,19.07082,-2.1298594
12871,85,2,380.64,2,2,2,6,Needs Attention,0,High-Spend Watchlist,-0.5009954617308415,-0.37433077225966604,-19.581337,-39.74067
12872,327,2,599.97,1,2,3,6,At Risk,1,Dormant Customers,-1.4490860622443424,1.8774300254384655,0.01854383,12.992708
12873,283,1,374.0,1,1,2,4,Lost Customers,1,Dormant Customers,-1.8368945039162008,1.1701721129182483,-20.535397,26.63137
12875,144,2,343.2300000000001,2,2,2,6,Needs Attention,0,High-Spend Watchlist,-0.836548048102879,0.1103142387445824,-9.414452,-11.019627
12876,58,2,2218.02,3,2,5,10,Needs Attention,0,High-Spend Watchlist,0.4888742435328148,-0.08076063695223101,3.930215,-31.438025
12877,4,12,1535.77,5,5,4,14,Champions,2,High-Value Active,1.9095577365208336,-0.009383897361642003,34.411015,52.252556
12878,237,2,854.99,1,2,3,6,At Risk,1,Dormant Customers,-0.841377829490792,1.197205250744335,1.2821618,2.5588825
12879,45,3,573.22,3,3,3,9,Needs Attention,0,High-Spend Watchlist,0.15449206627049483,-0.4727620241495092,22.372307,-50.485073
12881,276,1,298.0,1,1,2,4,Lost Customers,1,Dormant Customers,-1.9136222002774383,1.0408575115983933,-23.629131,27.762548
12882,10,2,1463.04,5,2,4,11,Potential Loyalists,0,High-Spend Watchlist,0.5178756171595946,-0.6254013714091293,4.626076,-37.658604
12883,25,4,703.47,4,4,3,11,Loyal Customers,0,High-Spend Watchlist,0.5547332255934194,-0.48656491900146737,48.579132,-20.867964
12884,89,1,309.05,2,1,2,5,Needs Attention,0,High-Spend Watchlist,-0.9920039006087065,-0.5826710532134057,-47.08288,-2.2250555
12885,64,3,1175.22,3,3,4,10,Needs Attention,0,High-Spend Watchlist,0.41269863040123367,-0.09098743842703273,24.165615,-33.46054
12886,68,2,1378.4,3,2,4,9,Needs Attention,0,High-Spend Watchlist,0.20844937199552513,-0.13637563871240926,-0.7446836,-30.56257
12888,215,2,354.12,1,2,2,5,Lost Customers,1,Dormant Customers,-1.164536278435132,0.7402486327256119,-6.4122286,-1.1092361
12890,25,1,376.71999999999997,4,1,2,7,New Customers,0,High-Spend Watchlist,-0.5862711614619774,-1.0826642598521312,-53.08264,-20.929918
12891,186,3,331.0,1,3,2,6,At Risk,1,Dormant Customers,-0.7945214384042971,0.5948107872424537,7.435175,-8.891212
12893,31,1,176.55,4,1,1,6,New Customers,0,High-Spend Watchlist,-0.9837989379678604,-1.2573170983797763,-68.87867,-8.8249445
12895,43,2,372.8,3,2,2,7,Needs Attention,0,High-Spend Watchlist,-0.3081129927697119,-0.7476697389119569,-18.816025,-49.481476
12897,205,2,216.5,1,2,1,4,Lost Customers,1,Dormant Customers,-1.3555315942401023,0.5053623732668887,-9.557861,-2.3515506
12901,9,28,17654.54,5,5,5,15,Champions,2,High-Value Active,3.809886139484233,1.1265334396577948,7.375253,62.360733
12902,265,1,138.68,1,1,1,3,Lost Customers,1,Dormant Customers,-2.2319981518717644,0.7157570209196831,-34.368927,35.79914
12904,19,2,496.06,4,2,3,9,Potential Loyalists,0,High-Spend Watchlist,-0.052978535490313665,-0.8717053790769825,-10.049773,-53.546017
12906,12,5,2919.81,5,4,5,14,Champions,2,High-Value Active,1.4783329907124214,-0.09105999260453891,57.300755,11.347651
12908,177,2,750.0,2,2,3,7,At Risk,1,Dormant Customers,-0.6152351845745527,0.6334200132170762,-1.7220517,-11.931539
12909,40,5,2178.67,3,4,5,12,Loyal Customers,2,High-Value Active,1.2001059112774985,0.06562138967368622,52.346756,9.335954
12910,24,8,3075.04,4,5,5,14,Champions,2,High-Value Active,1.8158650203501057,0.21020821468856699,33.404778,34.772804
12912,3,5,1662.3,5,4,4,13,Champions,2,High-Value Active,1.246964422051177,-0.3391062876532575,63.087036,5.9899855
12913,5,5,2483.63,5,4,5,14,Champions,2,High-Value Active,1.4332124531086041,-0.20089744863211922,58.455475,10.382579
12915,149,2,363.65,2,2,2,6,Needs Attention,0,High-Spend Watchlist,-0.8325838972053528,0.1713520639437321,-8.920391,-10.781801
12916,139,4,2944.95,2,4,5,11,At Risk,2,High-Value Active,0.7021465058291018,0.9402412446333769,22.986631,-7.352878
12917,129,1,594.0,2,1,3,6,At Risk,0,High-Spend Watchlist,-0.8671443850142067,-0.03696929732266283,-34.83791,-0.47781768
12919,9,6,1335.19,5,5,4,14,Champions,2,High-Value Active,1.251825900928175,-0.2838003255483835,56.253864,29.603127
12920,18,1,162.78,4,1,1,6,New Customers,0,High-Spend Watchlist,-0.9603704871890422,-1.3952269182153605,-72.51004,-9.757236
12921,10,37,16587.09,5,5,5,15,Champions,2,High-Value Active,4.021427809659449,1.2370416705303178,7.485978,64.0934
12922,162,1,405.38,2,1,2,5,Needs Attention,1,Dormant Customers,-1.2127852862673199,0.1367649649743527,-34.728725,8.067084
12923,65,1,172.82,3,1,1,5,Needs Attention,0,High-Spend Watchlist,-1.1585097900502066,-0.9665323346895193,-62.4871,-1.004406
12924,89,4,933.7,2,4,4,10,At Risk,0,High-Spend Watchlist,0.38342301628418496,0.15788548825025558,36.043453,-15.122553
12925,5,2,694.05,5,2,3,10,Potential Loyalists,0,High-Spend Watchlist,0.1783660167221915,-0.8932109448381186,-1.2204661,-51.011074
12928,36,5,2062.7000000000003,3,4,5,12,Loyal Customers,2,High-Value Active,1.1927505977258956,0.01421284536845656,52.620964,8.791996
12929,312,1,117.85,1,1,1,3,Lost Customers,1,Dormant Customers,-2.5380188564530473,1.0779723061396076,-30.164549,43.15955
12930,79,2,415.8,2,2,2,6,Needs Attention,0,High-Spend Watchlist,-0.4289707918286653,-0.4002613315965584,-18.794394,-39.80098
12931,22,15,42055.96,4,5,5,14,Champions,2,High-Value Active,3.627706626418205,1.236074786987152,4.260801,59.294167
12933,25,3,607.53,4,3,3,10,Potential Loyalists,0,High-Spend Watchlist,0.27949681208195115,-0.6301109334557307,26.194307,-53.39682
12935,3,7,2160.7,5,5,5,15,Champions,2,High-Value Active,1.6376134625570338,-0.1319777301191844,42.079697,32.787388
12936,18,4,1063.9,4,4,4,12,Champions,0,High-Spend Watchlist,0.7902793683561686,-0.42344833780744146,48.180466,-12.050153
12937,16,4,1504.27,4,4,4,12,Champions,2,High-Value Active,0.9689007630939801,-0.33681523916930256,45.554886,-5.544416
12938,26,1,114.14,4,1,1,6,New Customers,0,High-Spend Watchlist,-1.1710617532829102,-1.4313082815868456,-74.65969,-0.64599043
12939,65,8,11581.8,3,5,5,13,Loyal Customers,2,High-Value Active,2.2649469765024666,0.9674231917051744,21.363848,28.448038
12940,55,2,899.69,3,2,3,8,Needs Attention,0,High-Spend Watchlist,0.06320542171108229,-0.3782257363666927,-4.969369,-33.835003
12942,132,3,675.6,2,3,3,8,At Risk,0,High-Spend Watchlist,-0.1859459177274439,0.3370045535826092,16.426407,-23.30311
12944,36,2,604.51,3,2,3,8,Needs Attention,0,High-Spend Watchlist,-0.03880462213771111,-0.663748003333533,-8.124204,-45.63961
12945,289,1,462.95,1,1,2,4,Lost Customers,1,Dormant Customers,-1.761987788424704,1.2866455762621627,-16.433678,24.374397
12947,144,6,1603.99,2,5,4,11,At Risk,2,High-Value Active,0.6887566770092968,0.9512872759485194,25.929428,-4.4473968
12948,17,7,2064.95,4,5,5,14,Champions,2,High-Value Active,1.5478248601266034,-0.023241742223247475,43.070812,31.601763
12949,31,8,4167.22,4,5,5,14,Champions,2,High-Value Active,1.9303598664669812,0.3627959064089624,34.014236,24.219976
12950,3,3,1843.0,5,3,4,12,Potential Loyalists,2,High-Value Active,0.927054269633435,-0.4888874083794082,37.048737,-34.41839
12951,9,6,1064.07,5,5,4,14,Champions,2,High-Value Active,1.1411161749422354,-0.3520225101125009,58.424694,31.750591
12952,6,4,1387.79,5,4,4,13,Champions,2,High-Value Active,0.9779202629076742,-0.448447217713019,48.729458,-6.651648
12953,10,1,329.85,5,1,2,8,New Customers,0,High-Spend Watchlist,-0.578443311299544,-1.2536255769192106,-58.542076,-22.936707
12955,2,11,4757.16,5,5,5,15,Champions,2,High-Value Active,2.3978601894965337,0.2774311263609521,23.73146,43.403427
12956,307,1,108.07,1,1,1,3,Lost Customers,1,Dormant Customers,-2.55577126779768,1.0084377997260168,-31.067265,43.105835
12957,10,8,4017.54,5,5,5,15,Champions,2,High-Value Active,2.0140147571744755,0.16824714872802865,29.924465,34.333416
12962,8,2,266.39,5,2,2,9,Potential Loyalists,0,High-Spend Watchlist,-0.30247900105329045,-1.154363021323652,-25.619614,-56.694286
12963,9,8,1856.63,5,5,4,14,Champions,2,High-Value Active,1.6421624019357488,-0.07261685256816933,43.61027,39.72801
12965,90,1,769.8100000000001,2,1,3,6,At Risk,0,High-Spend Watchlist,-0.552250383616784,-0.29996460719981416,-34.540016,-10.959742
12966,10,1,160.18,5,1,1,7,New Customers,0,High-Spend Watchlist,-0.9295128347164237,-1.469963659306163,-73.528244,-11.232368
12967,359,2,1660.9,1,2,4,7,At Risk,1,Dormant Customers,-1.107204267452539,2.463114478034995,2.4752326,10.000427
12968,113,1,135.95,2,1,1,4,Needs Attention,0,High-Spend Watchlist,-1.5069111342652124,-0.6187140884935983,-52.542526,12.329039
12970,8,4,405.47,5,4,2,11,Loyal Customers,0,High-Spend Watchlist,0.3684400286065085,-0.8005866303809274,53.867702,-26.1955
12971,4,86,11189.91,5,5,5,15,Champions,2,High-Value Active,4.614688450709718,1.4355673866827388,6.464808,66.83923
12974,198,1,144.8,1,1,1,3,Lost Customers,1,Dormant Customers,-1.887206203845694,0.14305352122701281,-43.693977,22.464285
12976,212,1,738.6,1,1,3,5,At Risk,1,Dormant Customers,-1.1621396199468685,0.7539242621422372,-24.814695,11.843015
12977,157,1,39.239999999999995,2,1,1,4,Needs Attention,1,Dormant Customers,-2.317491431482617,-0.6025784275546167,-51.579605,25.000769
12980,158,9,7374.900000000001,2,5,5,12,At Risk,2,High-Value Active,1.691308397898146,1.691494132329812,21.234364,3.6143804
12981,30,2,372.21999999999997,4,2,2,8,Potential Loyalists,0,High-Spend Watchlist,-0.24603292195552687,-0.8617614349804404,-17.92917,-51.805622
12982,243,1,390.54,1,1,2,4,Lost Customers,1,Dormant Customers,-1.6224758651596036,0.8335422941006155,-25.041296,19.766205
12984,19,1,97.5,4,1,1,6,New Customers,0,High-Spend Watchlist,-1.2134265349310411,-1.539447569817982,-76.1389,0.94463193
12985,1,2,1239.38,5,2,4,11,Potential Loyalists,0,High-Spend Watchlist,0.4804479369178622,-0.7539362959214853,4.6121693,-39.416935
12987,74,2,558.7,2,2,3,7,At Risk,0,High-Spend Watchlist,-0.26089030153973375,-0.3552808177585351,-14.589779,-37.40656
12988,293,1,505.82,1,1,3,5,At Risk,1,Dormant Customers,-1.7381779080697206,1.3481938484312785,-15.6559305,23.8638
12989,4,15,6924.110000000001,5,5,5,15,Champions,2,High-Value Active,2.8341042524858233,0.5360945164097064,13.783849,50.770546
12990,32,3,409.5,4,3,2,9,Potential Loyalists,0,High-Spend Watchlist,0.053479963321366994,-0.6873553182515467,20.207993,-55.883915
12991,24,2,503.76,4,2,3,9,Potential Loyalists,0,High-Spend Watchlist,-0.06964262546951043,-0.8233792072018017,-10.213002,-52.36438
12993,24,4,414.76,4,4,2,10,Loyal Customers,0,High-Spend Watchlist,0.3021326455777646,-0.6539429049867764,53.33396,-26.314526
12994,5,3,974.4200000000001,5,3,4,12,Potential Loyalists,0,High-Spend Watchlist,0.6065036605581828,-0.6629809443850715,35.73387,-47.022884
12995,86,1,211.32,2,1,1,4,Needs Attention,0,High-Spend Watchlist,-1.162345794864864,-0.7227971237264686,-55.53026,-1.4128455
12997,23,4,1226.89,4,4,4,12,Champions,2,High-Value Active,0.8356352993306001,-0.33690383164872906,46.017212,-9.7496395
12999,197,3,455.88,1,3,2,6,At Risk,1,Dormant Customers,-0.6918240527782586,0.7870045906091442,9.131399,-7.291335
13000,107,3,534.85,2,3,3,8,At Risk,0,High-Spend Watchlist,-0.17895901175306683,0.04833499841484354,14.383824,-23.926052
13001,5,13,9785.970000000001,5,5,5,15,Champions,2,High-Value Active,2.876193573067418,0.5893456627704529,10.65777,50.031845
13002,319,1,120.94999999999999,1,1,1,3,Lost Customers,1,Dormant Customers,-2.5592847270828325,1.1469007475821744,-29.626467,43.743835
13003,106,3,149.05,2,3,1,6,At Risk,0,High-Spend Watchlist,-0.7955193295455776,-0.34332435204312195,-31.560677,-45.586174
13004,12,18,5655.91,5,5,5,15,Champions,2,High-Value Active,2.8536160943277222,0.6217992164089557,15.987481,55.945206
13005,174,2,513.7,2,2,3,7,At Risk,1,Dormant Customers,-0.7851779649587957,0.4935398869513625,-5.373561,-10.519948
13006,57,1,81.57,3,1,1,5,Needs Attention,0,High-Spend Watchlist,-1.483226661585442,-1.2603832555610828,-69.10947,7.214379
13008,324,1,229.46999999999997,1,1,1,3,Lost Customers,1,Dormant Customers,-2.2727236537945976,1.38208207485303,-21.517405,40.894142
13011,373,1,50.550000000000004,1,1,1,3,Lost Customers,1,Dormant Customers,-3.2406541490899174,1.3598495043810974,-29.108507,52.12572
13012,10,8,1646.8400000000001,5,5,4,14,Champions,2,High-Value Active,1.5788274042348172,-0.09992650672831045,44.824726,40.271767
13013,2,13,4810.9400000000005,5,5,5,15,Champions,2,High-Value Active,2.544112369871318,0.34955166437203905,19.3574,48.736027
13014,11,10,3466.2799999999997,5,5,5,15,Champions,2,High-Value Active,2.120397331900406,0.22208476855597906,28.086763,42.777447
13015,54,5,3339.64,3,4,5,12,Loyal Customers,2,High-Value Active,1.3408804134736871,0.31643630096530384,39.21341,11.064619
13016,74,3,789.89,2,3,3,8,At Risk,0,High-Spend Watchlist,0.17060288118311337,-0.12298304781900025,20.940083,-44.293003
13017,8,1,204.0,5,1,1,7,New Customers,0,High-Spend Watchlist,-0.8024445150586313,-1.4150988933202389,-70.06943,-14.957313
13018,17,28,7277.7,4,5,5,14,Champions,2,High-Value Active,3.338643832524788,0.9298938142185144,12.743905,61.83225
13021,5,9,2616.38,5,5,5,15,Champions,2,High-Value Active,1.9250915475404478,0.042549922916044924,36.51656,41.31475
13023,65,2,689.9,3,2,3,8,Needs Attention,0,High-Spend Watchlist,-0.11457966794657595,-0.37059146096849127,-10.909365,-36.443863
13026,2,5,975.36,5,4,4,13,Champions,2,High-Value Active,0.9917326085656252,-0.508105707472098,68.14272,-2.8744626
13027,114,6,6912.0,2,5,5,12,At Risk,2,High-Value Active,1.5466464413743657,1.1283709644425526,22.281511,26.094152
13028,23,2,661.3199999999999,4,2,3,9,Potential Loyalists,0,High-Spend Watchlist,0.06781215601947416,-0.7503950332611381,-4.3491426,-47.778934
13029,31,3,1247.5,4,3,4,11,Potential Loyalists,0,High-Spend Watchlist,0.6013242062552377,-0.36147858828181706,32.565014,-39.110493
13030,12,2,752.4399999999999,5,2,3,10,Potential Loyalists,0,High-Spend Watchlist,0.18390922290009423,-0.807762059778882,-0.8823872,-48.872482
13032,53,2,1010.18,3,2,4,9,Needs Attention,0,High-Spend Watchlist,0.12936086168953126,-0.3608970556958366,-2.9257421,-33.679436
13033,358,1,190.55,1,1,1,3,Lost Customers,1,Dormant Customers,-2.527368599976703,1.6236093909967912,-19.751295,52.92275
13034,55,2,642.77,3,2,3,8,Needs Attention,0,High-Spend Watchlist,-0.10073412277923265,-0.4792495060668908,-10.328724,-38.700607
13035,74,2,921.88,2,2,3,7,At Risk,0,High-Spend Watchlist,-0.016753623243045825,-0.20483750866984227,-5.062703,-30.059227
13037,139,3,881.07,2,3,3,8,At Risk,0,High-Spend Watchlist,-0.09032150477902841,0.4779637983625162,18.796444,-24.29501
13038,81,3,908.46,2,3,3,8,At Risk,0,High-Spend Watchlist,0.20496150093420645,-0.019777362753491026,21.234867,-32.474472
13040,9,2,676.99,5,2,3,10,Potential Loyalists,0,High-Spend Watchlist,0.14689939041849265,-0.8657254797597477,-1.9551339,-50.66874
13043,274,1,516.42,1,1,3,5,At Risk,1,Dormant Customers,-1.6362327731199136,1.1883540156579147,-17.470863,22.01877
13044,292,1,560.47,1,1,3,5,At Risk,1,Dormant Customers,-1.6833536528717186,1.3702589638605924,-15.461034,23.139893
13045,100,1,305.28000000000003,2,1,2,5,Needs Attention,0,High-Spend Watchlist,-1.0511469197299115,-0.49020747557232314,-46.007965,-1.0146368
13046,31,2,629.31,4,2,3,9,Potential Loyalists,0,High-Spend Watchlist,0.004959663931422333,-0.6953743363923279,-6.975904,-45.93643
13047,32,10,3237.54,4,5,5,14,Champions,2,High-Value Active,1.9855725425488056,0.3851013167735026,31.887644,45.3475
13048,15,4,1819.41,4,4,4,12,Champions,2,High-Value Active,1.0665318452549235,-0.2883714544436622,43.473225,-2.7044923
13049,65,2,656.6800000000001,3,2,3,8,Needs Attention,0,High-Spend Watchlist,-0.13863539225945243,-0.38541521786321087,-11.43927,-36.82952
13050,15,17,5836.86,4,5,5,14,Champions,2,High-Value Active,2.8051135401492417,0.633382410051436,15.752481,55.214123
13052,213,1,348.15000000000003,1,1,2,4,Lost Customers,1,Dormant Customers,-1.5334031143161904,0.5368611374068897,-30.181902,16.133
13055,79,3,1214.41,2,3,4,9,At Risk,0,High-Spend Watchlist,0.3561933831619066,0.049977612838590244,23.733644,-31.621195
13058,25,3,271.40000000000003,4,3,2,9,Potential Loyalists,0,High-Spend Watchlist,-0.11288779417057616,-0.8719084339867881,17.9844,-57.986946
13059,250,1,183.4,1,1,1,3,Lost Customers,1,Dormant Customers,-2.0238997745565217,0.6682075608009916,-34.778687,29.359056
13060,254,1,307.53,1,1,2,4,Lost Customers,1,Dormant Customers,-1.79196393373792,0.8580084102471612,-26.964935,23.888216
13061,73,1,248.61,2,1,1,4,Needs Attention,0,High-Spend Watchlist,-1.0205180582908662,-0.7877462541931326,-54.89658,-3.636247
13062,192,1,346.98,1,1,2,4,Lost Customers,1,Dormant Customers,-1.433533991924813,0.3523040068991974,-32.656464,13.12013
13064,13,4,1105.59,5,4,4,13,Champions,0,High-Spend Watchlist,0.8331950229542238,-0.4555976194358514,49.04692,-11.13112
13065,374,1,205.86,1,1,1,3,Lost Customers,1,Dormant Customers,-2.5671702355065076,1.7865866406750888,-18.016026,54.03225
13066,25,2,470.8,4,2,2,8,Potential Loyalists,0,High-Spend Watchlist,-0.10744192277947408,-0.8349531050900154,-11.272333,-52.555164
13067,83,1,115.46000000000001,2,1,1,4,Needs Attention,0,High-Spend Watchlist,-1.4410180112086333,-0.929679128838177,-64.72428,6.9879813
13068,11,2,344.0,5,2,2,9,Potential Loyalists,0,High-Spend Watchlist,-0.19257486109989289,-1.051480251631398,-19.04711,-57.23357
13069,1,24,4431.44,5,5,5,15,Champions,2,High-Value Active,3.038313736051576,0.5746531468193374,15.811712,60.93582
13070,193,1,228.8,1,1,1,3,Lost Customers,1,Dormant Customers,-1.6409298933022995,0.23622031349752018,-39.84771,17.44804
13072,267,1,177.15,1,1,1,3,Lost Customers,1,Dormant Customers,-2.1229057639002464,0.8064205654701389,-32.362003,33.043888
13075,130,1,919.61,2,1,3,6,At Risk,0,High-Spend Watchlist,-0.6589008174006363,0.10307475517253742,-32.39011,-1.9676706
13077,2,4,728.02,5,4,3,12,Loyal Customers,0,High-Spend Watchlist,0.6826311011887738,-0.6772880152099934,52.95791,-20.587479
13078,4,26,12627.94,5,5,5,15,Champions,2,High-Value Active,3.6052325996676533,0.950171598175507,8.93834,61.3578
13079,5,5,220.10000000000002,5,4,1,10,Loyal Customers,0,High-Spend Watchlist,0.2521824908635154,-0.9286785296752602,55.850178,-28.467127
13080,180,1,58.08,1,1,1,3,Lost Customers,1,Dormant Customers,-2.241191367261203,-0.28602330156072747,-50.286854,24.910784
13081,12,11,28337.38,5,5,5,15,Champions,2,High-Value Active,3.220605438199,0.9016179656619151,4.175573,58.158424
13082,127,9,3613.63,2,5,5,12,At Risk,2,High-Value Active,1.4929711768736815,1.2059845458495824,22.56419,3.6940308
13083,5,2,303.75,5,2,2,9,Potential Loyalists,0,High-Spend Watchlist,-0.22413234535303403,-1.1412408021944487,-21.549767,-57.874195
13085,158,2,416.08000000000004,2,2,2,6,Needs Attention,0,High-Spend Watchlist,-0.8105054381677427,0.29042840301946526,-7.5923586,-10.546027
13089,3,97,58762.08,5,5,5,15,Champions,2,High-Value Active,5.537842515502931,1.9788143166358079,4.2546616,66.63885
13090,9,14,8910.82,5,5,5,15,Champions,2,High-Value Active,2.8741315738585507,0.6268930863019714,11.542246,50.697998
13091,29,1,345.82,4,1,2,7,New Customers,0,High-Spend Watchlist,-0.6472705770793336,-1.073377660187856,-54.51663,-19.447025
13092,71,5,477.83,3,4,2,9,Loyal Customers,0,High-Spend Watchlist,0.31038771453203634,-0.11935679595487894,37.96297,-21.680838
13093,276,8,7832.47,1,5,5,11,At Risk,2,High-Value Active,1.0541019557916362,2.693978865679737,19.707424,1.8326404
13094,22,12,1927.3200000000002,4,5,4,13,Champions,2,High-Value Active,1.9333509328986065,0.2162201309970136,33.73232,51.245903
13095,71,1,74.39999999999999,3,1,1,5,Needs Attention,0,High-Spend Watchlist,-1.5952441106999289,-1.1653452555123904,-68.711,8.251142
13097,33,10,6003.22,4,5,5,14,Champions,2,High-Value Active,2.2821102438078857,0.579554488502345,20.393435,40.538788
13098,2,28,28882.44,5,5,5,15,Champions,2,High-Value Active,4.084012148379416,1.2134239280158592,5.8201594,62.52282
13099,100,1,207.35999999999999,2,1,1,4,Needs Attention,0,High-Spend Watchlist,-1.2392086499411257,-0.6060959573986274,-49.815876,8.850256
13101,235,1,101.19,1,1,1,3,Lost Customers,1,Dormant Customers,-2.2395524094776493,0.3595318129188137,-42.290623,31.52807
13102,2,24,6424.09,5,5,5,15,Champions,2,High-Value Active,3.2147209750691847,0.6950788336653138,13.796592,60.66144
13103,40,1,243.94,3,1,1,5,Needs Attention,0,High-Spend Watchlist,-0.8702258022694153,-1.0818593830319851,-61.043728,-9.848629
13104,4,6,1098.48,5,5,4,14,Champions,2,High-Value Active,1.1808071734629726,-0.38615890786917695,58.048412,31.739096
13106,134,1,76.5,2,1,1,4,Needs Attention,1,Dormant Customers,-1.8863568036298313,-0.6064392269333466,-51.976376,21.176144
13107,45,4,1531.6200000000001,3,4,4,11,Loyal Customers,2,High-Value Active,0.8375137144955591,-0.07792824525180317,39.22656,-7.868205
13108,373,1,350.06,1,1,2,4,Lost Customers,1,Dormant Customers,-2.3041322306348517,1.9369584313537571,-10.98688,52.19106
13109,60,2,786.54,3,2,3,8,Needs Attention,0,High-Spend Watchlist,-0.026499427261249,-0.3749091614023173,-6.7431517,-34.049225
13110,32,7,1488.67,4,5,4,13,Champions,2,High-Value Active,1.315667962975314,0.009482238327345887,49.37639,32.766865
13113,1,24,12245.960000000001,5,5,5,15,Champions,2,High-Value Active,3.534461853729871,0.8803923955975965,9.107688,60.524517
13115,12,4,2294.78,5,4,5,14,Champions,2,High-Value Active,1.1942954305123248,-0.24479725055146093,41.25971,0.4765183
13116,139,1,501.14,2,1,3,6,At Risk,0,High-Spend Watchlist,-0.9983165396708846,-0.0006109308259433789,-35.55683,1.8032178
13117,22,8,984.91,4,5,4,13,Champions,2,High-Value Active,1.2700679514917748,-0.1495640018791778,55.29649,36.919086
13118,20,5,1197.81,4,4,4,12,Champions,2,High-Value Active,1.004925989668747,-0.28903355829183214,64.82542,-1.0122962
13120,239,1,30.599999999999998,1,1,1,3,Lost Customers,1,Dormant Customers,-2.831849651066789,0.04141900824742426,-39.217358,43.912804
13121,270,1,283.73,1,1,2,4,Lost Customers,1,Dormant Customers,-1.9084929397053512,0.9737042780911292,-25.060282,27.545578
13122,95,2,922.39,2,2,3,7,At Risk,0,High-Spend Watchlist,-0.117991671770844,-0.02112394570512612,-4.6014605,-26.7245
13124,90,3,3756.33,2,3,5,10,At Risk,2,High-Value Active,0.8539929054887765,0.48564352899060687,22.513208,-14.682651
13126,5,8,2099.64,5,5,5,15,Champions,2,High-Value Active,1.7215140222821776,-0.07059435100366655,42.212666,39.348495
13127,78,1,259.17,2,1,2,5,Needs Attention,0,High-Spend Watchlist,-1.0244586646935319,-0.7315795440352824,-53.972275,-3.3688762
13130,95,1,64.0,2,1,1,4,Needs Attention,0,High-Spend Watchlist,-1.78370825827899,-1.0002256533664553,-68.00424,10.126446
13131,24,3,1073.3,4,3,4,11,Potential Loyalists,0,High-Spend Watchlist,0.5617999760587095,-0.467867455547954,33.229248,-43.089302
13132,262,1,77.3,1,1,1,3,Lost Customers,1,Dormant Customers,-2.500057286730277,0.515415069967021,-37.934887,41.288864
13133,274,2,109.8,1,2,1,4,Lost Customers,1,Dormant Customers,-2.0183190758313425,0.9055468402910843,-25.566658,36.423973
13134,86,4,1793.58,2,4,4,10,At Risk,2,High-Value Active,0.7163625618775953,0.32789440336142395,33.59353,-7.049488
13135,197,1,3096.0,1,1,5,7,At Risk,1,Dormant Customers,-0.39052516192893577,1.053627924729581,-20.961878,9.208736
13136,57,5,2607.61,3,4,5,12,Loyal Customers,2,High-Value Active,1.2056311217745397,0.2682492119637448,40.42754,10.512658
13137,11,8,3603.29,5,5,5,15,Champions,2,High-Value Active,1.9560703569621463,0.1442593195792238,31.231676,34.85463
13138,23,6,962.39,4,5,4,13,Champions,2,High-Value Active,1.0244618480407581,-0.25984187358239863,60.32366,31.033804
13139,17,7,5064.94,4,5,5,14,Champions,2,High-Value Active,1.9856953461456959,0.24658532894273286,27.527597,30.006557
13140,109,3,422.47,2,3,2,7,At Risk,0,High-Spend Watchlist,-0.3035295090995443,-0.004990545129571532,13.206847,-23.238832
13141,85,5,2388.75,2,4,5,11,At Risk,2,High-Value Active,1.027509078916288,0.48661789606040917,42.642582,10.775599
13142,20,1,307.09,4,1,2,7,New Customers,0,High-Spend Watchlist,-0.6615742765068229,-1.187662992147099,-59.289543,-20.501179
13144,333,1,110.95,1,1,1,3,Lost Customers,1,Dormant Customers,-2.668724422949278,1.243527225574268,-29.37304,45.36193
13145,40,4,618.52,3,4,3,10,Loyal Customers,0,High-Spend Watchlist,0.41949652321265474,-0.3941162181813586,44.398594,-21.034872
13146,27,1,228.91,4,1,1,6,New Customers,0,High-Spend Watchlist,-0.8383016779937256,-1.2145339500463883,-66.377464,-14.002021
13147,11,4,712.8000000000001,5,4,3,12,Loyal Customers,0,High-Spend Watchlist,0.6288280398325647,-0.6049718233860963,51.765,-20.84324
13148,30,12,3683.26,4,5,5,14,Champions,2,High-Value Active,2.210737381329366,0.48090482612124386,25.41952,47.354874
13149,15,4,1676.06,4,4,4,12,Champions,2,High-Value Active,1.026491784554406,-0.31304517110895413,44.51894,-3.659898
13151,296,1,1257.8700000000001,1,1,4,6,At Risk,1,Dormant Customers,-1.3085284577838365,1.6481119136294062,-13.246613,18.880932
13153,6,1,486.22,5,1,2,8,New Customers,0,High-Spend Watchlist,-0.37015911741082297,-1.1721515027833331,-45.876453,-24.285942
13155,34,4,971.76,3,4,4,11,Loyal Customers,0,High-Spend Watchlist,0.6687606697666092,-0.31082724707048487,44.720196,-13.873464
13157,50,4,1741.22,3,4,4,11,Loyal Customers,2,High-Value Active,0.8759204997447855,0.004334018330605864,38.432182,-6.476771
13158,95,4,1201.06,2,4,4,10,At Risk,0,High-Spend Watchlist,0.47722983515540246,0.2860056820830156,34.238495,-12.03318
13159,9,4,1429.35,5,4,4,13,Champions,2,High-Value Active,0.9778137033452158,-0.41335587447006855,48.05725,-6.3230586
13160,23,1,91.8,4,1,1,6,New Customers,0,High-Spend Watchlist,-1.2618615539480669,-1.5224184653631756,-75.815735,1.6660368
13161,314,1,112.75,1,1,1,3,Lost Customers,1,Dormant Customers,-2.569097299761504,1.082258974251017,-30.369293,43.6335
13162,123,4,1688.29,2,4,4,10,At Risk,2,High-Value Active,0.5079990567625902,0.6330985434936315,28.375607,-7.2916703
13165,47,2,1021.48,3,2,4,9,Needs Attention,0,High-Spend Watchlist,0.16378823177495141,-0.4099960395263181,-2.1670773,-34.13728
13166,284,1,417.2,1,1,2,4,Lost Customers,1,Dormant Customers,-1.7885003892514435,1.211712815464483,-19.81406,26.038387
13167,19,4,791.33,4,4,3,11,Loyal Customers,0,High-Spend Watchlist,0.6411120145913284,-0.5036501004505239,49.959446,-18.576914
13168,37,4,1299.59,3,4,4,11,Loyal Customers,2,High-Value Active,0.7960438001130368,-0.19723509588918348,43.752453,-10.325315
13169,64,2,712.88,3,2,3,8,Needs Attention,0,High-Spend Watchlist,-0.09377290605845404,-0.36948880106264254,-10.390621,-36.28219
13170,27,1,108.81,4,1,1,6,New Customers,0,High-Spend Watchlist,-1.1990336871564913,-1.436826305014484,-74.74973,0.01858913
13171,22,3,468.41,4,3,2,9,Potential Loyalists,0,High-Spend Watchlist,0.1672818963723903,-0.7344176626846861,22.523478,-55.991833
13173,5,2,353.65,5,2,2,9,Potential Loyalists,0,High-Spend Watchlist,-0.15010531158486537,-1.0956234373650249,-18.25286,-58.130585
13174,17,3,2742.82,4,3,5,12,Potential Loyalists,2,High-Value Active,1.053390959021624,-0.24696944919671934,25.850275,-18.982227
13176,47,1,481.49,3,1,2,6,Needs Attention,0,High-Spend Watchlist,-0.5731033635383431,-0.816731865032835,-45.138752,-17.77251
13177,65,1,282.45,3,1,2,6,Needs Attention,0,High-Spend Watchlist,-0.9197834985759606,-0.8194230453093639,-52.891773,-6.6924076
13178,27,11,5725.47,4,5,5,14,Champions,2,High-Value Active,2.3674467542620983,0.5516646508309326,20.546455,41.45242
13182,46,1,121.18,3,1,1,5,Needs Attention,0,High-Spend Watchlist,-1.2387641379944538,-1.2386481815058008,-68.99151,2.2032096
13183,8,9,3957.78,5,5,5,15,Champions,2,High-Value Active,2.112579733092278,0.1932419797410248,27.95777,39.54772
13184,15,10,1668.95,4,5,4,13,Champions,2,High-Value Active,1.7444114758114817,0.03726861089092184,42.04967,45.124836
13185,268,1,71.4,1,1,1,3,Lost Customers,1,Dormant Customers,-2.5673039541230906,0.5442899575112016,-37.537224,41.831306
13186,40,3,1575.89,3,3,4,10,Needs Attention,0,High-Spend Watchlist,0.6718160283600679,-0.21256868796178127,31.8531,-35.175335
13187,338,1,236.02,1,1,1,3,Lost Customers,1,Dormant Customers,-2.326714889725282,1.5128773219739895,-20.6272,41.765034
13188,12,1,114.60000000000001,5,1,1,7,New Customers,0,High-Spend Watchlist,-1.1014434705710046,-1.5524737399949688,-76.40993,-2.0305982
13189,19,2,260.68,4,2,2,8,Potential Loyalists,0,High-Spend Watchlist,-0.36618746735727387,-1.0647127898230953,-25.517546,-54.652863
13192,96,2,911.94,2,2,3,7,At Risk,0,High-Spend Watchlist,-0.1283815746066366,-0.015807468768953743,-4.6546063,-26.564838
13193,62,1,112.08,3,1,1,5,Needs Attention,0,High-Spend Watchlist,-1.3538882250118485,-1.1220865664200848,-67.51541,4.5837803
13194,136,1,60.7,2,1,1,4,Needs Attention,1,Dormant Customers,-2.0073257271734604,-0.6575453879392265,-52.20498,22.15505
13196,12,4,1797.78,5,4,4,13,Champions,2,High-Value Active,1.0751977225219633,-0.3181883256654369,43.97652,-2.4570236
13198,11,6,3401.2400000000002,5,5,5,15,Champions,2,High-Value Active,1.698414825978602,0.014837277625178573,30.518593,25.785809
13199,4,38,9817.12,5,5,5,15,Champions,2,High-Value Active,3.8181227724170808,1.0384120821542289,10.872567,63.97489
13200,20,4,870.09,4,4,3,11,Loyal Customers,0,High-Spend Watchlist,0.6825415798434561,-0.46640113262951743,49.491898,-17.032534
13203,10,4,869.46,5,4,3,12,Loyal Customers,0,High-Spend Watchlist,0.7305254102949689,-0.5540222870788073,51.40793,-16.254852
13207,16,2,250.26000000000002,4,2,2,8,Potential Loyalists,0,High-Spend Watchlist,-0.3715230207601677,-1.1031577032409747,-26.27213,-55.15581
13208,59,6,1217.65,3,5,4,12,Loyal Customers,2,High-Value Active,0.9651900961054058,0.12551744216514954,61.77539,25.744104
13209,31,8,5891.61,4,5,5,14,Champions,2,High-Value Active,2.0993717305087545,0.46694537005814324,24.426231,31.367937
13210,94,1,353.48,2,1,2,5,Needs Attention,0,High-Spend Watchlist,-0.9507965006328711,-0.4986829787045388,-45.287266,-2.9270895
13211,11,3,1095.42,5,3,4,12,Potential Loyalists,0,High-Spend Watchlist,0.6345876697403873,-0.5753608386226735,35.72394,-44.92306
13212,20,3,786.83,4,3,3,10,Potential Loyalists,0,High-Spend Watchlist,0.42973035820956146,-0.596128166271274,30.978857,-49.84962
13213,57,5,1520.58,3,4,4,11,Loyal Customers,2,High-Value Active,0.942470192779557,0.10608266961099412,47.71284,8.5706005
13216,268,1,333.74,1,1,2,4,Lost Customers,1,Dormant Customers,-1.8198322096444597,1.0049012981513212,-23.859333,25.761917
13217,123,3,533.98,2,3,3,8,At Risk,0,High-Spend Watchlist,-0.2570914929408965,0.1876917937591412,14.875899,-23.098783
13218,128,1,62.63999999999999,2,1,1,4,Needs Attention,1,Dormant Customers,-1.9535429795497874,-0.7181550949450213,-52.495117,21.857023
13220,79,4,819.2900000000001,2,4,3,9,At Risk,0,High-Spend Watchlist,0.3680198475865078,0.031203632345785506,38.487537,-16.669174
13221,241,2,847.41,1,2,3,6,At Risk,1,Dormant Customers,-0.8650548227200575,1.2294908883509825,1.1844732,2.8654528
13223,201,2,163.20000000000002,1,2,1,4,Lost Customers,1,Dormant Customers,-1.473430114839908,0.3858342576557944,-11.135759,-2.427467
13224,61,2,2155.95,3,2,5,10,Needs Attention,0,High-Spend Watchlist,0.46052331432525784,-0.06307420173940059,3.7211375,-31.36447
13225,4,7,6463.84,5,5,5,15,Champions,2,High-Value Active,2.1675699467320166,0.20631410751731977,25.824507,29.993876
13226,274,1,108.21000000000001,1,1,1,3,Lost Customers,1,Dormant Customers,-2.3956328772854745,0.7203921125549064,-34.848854,39.1114
13227,202,1,257.7,1,1,2,4,Lost Customers,1,Dormant Customers,-1.6266038556153477,0.35051941086758265,-38.346603,17.111849
13228,82,1,358.0,2,1,2,5,Needs Attention,0,High-Spend Watchlist,-0.8866066394148775,-0.5997555649236834,-46.50582,-4.6982384
13229,226,1,160.95,1,1,1,3,Lost Customers,1,Dormant Customers,-1.9712659435515223,0.41938581917098794,-38.04627,27.725248
13230,5,14,2755.63,5,5,5,15,Champions,2,High-Value Active,2.3206538893378226,0.23894987121649885,29.806772,52.30112
13232,13,7,1328.35,5,5,4,14,Champions,2,High-Value Active,1.3519222244878495,-0.19083800257551478,52.24391,35.293354
13233,75,2,605.12,2,2,3,7,At Risk,0,High-Spend Watchlist,-0.22682746441853088,-0.3225714175473831,-13.671154,-36.520355
13235,213,1,1031.07,1,1,4,6,At Risk,1,Dormant Customers,-1.0043066237750924,0.8629040221531303,-22.830585,10.854287
13236,25,2,744.85,4,2,3,9,Potential Loyalists,0,High-Spend Watchlist,0.11612835524419296,-0.6971833415525395,-2.9101057,-44.95194
13238,18,4,700.73,4,4,3,11,Loyal Customers,0,High-Spend Watchlist,0.5866666990161594,-0.5489197088509475,50.37248,-21.037592
13239,262,1,329.56,1,1,2,4,Lost Customers,1,Dormant Customers,-1.7969643960419057,0.9486790178910971,-24.67241,25.0597
13240,97,4,663.65,2,4,3,9,At Risk,0,High-Spend Watchlist,0.17830197564479264,0.12523664126913034,35.613785,-18.535658
13242,113,3,270.40000000000003,2,3,2,7,At Risk,0,High-Spend Watchlist,-0.5400490338415803,-0.10386395735927133,11.287605,-22.27299
13243,204,1,585.12,1,1,3,5,At Risk,1,Dormant Customers,-1.237012716557877,0.614033510291787,-26.310137,12.414348
13244,93,1,121.74000000000001,2,1,1,4,Needs Attention,0,High-Spend Watchlist,-1.4637157480363663,-0.8264760322357094,-63.811,7.7301073
13245,51,1,430.5,3,1,2,6,Needs Attention,0,High-Spend Watchlist,-0.6469640164071335,-0.8153706910136534,-46.805336,-15.896154
13246,19,6,1961.52,4,5,4,13,Champions,2,High-Value Active,1.3911477234041434,-0.08075660356836,52.42764,22.714361
13247,18,4,501.12,4,4,3,11,Loyal Customers,0,High-Spend Watchlist,0.4232690495357527,-0.6496095488891299,52.878536,-25.21829
13248,125,2,465.68,2,2,2,6,Needs Attention,0,High-Spend Watchlist,-0.5961388425125962,0.03579953254531228,-8.380037,-15.058109
13249,93,3,711.41,2,3,3,8,At Risk,0,High-Spend Watchlist,0.027745409032411808,0.011645549043407435,18.90649,-31.141565
13253,157,2,1030.4,2,2,4,8,At Risk,0,High-Spend Watchlist,-0.36367869282001997,0.5540555491956017,-0.081809066,-14.721933
13255,10,2,399.51,5,2,2,9,Potential Loyalists,0,High-Spend Watchlist,-0.11490786579651381,-1.0153388514173387,-15.620883,-57.023304
13258,12,3,672.83,5,3,3,11,Potential Loyalists,0,High-Spend Watchlist,0.39209566527504386,-0.7130716546734044,29.77614,-53.97396
13259,62,1,283.18,3,1,2,6,Needs Attention,0,High-Spend Watchlist,-0.9040267506991464,-0.8448703394307334,-53.11572,-7.4635496
13260,62,1,557.62,3,1,3,7,Needs Attention,0,High-Spend Watchlist,-0.574086389866699,-0.641552591225653,-40.093063,-15.109008
13261,269,2,944.1,1,2,4,7,At Risk,1,Dormant Customers,-0.9477110980975945,1.5066880371613216,1.4485826,4.8243027
13262,264,1,200.29,1,1,1,3,Lost Customers,1,Dormant Customers,-2.0487880616682776,0.8169367945523323,-31.0941,31.072643
13263,2,35,7436.93,5,5,5,15,Champions,2,High-Value Active,3.6191616240701796,0.9017175737550905,11.987299,63.6623
13265,54,5,2092.66,3,4,5,12,Loyal Customers,2,High-Value Active,1.1127801742966754,0.17587505869260814,49.661705,9.8638115
13266,12,12,3834.2599999999998,5,5,5,15,Champions,2,High-Value Active,2.317352907625918,0.3356620114484437,24.019772,46.82531
13267,3,19,4521.49,5,5,5,15,Champions,2,High-Value Active,2.834697330591299,0.4986792312795257,18.233952,57.082947
13268,18,11,3174.75,4,5,5,14,Champions,2,High-Value Active,2.123142428933683,0.2956470093538403,29.077827,47.17156
13269,2,15,5343.28,5,5,5,15,Champions,2,High-Value Active,2.717271662400917,0.4406612599623011,18.526632,52.069405
13270,367,1,590.0,1,1,3,5,At Risk,1,Dormant Customers,-2.020858492846229,2.041204988525826,-8.166988,49.72678
13271,38,1,211.49,3,1,1,5,Needs Attention,0,High-Spend Watchlist,-0.929937364944063,-1.1420931911945162,-63.713345,-9.052772
13272,32,2,276.56,4,2,2,8,Potential Loyalists,0,High-Spend Watchlist,-0.4002647525938147,-0.9333650560490351,-23.436152,-51.797028
13273,114,1,138.98,2,1,1,4,Needs Attention,0,High-Spend Watchlist,-1.5010617287925512,-0.6033905315222569,-52.289703,12.306012
13276,64,2,590.9300000000001,3,2,3,8,Needs Attention,0,High-Spend Watchlist,-0.18522146637098705,-0.4258417592531162,-12.734662,-37.697178
13277,16,4,258.4,4,4,2,10,Loyal Customers,0,High-Spend Watchlist,0.11051097579656506,-0.865777134571294,55.07391,-28.987465
13278,41,1,542.73,3,1,3,7,Needs Attention,0,High-Spend Watchlist,-0.4857675612085691,-0.833227310218204,-43.507645,-19.50604
13279,79,1,137.75,2,1,1,4,Needs Attention,0,High-Spend Watchlist,-1.336190703474894,-0.9119578525602803,-63.33124,3.3080952
13280,123,3,798.46,2,3,3,8,At Risk,0,High-Spend Watchlist,-0.06098715084520489,0.30853634017212944,17.642672,-24.543314
13282,19,3,1132.14,4,3,4,11,Potential Loyalists,0,High-Spend Watchlist,0.6119996946424858,-0.49552810934186087,34.560413,-42.69748
13283,60,2,93.66,3,2,1,6,Needs Attention,0,High-Spend Watchlist,-1.0607631002121594,-1.0122490749071182,-32.17635,-49.47441
13284,331,1,201.19,1,1,1,3,Lost Customers,1,Dormant Customers,-2.3704682652653952,1.403882346422342,-22.154413,42.105064
13285,24,4,2709.12,4,4,5,13,Champions,2,High-Value Active,1.2172895215420054,-0.08999966746957054,38.49404,1.937352
13291,156,1,361.11,2,1,2,5,Needs Attention,1,Dormant Customers,-1.2400897694356827,0.04962522321895807,-35.907604,7.768104
13292,39,2,578.9399999999999,3,2,3,8,Needs Attention,0,High-Spend Watchlist,-0.07436883999413986,-0.6505065823697677,-9.325465,-45.49483
13294,190,2,873.74,1,2,3,6,At Risk,1,Dormant Customers,-0.6036159881302825,0.7929270959498271,2.271266,-1.8022557
13295,360,1,201.20000000000002,1,1,1,3,Lost Customers,1,Dormant Customers,-2.510621489835301,1.657367396926811,-19.123869,53.042953
13296,138,1,87.4,2,1,1,4,Needs Attention,1,Dormant Customers,-1.8414503811871328,-0.5318907221726016,-51.558506,20.511028
13297,8,4,2089.85,5,4,5,14,Champions,2,High-Value Active,1.167984690597863,-0.3078866167926307,42.49193,-0.32595924
13298,2,1,360.0,5,1,2,8,New Customers,0,High-Spend Watchlist,-0.4971983469647481,-1.2973123586777338,-57.913094,-24.219982
13299,269,1,142.5,1,1,1,3,Lost Customers,1,Dormant Customers,-2.2381614748918417,0.7588350331868737,-33.835423,35.878254
13300,170,1,371.89,2,1,2,5,Needs Attention,1,Dormant Customers,-1.2934407054190387,0.1808150396588638,-34.494267,9.390305
13301,104,4,618.09,2,4,3,9,At Risk,0,High-Spend Watchlist,0.1098006175147212,0.16505735872880284,35.135597,-18.767736
13302,156,1,63.75,2,1,1,4,Needs Attention,1,Dormant Customers,-2.0804453276977037,-0.4682235157664012,-51.119183,23.419258
13304,352,1,300.42,1,1,2,4,Lost Customers,1,Dormant Customers,-2.277048348737741,1.7075491610153308,-13.582342,51.251797
13305,5,10,2000.86,5,5,4,14,Champions,2,High-Value Active,1.8812467919734253,0.004400030372696427,39.740986,44.50754
13307,121,1,15.0,2,1,1,4,Needs Attention,1,Dormant Customers,-2.593710877845157,-1.1946760605194118,-71.50996,12.497159
13308,23,3,1385.51,4,3,4,11,Potential Loyalists,0,High-Spend Watchlist,0.6911777443306968,-0.3998605451811049,34.602364,-37.645706
13309,8,5,1456.79,5,4,4,13,Champions,2,High-Value Active,1.1584141041483633,-0.33507826090803644,64.25508,3.6782236
13310,29,3,1132.03,4,3,4,11,Potential Loyalists,0,High-Spend Watchlist,0.5636152787276864,-0.4081538059724256,32.617805,-41.9702
13311,5,2,598.57,5,2,3,10,Potential Loyalists,0,High-Spend Watchlist,0.10622752916063362,-0.9376645388541125,-3.5714042,-52.783478
13313,23,5,1555.32,4,4,4,12,Champions,2,High-Value Active,1.1178365758559259,-0.18429813899705666,61.967705,2.5516512
13314,2,3,775.94,5,3,3,11,Potential Loyalists,0,High-Spend Watchlist,0.5099419603777051,-0.7576417590447625,32.48735,-52.914326
13316,38,4,5732.93,3,4,5,12,Loyal Customers,2,High-Value Active,1.515461850663018,0.25780783867157375,32.1053,7.66516
13317,67,6,2273.68,3,5,5,13,Loyal Customers,2,High-Value Active,1.2311898853052305,0.38318538459937507,43.651325,14.714293
13318,2,3,640.76,5,3,3,11,Potential Loyalists,0,High-Spend Watchlist,0.4166274743078542,-0.8151445487452054,30.311024,-55.105637
13319,6,26,10845.550000000001,5,5,5,15,Champions,2,High-Value Active,3.5212919590044476,0.9218832187715922,9.832857,61.18871
13320,79,4,1532.2,2,4,4,10,At Risk,2,High-Value Active,0.6733525436343937,0.21935750372185542,35.131832,-8.828221
13321,73,2,567.36,2,2,3,7,At Risk,0,High-Spend Watchlist,-0.24856107719766105,-0.3594022348338655,-14.311555,-37.263325
13322,18,1,199.48000000000002,4,1,1,6,New Customers,0,High-Spend Watchlist,-0.8616656918316985,-1.334402481100528,-69.06908,-13.416951
13323,4,5,787.85,5,4,3,12,Loyal Customers,2,High-Value Active,0.8779588453265712,-0.5547780253815775,67.85645,-6.4004817
13324,37,10,7121.95,3,5,5,13,Loyal Customers,2,High-Value Active,2.3461851354839474,0.6659150977029131,19.503307,39.663948
13325,82,1,675.3,2,1,3,6,At Risk,0,High-Spend Watchlist,-0.5774368793917324,-0.40923719589961366,-35.747654,-11.007351
13327,39,8,3627.77,3,5,5,13,Loyal Customers,2,High-Value Active,1.8240311368840445,0.3910254259704947,34.832226,24.021933
13328,317,1,1308.48,1,1,4,6,At Risk,1,Dormant Customers,-1.3907943934598617,1.8435165811743044,-12.495197,19.198414
13329,32,2,789.0,4,2,3,9,Potential Loyalists,0,High-Spend Watchlist,0.11036675789475676,-0.6187007675904973,-3.626953,-42.49251
13330,93,3,1140.93,2,3,4,9,At Risk,0,High-Spend Watchlist,0.25807800003167936,0.15358242400486372,22.34955,-30.052078
13332,15,1,350.9,4,1,2,7,New Customers,0,High-Spend Watchlist,-0.5725000926516597,-1.191368199199924,-57.389725,-22.556675
13334,83,3,3502.32,2,3,5,10,At Risk,2,High-Value Active,0.8536576209331564,0.4034038993689273,22.687128,-14.852366
13336,78,1,795.12,2,1,3,6,At Risk,0,High-Spend Watchlist,-0.47847391121417426,-0.3951296766966757,-34.19299,-12.271143
13338,158,1,487.02,2,1,2,5,Needs Attention,1,Dormant Customers,-1.1040809615890852,0.15687535894891133,-34.25254,3.2195287
13339,201,1,860.12,1,1,3,5,At Risk,1,Dormant Customers,-1.0347052168362132,0.703543594210993,-23.916832,10.842932
13340,46,7,10736.48,3,5,5,13,Loyal Customers,2,High-Value Active,2.2122371840060833,0.7260373214216331,21.502302,29.179579
13341,261,1,775.85,1,1,3,5,At Risk,1,Dormant Customers,-1.3750030813755985,1.1969834452536288,-16.898468,19.248486
13343,178,1,353.43,2,1,2,5,Needs Attention,1,Dormant Customers,-1.3568963620301988,0.23546405101358214,-33.790855,10.89722
13344,68,3,2511.69,3,3,5,11,Needs Attention,2,High-Value Active,0.7639138864786508,0.17231645883194038,23.668552,-15.542022
13345,288,1,389.5,1,1,2,4,Lost Customers,1,Dormant Customers,-1.8412908826904841,1.2260579644019507,-19.785305,26.638733
13347,71,1,341.36,3,1,2,6,Needs Attention,0,High-Spend Watchlist,-0.8566046042205651,-0.7101765674082975,-49.079502,-6.4377184
13348,65,1,233.76,3,1,1,5,Needs Attention,0,High-Spend Watchlist,-1.0117912801213993,-0.876120610026714,-57.738632,-4.204767
13349,11,1,247.32,5,1,1,7,New Customers,0,High-Spend Watchlist,-0.7233579849207828,-1.3312067285268565,-64.661156,-18.699713
13350,17,2,979.12,4,2,4,10,Potential Loyalists,0,High-Spend Watchlist,0.2881438753731977,-0.6849349689672923,2.0506513,-41.242947
13351,67,1,373.94,3,1,2,6,Needs Attention,0,High-Spend Watchlist,-0.7928929086370932,-0.7177917903006582,-47.036655,-10.224551
13352,61,1,397.97999999999996,3,1,2,6,Needs Attention,0,High-Spend Watchlist,-0.7335527751887078,-0.7515388877000755,-46.49205,-11.670537
13354,72,1,743.53,3,1,3,7,Needs Attention,0,High-Spend Watchlist,-0.4821780110412198,-0.46772625439167204,-35.04582,-12.606305
13355,123,1,674.7,2,1,3,6,At Risk,0,High-Spend Watchlist,-0.7760519697514663,-0.051149820864369325,-34.367256,-1.7021136
13356,81,1,768.24,2,1,3,6,At Risk,0,High-Spend Watchlist,-0.5097424050800474,-0.37924111997035403,-34.657936,-11.722936
13357,258,1,609.4,1,1,3,5,At Risk,1,Dormant Customers,-1.4782175563309303,1.0982230194304952,-19.630016,19.191725
13358,269,1,439.03,1,1,2,4,Lost Customers,1,Dormant Customers,-1.6911548653429853,1.0959145945541708,-21.89394,21.896614
13359,64,1,439.56,3,1,2,6,Needs Attention,0,High-Spend Watchlist,-0.6996582434553857,-0.6954951962771944,-44.1069,-10.990097
13362,10,4,3090.7400000000002,5,4,5,14,Champions,2,High-Value Active,1.3492743932622142,-0.1727332274327522,39.200943,2.8882344
13363,18,2,992.5,4,2,4,10,Potential Loyalists,0,High-Spend Watchlist,0.2899293941062668,-0.6721156836733221,2.0050175,-40.949863
13364,72,1,134.95999999999998,3,1,1,5,Needs Attention,0,High-Spend Watchlist,-1.3122711478710825,-0.9792510249742158,-64.036575,2.9432015
13365,34,2,2225.37,3,2,5,10,Needs Attention,0,High-Spend Watchlist,0.6064974049394786,-0.28953427934004317,4.9208727,-32.383747
13366,51,1,56.160000000000004,3,1,1,5,Needs Attention,0,High-Spend Watchlist,-1.6337722184503862,-1.423467321094101,-71.32268,8.92129
13368,257,2,623.4,1,2,3,6,At Risk,1,Dormant Customers,-1.0920559804426566,1.277110970990736,-0.78668183,3.9825828
13369,366,1,308.28000000000003,1,1,2,4,Lost Customers,1,Dormant Customers,-2.332153336572439,1.837658085527526,-12.6518345,52.208897
13370,372,1,754.87,1,1,3,5,At Risk,1,Dormant Customers,-1.9249093043864605,2.1589263630140922,-7.7255654,49.36225
13372,90,1,378.64,2,1,2,5,Needs Attention,0,High-Spend Watchlist,-0.8979866311127949,-0.5130161876018269,-44.836864,-4.1161656
13373,61,3,3312.25,3,3,5,11,Needs Attention,2,High-Value Active,0.9327678010580266,0.19433557131128287,23.377644,-16.109686
13375,89,1,778.65,2,1,3,6,At Risk,0,High-Spend Watchlist,-0.5418499012007376,-0.3052745647261491,-34.40613,-11.097905
13376,100,3,1019.76,2,3,4,9,At Risk,0,High-Spend Watchlist,0.16948207073801919,0.1810203491628621,21.322714,-29.88291
13379,27,3,572.56,4,3,3,10,Potential Loyalists,0,High-Spend Watchlist,0.24093728215902954,-0.630434303597121,24.971128,-53.701252
13381,32,6,3639.31,4,5,5,14,Champions,2,High-Value Active,1.629924858894821,0.21873105182696548,30.194569,23.46487
13382,281,1,222.99,1,1,1,3,Lost Customers,1,Dormant Customers,-2.078796926891571,0.9976676041768922,-28.652775,32.349983
13384,31,7,4151.93,4,5,5,14,Champions,2,High-Value Active,1.8210101687656308,0.3091681183375449,32.695316,23.736288
13385,330,1,534.57,1,1,3,5,At Risk,1,Dormant Customers,-1.8900893713319435,1.6881851907176213,-13.186294,26.140507
13388,132,2,677.1,2,2,3,7,At Risk,0,High-Spend Watchlist,-0.44756680238222457,0.20938646890037715,-5.528019,-17.56068
13389,12,3,797.96,5,3,3,11,Potential Loyalists,0,High-Spend Watchlist,0.475248398718062,-0.6618307986651355,32.272785,-51.037254
13390,75,1,544.08,2,1,3,6,At Risk,0,High-Spend Watchlist,-0.6489028724730993,-0.5353094001393195,-39.87368,-10.08925
13391,204,1,59.8,1,1,1,3,Lost Customers,1,Dormant Customers,-2.343190835580981,-0.06762193709290583,-47.537754,28.575964
13394,2,8,2520.02,5,5,5,15,Champions,2,High-Value Active,1.8250691917728286,-0.04193799641274398,36.277477,37.58613
13395,186,1,307.72,1,1,2,4,Lost Customers,1,Dormant Customers,-1.4629716346691397,0.2638497572719774,-34.081123,12.677789
13396,30,2,1360.99,4,2,4,10,Potential Loyalists,0,High-Spend Watchlist,0.3859293513686256,-0.472330005498309,2.9121547,-36.119705
13397,73,5,1544.13,2,4,4,10,At Risk,2,High-Value Active,0.8726287644271551,0.25054862525473315,46.34939,9.0779295
13398,193,1,457.34,1,1,2,4,Lost Customers,1,Dormant Customers,-1.3038912941124385,0.44391217899886304,-29.613638,11.1824665
13402,128,2,621.23,2,2,3,7,At Risk,0,High-Spend Watchlist,-0.47020791147498314,0.1485584236856202,-6.3015738,-17.880173
13403,18,1,75.0,4,1,1,6,New Customers,0,High-Spend Watchlist,-1.3351885597145303,-1.626199468224636,-76.311844,3.018138
13404,2,2,252.49,5,2,2,9,Potential Loyalists,0,High-Spend Watchlist,-0.2995375961668263,-1.2228644678542522,-26.336193,-57.046436
13405,75,3,572.451,2,3,3,8,At Risk,0,High-Spend Watchlist,0.008826786237766664,-0.2109546415250459,18.953426,-46.95825
13408,2,62,28117.04,5,5,5,15,Champions,2,High-Value Active,4.779372116511914,1.551309584196277,5.293421,65.78269
13410,25,5,1003.06,4,4,4,12,Champions,2,High-Value Active,0.8942145529316256,-0.29866178374845903,64.99497,-4.017033
13411,108,1,213.55,2,1,1,4,Needs Attention,0,High-Spend Watchlist,-1.2635866518361611,-0.5273662887336841,-49.169544,9.239999
13414,134,3,1390.5,2,3,4,9,At Risk,0,High-Spend Watchlist,0.15639056129513043,0.5713991144142896,21.276604,-25.208406
13416,44,2,712.5,3,2,3,8,Needs Attention,0,High-Spend Watchlist,0.0026412139979515494,-0.5444559903320211,-6.618467,-41.271255
13417,5,2,640.83,5,2,3,10,Potential Loyalists,0,High-Spend Watchlist,0.13947765229045433,-0.9171749565997914,-2.4150872,-51.971966
13418,12,18,6127.43,5,5,5,15,Champions,2,High-Value Active,2.8926999633779706,0.6458837031519227,15.219653,55.91101
13419,64,1,221.06,3,1,1,5,Needs Attention,0,High-Spend Watchlist,-1.0341081004068173,-0.9015918121362294,-58.824535,-4.075952
13420,150,2,159.85,2,2,1,5,Needs Attention,1,Dormant Customers,-1.2369740673486618,-0.06612457160579288,-12.8617735,-5.1237593
13421,41,2,1833.71,3,2,4,9,Needs Attention,0,High-Spend Watchlist,0.47820598517463886,-0.28655773779735516,3.7093604,-32.743183
13422,65,1,2626.3,3,1,5,9,Needs Attention,0,High-Spend Watchlist,0.16722950017791471,-0.14957763864653928,-26.719658,-14.45257
13425,109,3,1624.21,2,3,4,9,At Risk,0,High-Spend Watchlist,0.3530249724334891,0.3995952364415404,22.482079,-26.658163
13426,1,10,3641.32,5,5,5,15,Champions,2,High-Value Active,2.1927772952836833,0.14949713955984528,27.573803,43.08799
13427,20,3,582.6,4,3,3,10,Potential Loyalists,0,High-Spend Watchlist,0.28324467022620975,-0.6863964200547865,26.278063,-54.426815
13428,11,1,201.78,5,1,1,7,New Customers,0,High-Spend Watchlist,-0.8222610594641556,-1.3921533503829486,-69.76972,-14.6757765
13429,11,4,1006.8,5,4,4,13,Champions,0,High-Spend Watchlist,0.7972112621799239,-0.5012097449401495,49.625793,-12.298543
13430,19,2,679.45,4,2,3,9,Potential Loyalists,0,High-Spend Watchlist,0.10033045034181537,-0.7772324334199271,-3.397096,-48.292816
13431,68,2,1269.1,3,2,4,9,Needs Attention,0,High-Spend Watchlist,0.16814887138083157,-0.16120984516064066,-1.3772963,-30.692299
13434,75,2,534.24,2,2,3,7,At Risk,0,High-Spend Watchlist,-0.28753854330637474,-0.3599831480171993,-15.24209,-37.903835
13435,6,7,3809.8900000000003,5,5,5,15,Champions,2,High-Value Active,1.899893221195189,0.06480282035434769,31.674042,30.383348
13436,2,1,196.89,5,1,1,7,New Customers,0,High-Spend Watchlist,-0.7906743078592423,-1.478159804473225,-71.106766,-14.660209
13437,15,7,3408.06,4,5,5,14,Champions,2,High-Value Active,1.8019941657870377,0.10994592491821559,33.85757,30.00701
13439,256,1,283.71,1,1,2,4,Lost Customers,1,Dormant Customers,-1.8408553984082678,0.8513182358077198,-27.570324,25.690634
13441,92,1,296.64,2,1,2,5,Needs Attention,0,High-Spend Watchlist,-1.0264465035934716,-0.5687384642776936,-47.00948,-1.5648465
13447,24,3,1129.14,4,3,4,11,Potential Loyalists,0,High-Spend Watchlist,0.5865370141707228,-0.45262385554246115,33.61565,-42.289116
13448,17,6,3534.69,4,5,5,14,Champions,2,High-Value Active,1.688194960162745,0.07885354906889601,30.223087,25.14808
13449,24,1,291.88,4,1,2,7,New Customers,0,High-Spend Watchlist,-0.7056250089759025,-1.1679321774008777,-59.979782,-19.39733
13450,27,6,2043.7199999999998,4,5,4,13,Champions,2,High-Value Active,1.3725087547121044,0.0015096051693512615,51.931995,21.554777
13451,27,5,2898.2599999999998,4,4,5,13,Champions,2,High-Value Active,1.40221228542892,0.03781750820350915,55.220825,11.671608
13452,260,2,590.0,1,2,3,6,At Risk,1,Dormant Customers,-1.1333947232071728,1.286793980978941,-1.1127688,4.1057262
13453,166,2,356.97999999999996,2,2,2,6,Needs Attention,1,Dormant Customers,-0.9237690169457216,0.3143844898947982,-8.135431,-9.1967945
13455,25,2,1058.34,4,2,4,10,Potential Loyalists,0,High-Spend Watchlist,0.2874184976686352,-0.5916299440851989,1.6186557,-39.282616
13456,18,6,1766.72,4,5,4,13,Champions,2,High-Value Active,1.3449479563262798,-0.12094509261449127,53.516148,23.212915
13458,8,14,9646.57,5,5,5,15,Champions,2,High-Value Active,2.9176912095675345,0.6420166530734737,11.062671,50.7616
13460,30,2,183.44,4,2,1,7,Potential Loyalists,0,High-Spend Watchlist,-0.5901217543295126,-1.073797835753856,-29.233461,-51.77592
13461,39,3,1445.0,3,3,4,10,Needs Attention,0,High-Spend Watchlist,0.6343474857434408,-0.24737677161569935,31.795158,-36.31803
13462,253,1,151.5,1,1,1,3,Lost Customers,1,Dormant Customers,-2.131126620789223,0.6372886244348445,-35.958027,32.557377
13464,59,1,674.68,3,1,3,7,Needs Attention,0,High-Spend Watchlist,-0.4667094684111578,-0.6105411746418922,-38.9356,-17.19833
13466,185,1,307.9,1,1,2,4,Lost Customers,1,Dormant Customers,-1.4578533821548498,0.2552847536324084,-34.176983,12.473017
13467,11,2,1071.91,5,2,4,11,Potential Loyalists,0,High-Spend Watchlist,0.36130410174926875,-0.7101657691578666,3.2918024,-40.62256
13468,2,37,5704.97,5,5,5,15,Champions,2,High-Value Active,3.5391281987335237,0.8460842069852024,12.635167,63.69519
13470,100,2,165.0,2,2,1,5,Needs Attention,0,High-Spend Watchlist,-0.979903777810866,-0.4936613713198284,-29.74293,-44.469704
13471,2,4,2501.84,5,4,5,14,Champions,2,High-Value Active,1.2847882473178158,-0.30622327275877437,40.908604,1.3595701
13473,61,2,422.64,3,2,2,7,Needs Attention,0,High-Spend Watchlist,-0.3340178186422815,-0.5526909118735998,-18.489412,-42.032646
13474,237,1,226.84,1,1,1,3,Lost Customers,1,Dormant Customers,-1.857794396409955,0.6182189383601144,-33.153248,25.955854
13475,192,4,1431.78,1,4,4,9,At Risk,0,High-Spend Watchlist,0.09407482483589245,1.1866389546197635,19.143675,-3.5486069
13476,179,2,1238.47,2,2,4,8,At Risk,0,High-Spend Watchlist,-0.3803093641875367,0.8016253597558848,1.0791,-14.231906
13477,38,6,1454.58,3,5,4,12,Loyal Customers,2,High-Value Active,1.1534278110366312,-0.004584685620465407,58.026466,26.979067
13479,201,2,300.95,1,2,2,5,Lost Customers,1,Dormant Customers,-1.1760440453027967,0.5690912131046312,-7.8048077,-3.3328931
13481,46,5,1804.56,3,4,4,11,Loyal Customers,2,High-Value Active,1.0791785780887517,0.06141686836881986,49.730507,8.753971
13482,233,1,184.64,1,1,1,3,Lost Customers,1,Dormant Customers,-1.9384550679610166,0.5216377444214378,-36.23138,27.452316
13483,66,1,140.34,3,1,1,5,Needs Attention,0,High-Spend Watchlist,-1.264323935680437,-1.0200187338858384,-64.34775,2.038846
13484,242,1,313.8,1,1,2,4,Lost Customers,1,Dormant Customers,-1.7241381411752965,0.7591763785687016,-27.801907,21.735952
13485,234,1,454.24,1,1,2,4,Lost Customers,1,Dormant Customers,-1.5053861137814393,0.8002249906641608,-24.735962,17.693323
13486,79,3,1122.41,2,3,4,9,At Risk,0,High-Spend Watchlist,0.31776759048614905,0.026298649706832742,23.058575,-31.853352
13487,58,3,575.4,3,3,3,9,Needs Attention,0,High-Spend Watchlist,0.09350376956052754,-0.3579975487585504,20.936657,-48.617565
13488,18,13,8968.31,4,5,5,14,Champions,2,High-Value Active,2.7707653045495944,0.6767250829487844,11.099685,49.860214
13489,106,4,449.52,2,4,2,8,At Risk,0,High-Spend Watchlist,-0.05503308585159912,0.08692059062605349,35.578438,-20.756433
13491,52,10,1215.82,3,5,4,12,Loyal Customers,2,High-Value Active,1.411030574451162,0.2654338115404641,48.379116,37.229225
13492,137,3,1269.84,2,3,4,9,At Risk,0,High-Spend Watchlist,0.09760971309106856,0.5703338497962093,20.818363,-24.985523
13493,276,2,618.63,1,2,3,6,At Risk,1,Dormant Customers,-1.1876399931632957,1.4408706911171618,-0.7264151,4.9480877
13494,312,1,316.26000000000005,1,1,2,4,Lost Customers,1,Dormant Customers,-2.058697279697134,1.3733426070213812,-16.361067,30.244404
13495,8,5,2044.8700000000001,5,4,4,13,Champions,2,High-Value Active,1.3238581722129505,-0.23312736503124476,60.63309,7.7437987
13496,11,2,653.33,5,2,3,10,Potential Loyalists,0,High-Spend Watchlist,0.1198915697454618,-0.8589303891384662,-2.707682,-50.717842
13497,283,2,348.05,1,2,2,5,Lost Customers,1,Dormant Customers,-1.5016445013621353,1.3294060443876854,-5.6543655,4.989281
13499,18,5,1159.11,4,4,4,12,Champions,2,High-Value Active,0.9985740632621312,-0.31638578426876424,65.2965,-1.3354431
13500,24,3,1166.77,4,3,4,11,Potential Loyalists,0,High-Spend Watchlist,0.6025269855584554,-0.44277042333969885,33.861588,-41.718964
13501,289,1,1340.32,1,1,4,6,At Risk,1,Dormant Customers,-1.24372270885779,1.6060138665950412,-13.375752,18.525366
13502,17,3,292.0,4,3,2,9,Potential Loyalists,0,High-Spend Watchlist,-0.038629538318311056,-0.9199006054601355,18.581966,-58.204056
13503,72,1,216.85,3,1,1,5,Needs Attention,0,High-Spend Watchlist,-1.0821218558904668,-0.8374271035890558,-57.671135,-2.831379
13504,65,1,295.93,3,1,2,6,Needs Attention,0,High-Spend Watchlist,-0.8971024450048861,-0.8054463959314132,-52.160065,-6.926872
13505,73,4,4393.63,2,4,5,11,At Risk,2,High-Value Active,1.216418383358225,0.48369464524578887,33.51118,2.255881
13506,317,2,458.52,1,2,2,5,Lost Customers,1,Dormant Customers,-1.5317575682627882,1.7092956875307286,-1.0774632,13.517659
13507,4,4,2479.16,5,4,5,14,Champions,2,High-Value Active,1.2706769575105978,-0.29148100765820584,40.8883,1.267747
13508,244,1,110.97,1,1,1,3,Lost Customers,1,Dormant Customers,-2.238437707167749,0.46568974516173867,-41.0263,32.12228
13509,9,7,979.72,5,5,4,14,Champions,2,High-Value Active,1.2227737873946953,-0.31729860647980185,54.99576,36.059555
13510,2,4,1791.56,5,4,4,13,Champions,2,High-Value Active,1.1218437525665153,-0.4066338671815434,44.641544,-1.3353332
13512,261,1,251.21,1,1,2,4,Lost Customers,1,Dormant Customers,-1.9241954253850926,0.8585569780164651,-28.714716,28.320469
13513,127,1,205.1,2,1,1,4,Needs Attention,0,High-Spend Watchlist,-1.3750426103966038,-0.3733872704275512,-47.875782,11.11984
13514,74,1,152.20000000000002,2,1,1,4,Needs Attention,0,High-Spend Watchlist,-1.2636582111373569,-0.9258564759698714,-62.818867,1.9149203
13515,73,4,891.12,2,4,3,9,At Risk,0,High-Spend Watchlist,0.438000998068967,0.004013803710096332,39.04653,-16.14938
13516,22,3,1389.41,4,3,4,11,Potential Loyalists,0,High-Spend Watchlist,0.6973826731422985,-0.40775591089811164,34.874092,-37.61187
13517,60,3,2128.42,3,3,5,11,Needs Attention,2,High-Value Active,0.7217880722227791,0.05260542579941176,29.134104,-31.524664
13518,86,1,627.16,2,1,3,6,At Risk,0,High-Spend Watchlist,-0.6328196122448363,-0.39648945165415167,-36.49231,-10.118165
13519,79,1,122.75,2,1,1,4,Needs Attention,0,High-Spend Watchlist,-1.392043250255885,-0.9463756304107349,-64.554596,6.217079
13520,59,6,3624.35,3,5,5,13,Loyal Customers,2,High-Value Active,1.497404577003127,0.4534817128753089,37.15373,16.439442
13521,2,3,1071.73,5,3,4,12,Potential Loyalists,0,High-Spend Watchlist,0.667427475565836,-0.6605951284289096,36.366116,-46.02121
13522,31,1,125.80000000000001,4,1,1,6,New Customers,0,High-Spend Watchlist,-1.1481395692910625,-1.3585880281166902,-73.33551,-2.1120775
13523,34,5,3964.88,3,4,5,12,Loyal Customers,2,High-Value Active,1.5213087940219139,0.19324086286093842,33.194344,10.9859295
13524,41,5,680.1800000000001,3,4,3,10,Loyal Customers,0,High-Spend Watchlist,0.6274720209256007,-0.2755313595108939,64.574196,-9.115623
13525,15,2,628.78,4,2,3,9,Potential Loyalists,0,High-Spend Watchlist,0.08188824209469374,-0.835473007787779,-3.8646908,-49.924126
13527,34,7,2242.36,3,5,5,13,Loyal Customers,2,High-Value Active,1.5058702059004305,0.1501277645450309,40.938736,28.079351
13529,79,2,307.76,2,2,2,6,Needs Attention,0,High-Spend Watchlist,-0.5754446173275469,-0.49052227541161336,-25.083443,-43.54587
13531,206,2,483.8,1,2,2,5,Lost Customers,1,Dormant Customers,-0.9690727696669785,0.755227257167456,-2.0599484,-1.3278213
13532,34,1,210.31,3,1,1,5,Needs Attention,0,High-Spend Watchlist,-0.913321058617851,-1.1787298059240838,-64.39453,-9.689071
13533,183,3,269.09,1,3,2,6,At Risk,1,Dormant Customers,-0.8807702505792373,0.5065050397878987,6.634536,-9.2981415
13534,3,25,5870.08,5,5,5,15,Champions,2,High-Value Active,3.201682409985766,0.6941824059976603,14.183673,61.13287
13536,2,7,3444.39,5,5,5,15,Champions,2,High-Value Active,1.8700072268371677,-0.0004897097582888753,32.985737,30.635548
13538,44,7,1280.85,3,5,4,12,Loyal Customers,2,High-Value Active,1.1843147488396824,0.06916703663638425,50.5926,32.33821
13539,86,3,631.34,2,3,3,8,At Risk,0,High-Spend Watchlist,0.003377710101971651,-0.08540347328879654,18.9401,-45.789738
13544,40,2,276.06,3,2,2,7,Needs Attention,0,High-Spend Watchlist,-0.4398145732817237,-0.8639846528857714,-23.647604,-50.074215
13546,13,3,621.09,5,3,3,11,Potential Loyalists,0,High-Spend Watchlist,0.34825996910859697,-0.7283653370089387,28.514933,-54.620186
13548,97,2,678.16,2,2,3,7,At Risk,0,High-Spend Watchlist,-0.27762470094774033,-0.09605592442510898,-7.529085,-23.163975
13549,26,7,918.2,4,5,3,12,Loyal Customers,2,High-Value Active,1.108975119876371,-0.1882012310983046,55.91588,35.600773
13551,320,1,91.80000000000001,1,1,1,3,Lost Customers,1,Dormant Customers,-2.6974711550757755,1.0734657142216697,-31.150154,44.98303
13552,67,12,3740.07,3,5,5,13,Loyal Customers,2,High-Value Active,2.0393604724173007,0.8089010594510802,18.329884,43.367073
13555,74,4,4098.88,2,4,5,11,At Risk,2,High-Value Active,1.1776926551086355,0.4715498567516578,33.583065,2.1213572
13557,29,2,584.06,4,2,3,9,Potential Loyalists,0,High-Spend Watchlist,-0.021740856153593828,-0.7352658898871004,-7.7541223,-47.422405
13558,6,4,594.52,5,4,3,12,Loyal Customers,0,High-Spend Watchlist,0.5645545092795414,-0.7031738416420269,52.911785,-23.102077
13560,8,1,171.42000000000002,5,1,1,7,New Customers,0,High-Spend Watchlist,-0.8869366071110487,-1.4671650965997998,-73.101776,-12.130004
13561,216,1,141.85999999999999,1,1,1,3,Lost Customers,1,Dormant Customers,-1.9841573565680772,0.2942517718093667,-40.880882,27.104612
13562,82,3,1799.33,2,3,4,9,At Risk,0,High-Spend Watchlist,0.5334915654474959,0.19439032719977653,27.393898,-31.124
13563,85,2,777.53,2,2,3,7,At Risk,0,High-Spend Watchlist,-0.1529592662557317,-0.15986190467605643,-6.864321,-26.458511
13564,145,3,1724.67,2,3,4,9,At Risk,0,High-Spend Watchlist,0.208291758309784,0.7322909980649132,20.597069,-8.929517
13565,20,2,240.22,4,2,1,7,Potential Loyalists,0,High-Spend Watchlist,-0.4107651571808291,-1.0804637077607397,-26.708374,-54.526314
13566,41,2,856.84,3,2,3,8,Needs Attention,0,High-Spend Watchlist,0.10708176332160502,-0.5152540418843844,-3.9078267,-40.63123
13568,174,1,187.05,2,1,1,4,Needs Attention,1,Dormant Customers,-1.646969838159793,0.009837293310611466,-43.80338,17.281916
13569,18,2,338.62,4,2,2,8,Potential Loyalists,0,High-Spend Watchlist,-0.2340834965957114,-0.995025923266791,-19.553265,-55.789318
13570,244,1,239.49,1,1,1,3,Lost Customers,1,Dormant Customers,-1.8652517059715725,0.6956565707826775,-32.014305,26.190184
13571,13,12,2088.94,5,5,5,15,Champions,2,High-Value Active,2.0161457972568075,0.16176943488845813,32.93111,51.44383
13572,206,1,1384.25,1,1,4,6,At Risk,1,Dormant Customers,-0.8267932008097046,0.8902593467320319,-22.26322,10.305242
13573,51,2,290.25,3,2,2,7,Needs Attention,0,High-Spend Watchlist,-0.4686018560841167,-0.7528150886904026,-23.533115,-47.216003
13575,24,5,732.0699999999999,4,4,3,11,Loyal Customers,0,High-Spend Watchlist,0.7454843123290096,-0.40203219132937545,65.675644,-8.351029
13576,11,18,6717.34,5,5,5,15,Champions,2,High-Value Active,2.942398388701148,0.6647901501927973,14.342925,55.922173
13577,26,4,1687.6000000000001,4,4,4,12,Champions,2,High-Value Active,0.9766687462158581,-0.21483838126654026,42.725964,-4.8673244
13579,15,2,467.04,4,2,2,8,Potential Loyalists,0,High-Spend Watchlist,-0.06301100400835541,-0.924763655224655,-11.030471,-54.964497
13581,310,1,118.0,1,1,1,3,Lost Customers,1,Dormant Customers,-2.5277357139270666,1.0608710380875515,-30.28034,42.930115
13583,156,1,781.03,2,1,3,6,At Risk,0,High-Spend Watchlist,-0.8642199937268612,0.28124585981720335,-32.660934,0.026606608
13584,307,1,142.4,1,1,1,3,Lost Customers,1,Dormant Customers,-2.422182476491841,1.0907586536076512,-28.64325,41.588467
13587,64,1,712.4,3,1,3,7,Needs Attention,0,High-Spend Watchlist,-0.4643588751522851,-0.5504976652180614,-38.213047,-16.522615
13588,16,9,2478.95,4,5,5,14,Champions,2,High-Value Active,1.845590769543222,0.12246852520845722,36.937065,41.700256
13589,15,2,379.65,4,2,2,8,Potential Loyalists,0,High-Spend Watchlist,-0.16390430705306938,-0.9869367071430933,-16.860502,-56.161804
13590,12,6,1981.92,5,5,4,14,Champions,2,High-Value Active,1.4300319526811631,-0.13882815863853074,52.091766,23.821577
13591,65,3,1117.13,3,3,4,10,Needs Attention,0,High-Spend Watchlist,0.3831395927111096,-0.09748347610346762,23.7395,-33.59515
13592,36,4,247.95999999999998,3,4,1,8,Loyal Customers,0,High-Spend Watchlist,-0.0062169255574767894,-0.7033278205341101,55.041576,-29.292141
13593,109,5,2011.88,2,4,4,10,At Risk,2,High-Value Active,0.827718131869203,0.644757632643978,27.79094,-4.393184
13594,53,1,396.97,3,1,2,6,Needs Attention,0,High-Spend Watchlist,-0.6961205223341878,-0.8222241907018125,-47.83092,-14.584958
13596,6,2,664.11,5,2,3,10,Potential Loyalists,0,High-Spend Watchlist,0.15203720726451997,-0.8977164326807784,-1.9073379,-51.442482
13598,48,1,160.04,3,1,1,5,Needs Attention,0,High-Spend Watchlist,-1.1136177366946716,-1.1380917404593789,-65.92293,-2.1884484
13599,2,21,5149.92,5,5,5,15,Champions,2,High-Value Active,2.9900832408797973,0.5715814037074867,16.511871,58.65767
13600,313,1,219.52,1,1,1,3,Lost Customers,1,Dormant Customers,-2.241097323016164,1.2726620051422959,-22.486647,40.240063
13601,46,2,693.32,3,2,3,8,Needs Attention,0,High-Spend Watchlist,-0.020328774486221092,-0.5351726835185848,-7.2213674,-41.108425
13602,65,1,428.89,3,1,2,6,Needs Attention,0,High-Spend Watchlist,-0.7164607290476059,-0.6941303179963852,-44.508114,-10.793402
13603,27,1,164.34,4,1,1,6,New Customers,0,High-Spend Watchlist,-0.9992459375443694,-1.3137119480209631,-70.988846,-8.398615
13606,30,3,276.75,4,3,2,9,Potential Loyalists,0,High-Spend Watchlist,-0.1275613268669805,-0.822355629445663,17.946354,-57.6653
13607,41,1,675.51,3,1,3,7,Needs Attention,0,High-Spend Watchlist,-0.379103520664566,-0.7674981812230545,-40.205517,-20.197077
13610,13,7,1082.33,5,5,4,14,Champions,2,High-Value Active,1.2520164917980101,-0.25240248820566813,54.39723,35.74887
13611,90,3,1154.4,2,3,4,9,At Risk,0,High-Spend Watchlist,0.2783038613441695,0.1308891126879083,22.650475,-30.365982
13614,25,4,1585.46,4,4,4,12,Champions,2,High-Value Active,0.9510427841429839,-0.24234876177490125,43.676853,-5.5135336
13615,319,1,417.69,1,1,2,4,Lost Customers,1,Dormant Customers,-1.9571083150295159,1.5179773621921395,-14.354738,27.617697
13617,41,3,544.18,3,3,3,9,Needs Attention,0,High-Spend Watchlist,0.1484921373090507,-0.5233353455613418,22.389894,-51.7025
13618,174,1,177.34,2,1,1,4,Needs Attention,1,Dormant Customers,-1.6728510723215535,-0.0061113897703584455,-44.222775,17.65685
13621,117,1,213.85,2,1,1,4,Needs Attention,0,High-Spend Watchlist,-1.306407843407409,-0.44828278590204534,-48.434647,9.914652
13623,31,5,727.74,4,4,3,11,Loyal Customers,0,High-Spend Watchlist,0.7087563451454177,-0.3426318920210957,65.20209,-8.598182
13626,253,1,257.23,1,1,2,4,Lost Customers,1,Dormant Customers,-1.874010391706206,0.7957302670160863,-29.150562,26.540562
13627,60,5,1638.47,3,4,4,11,Loyal Customers,2,High-Value Active,0.9643987134073571,0.15475259679710995,47.603577,9.049472
13629,24,11,7792.36,4,5,5,14,Champions,2,High-Value Active,2.532390856913213,0.6181504471531025,19.59235,39.29759
13630,6,7,2031.78,5,5,4,14,Champions,2,High-Value Active,1.593094017760325,-0.12425475064457008,42.896187,32.834106
13631,100,11,3070.42,2,5,5,12,At Risk,2,High-Value Active,1.7104718409882216,1.002306982812465,22.294737,4.5796666
13632,25,5,2118.93,4,4,5,13,Champions,2,High-Value Active,1.2590447919846646,-0.07384399396900894,54.432987,8.585447
13634,34,5,1547.3600000000001,3,4,4,11,Loyal Customers,2,High-Value Active,1.0621625963808141,-0.08969684977834724,60.968723,0.9654277
13635,68,1,1071.03,3,1,4,8,Needs Attention,0,High-Spend Watchlist,-0.2848751168902505,-0.3930191399857638,-31.472542,-14.199433
13636,37,5,949.12,3,4,4,11,Loyal Customers,2,High-Value Active,0.8092535709683122,-0.2103888971082904,63.852932,-4.9053245
13637,53,3,804.3,3,3,3,9,Needs Attention,0,High-Spend Watchlist,0.2809251545009462,-0.30109867749711083,23.5117,-45.36175
13638,16,1,122.64,4,1,1,6,New Customers,0,High-Spend Watchlist,-1.087954129965368,-1.497285250232601,-75.79672,-2.7148235
13639,75,1,1033.34,2,1,4,7,At Risk,0,High-Spend Watchlist,-0.3361831488683345,-0.34260345212429544,-31.765654,-13.472194
13642,216,1,312.28,1,1,2,4,Lost Customers,1,Dormant Customers,-1.6008247351132547,0.5304712061674571,-30.337938,17.277851
13643,32,3,519.44,4,3,3,10,Potential Loyalists,0,High-Spend Watchlist,0.16932381328000026,-0.6159693542622625,23.069794,-53.5275
13644,17,4,2624.26,4,4,5,13,Champions,2,High-Value Active,1.2355950626293184,-0.16075234022170445,39.281998,1.7757137
13645,121,1,252.1,2,1,2,5,Needs Attention,0,High-Spend Watchlist,-1.2457574442664847,-0.36403243720198886,-46.940838,9.161989
13647,10,4,1648.1200000000001,5,4,4,13,Champions,2,High-Value Active,1.0424586974456296,-0.36180096146205976,45.12745,-3.1917071
13649,257,2,346.6,1,2,2,5,Lost Customers,1,Dormant Customers,-1.3780004175182778,1.1009046441524488,-5.618319,3.4283147
13650,17,6,1836.34,4,5,4,13,Champions,2,High-Value Active,1.3686391179231399,-0.11806499131825186,53.09392,23.251034
13651,36,2,94.2,3,2,1,6,Needs Attention,0,High-Spend Watchlist,-0.9419772868275885,-1.2203062612011748,-32.891205,-50.59012
13652,46,3,1095.08,3,3,4,10,Needs Attention,0,High-Spend Watchlist,0.4652566797595691,-0.26954186267980706,29.320576,-41.384327
13654,44,6,2707.33,3,5,5,13,Loyal Customers,2,High-Value Active,1.4275484920157537,0.23464955416121705,46.451042,19.622234
13655,115,2,932.97,2,2,3,7,At Risk,0,High-Spend Watchlist,-0.20910409101379143,0.15711028815476477,-2.6940005,-24.144043
13656,165,2,379.65,2,2,2,6,Needs Attention,1,Dormant Customers,-0.8889596611579725,0.32411590880884894,-7.8071637,-9.641995
13657,11,2,382.14,5,2,2,9,Potential Loyalists,0,High-Spend Watchlist,-0.1413865127301281,-1.0199366729718504,-16.566208,-57.104042
13658,10,5,2639.17,5,4,5,14,Champions,2,High-Value Active,1.438685854742329,-0.13892958425744525,57.85638,10.72281
13659,206,2,1563.0,1,2,4,7,At Risk,1,Dormant Customers,-0.3972874399663419,1.1075761040867025,5.1558323,1.3950934
13662,86,3,881.26,2,3,3,8,At Risk,0,High-Spend Watchlist,0.16596986359889518,0.014789999378213597,20.816694,-31.90368
13663,180,1,189.47,1,1,1,3,Lost Customers,1,Dormant Customers,-1.6697298173894637,0.06612602388876115,-43.088356,17.593008
13666,61,3,84.65,3,3,1,7,Needs Attention,0,High-Spend Watchlist,-0.8517234679190163,-0.9053139095362208,-33.442696,-48.911163
13667,150,1,299.05,2,1,2,5,Needs Attention,1,Dormant Customers,-1.3028643706004877,-0.05937211880519368,-37.637203,7.6451244
13668,3,21,6309.83,5,5,5,15,Champions,2,High-Value Active,3.08439439569452,0.6414173690217527,14.773051,58.568405
13669,51,2,218.55,3,2,1,6,Needs Attention,0,High-Spend Watchlist,-0.6065617670764499,-0.837829539104303,-27.058275,-48.308987
13670,76,1,349.7,2,1,2,5,Needs Attention,0,High-Spend Watchlist,-0.8690234955476736,-0.6592343947854418,-47.73116,-5.4699297
13672,302,2,186.39000000000001,1,2,1,4,Lost Customers,1,Dormant Customers,-1.897142495595916,1.3083510445973856,-24.639421,36.099915
13673,19,2,387.44,4,2,2,8,Potential Loyalists,0,High-Spend Watchlist,-0.173349423643738,-0.9458810205991428,-16.609615,-54.998093
13675,152,2,486.82000000000005,2,2,2,6,Needs Attention,0,High-Spend Watchlist,-0.7050212358890178,0.28511646930821904,-6.532365,-12.08758
13678,152,1,232.6,2,1,1,4,Needs Attention,1,Dormant Customers,-1.4347415549952207,-0.11720023109791959,-44.3239,13.994361
13680,2,4,3719.12,5,4,5,14,Champions,2,High-Value Active,1.4782675140944368,-0.18699636536817046,35.41069,6.0460925
13681,18,4,827.83,4,4,3,11,Loyal Customers,0,High-Spend Watchlist,0.667931809021242,-0.4988420550222843,50.107746,-17.711765
13682,188,1,59.5,1,1,1,3,Lost Customers,1,Dormant Customers,-2.2682663301430326,-0.2089555697180889,-49.97617,25.208162
13684,286,1,65.13,1,1,1,3,Lost Customers,1,Dormant Customers,-2.6985315586776157,0.6743661756590027,-36.530922,42.743587
13685,3,7,3119.44,5,5,5,15,Champions,2,High-Value Active,1.8168131645558816,-0.02155025832548766,34.386944,30.99792
13686,183,1,72.0,1,1,1,3,Lost Customers,1,Dormant Customers,-2.1524102562504366,-0.19615708634229104,-49.646114,24.364851
13689,64,1,910.0,3,1,3,7,Needs Attention,0,High-Spend Watchlist,-0.34499919818174646,-0.47694515807129373,-32.674774,-14.579418
13690,60,1,172.25,3,1,1,5,Needs Attention,0,High-Spend Watchlist,-1.135944766668323,-1.0112221994190225,-63.118366,-1.4625165
13692,25,3,1488.32,4,3,4,11,Potential Loyalists,0,High-Spend Watchlist,0.7164295910334011,-0.3608617015361767,34.201817,-36.56223
13694,4,50,65039.62,5,5,5,15,Champions,2,High-Value Active,4.986129954965067,1.7268366576064005,4.0593743,65.169334
13695,32,15,2504.13,4,5,5,14,Champions,2,High-Value Active,2.2023753186758905,0.474938951318081,28.45136,53.24205
13697,39,1,151.29999999999998,3,1,1,5,Needs Attention,0,High-Spend Watchlist,-1.097354968436056,-1.2335412277682665,-69.89797,-5.012791
13699,156,1,308.58000000000004,2,1,2,5,Needs Attention,1,Dormant Customers,-1.3166025407936583,0.002476082864669234,-36.90471,8.214484
13700,27,10,2248.63,4,5,5,14,Champions,2,High-Value Active,1.8318702764759351,0.23179100838644598,35.363976,46.47536
13703,319,1,99.5,1,1,1,3,Lost Customers,1,Dormant Customers,-2.6537243018568906,1.0887046492447001,-30.740116,44.589306
13704,6,9,2308.06,5,5,5,15,Champions,2,High-Value Active,1.8590729606972431,0.013586572008594824,37.994442,41.944717
13705,8,3,711.86,5,3,3,11,Potential Loyalists,0,High-Spend Watchlist,0.438918373857111,-0.73109430634449,31.181417,-53.563572
13706,303,1,330.79,1,1,2,4,Lost Customers,1,Dormant Customers,-1.9933330762559824,1.3081506887160645,-17.132593,29.340866
13707,268,2,806.41,1,2,3,6,At Risk,1,Dormant Customers,-1.0197453919606017,1.4505796473226749,0.71307504,4.6909986
13708,272,1,285.33,1,1,2,4,Lost Customers,1,Dormant Customers,-1.9154247794422221,0.9928707052371379,-24.625042,27.701817
13709,4,13,6307.650000000001,5,5,5,15,Champions,2,High-Value Active,2.666653839148492,0.4485028792141622,16.803135,48.773132
13710,32,1,180.48,4,1,1,6,New Customers,0,High-Spend Watchlist,-0.9779448773066937,-1.24199067276138,-68.319336,-8.902233
13711,219,2,252.06,1,2,2,5,Lost Customers,1,Dormant Customers,-1.349279816369494,0.6732809170959658,-8.352601,-1.3472197
13712,247,1,228.84,1,1,1,3,Lost Customers,1,Dormant Customers,-1.9018648538681198,0.7082516140397461,-31.94061,26.870308
13715,282,5,1077.39,1,4,4,9,At Risk,1,Dormant Customers,-0.3131825899824512,1.9690926838382887,-1.1813304,9.200618
13716,270,1,138.28,1,1,1,3,Lost Customers,1,Dormant Customers,-2.25756665715367,0.7585960627454759,-33.968098,36.388237
13717,33,6,1445.01,4,5,4,13,Champions,2,High-Value Active,1.1743761059414215,-0.05027082007760166,57.982296,27.264252
13718,247,2,306.55,1,2,2,5,Lost Customers,1,Dormant Customers,-1.3894234914784855,0.9766754251355166,-6.292083,2.588874
13719,16,5,1041.68,4,4,4,12,Champions,2,High-Value Active,0.956142929491965,-0.36597094707001643,66.141495,-2.769919
13720,117,4,799.9,2,4,3,9,At Risk,0,High-Spend Watchlist,0.17266105597226608,0.35614061454654716,33.8306,-17.60449
13721,37,1,524.14,3,1,3,7,Needs Attention,0,High-Spend Watchlist,-0.4834154211665259,-0.8786538715963199,-44.085644,-20.01686
13722,132,3,2375.41,2,3,5,10,At Risk,2,High-Value Active,0.42733472545213524,0.7149238814103339,21.944422,-9.187522
13723,218,1,199.85000000000002,1,1,1,3,Lost Customers,1,Dormant Customers,-1.8275060284921716,0.4142223601681274,-36.30864,25.48206
13725,50,8,1980.56,3,5,4,12,Loyal Customers,2,High-Value Active,1.4755085322107622,0.30516584980728667,40.803207,23.510561
13726,39,2,1079.6599999999999,3,2,4,9,Needs Attention,0,High-Spend Watchlist,0.22947403503602543,-0.46327077707626896,-0.92851955,-34.93588
13727,29,2,333.48,4,2,2,8,Potential Loyalists,0,High-Spend Watchlist,-0.29469905396057366,-0.9034697616177707,-20.41233,-52.27602
13728,37,6,1016.14,3,5,4,12,Loyal Customers,2,High-Value Active,0.9832940111491176,-0.12114451769737211,60.653435,29.500906
13730,136,2,752.6,2,2,3,7,At Risk,0,High-Spend Watchlist,-0.4153662118176692,0.276105312809632,-4.693947,-17.307947
13731,220,2,610.59,1,2,3,6,At Risk,1,Dormant Customers,-0.923328454108251,0.9474821198797213,-0.816784,-0.00077566225
13732,29,1,491.86,4,1,3,8,New Customers,0,High-Spend Watchlist,-0.4757156469403682,-0.967661093711021,-47.27888,-21.540321
13735,25,4,2883.54,4,4,5,13,Champions,2,High-Value Active,1.2429046769410865,-0.06249594631193459,38.17922,2.2629972
13736,6,2,729.8,5,2,3,10,Potential Loyalists,0,High-Spend Watchlist,0.1980173586802068,-0.8693822791253315,-0.69099146,-50.153294
13737,201,1,339.59999999999997,1,1,2,4,Lost Customers,1,Dormant Customers,-1.487502000225773,0.42451855416740686,-31.69786,14.624848
13739,19,1,216.9,4,1,1,6,New Customers,0,High-Spend Watchlist,-0.8258235992430537,-1.3005966578442865,-67.89032,-14.441235
13740,241,1,350.75,1,1,2,4,Lost Customers,1,Dormant Customers,-1.6651249597867424,0.7838228182055527,-26.870905,20.778612
13741,72,3,668.4300000000001,3,3,3,9,Needs Attention,0,High-Spend Watchlist,0.09887535171651053,-0.19062140419892273,20.203648,-45.5999
13742,17,12,3107.87,4,5,5,14,Champions,2,High-Value Active,2.1906779260053706,0.3161966384816428,29.042406,49.179413
13743,3,7,1341.6,5,5,4,14,Champions,2,High-Value Active,1.4051009580497895,-0.27525792392955445,51.741493,36.035423
13744,96,2,1080.52,2,2,4,8,At Risk,0,High-Spend Watchlist,-0.0456586575923635,0.035168523285679744,-3.2512212,-26.78252
13745,163,1,300.04,2,1,2,5,Needs Attention,1,Dormant Customers,-1.3640944357605058,0.05524337263991691,-36.43527,9.197318
13747,374,1,79.6,1,1,1,3,Lost Customers,1,Dormant Customers,-3.027298704763757,1.5030436269667935,-27.435371,52.857178
13748,96,5,948.25,2,4,4,10,At Risk,2,High-Value Active,0.5236179156520765,0.3050162124603402,31.00547,-12.360927
13750,54,5,1647.26,3,4,4,11,Loyal Customers,2,High-Value Active,0.996011293686905,0.10391906699123875,48.235638,8.844678
13751,289,1,296.25,1,1,2,4,Lost Customers,1,Dormant Customers,-1.9793259507165033,1.1527162029514535,-21.42767,28.88053
13752,125,6,1175.38,2,5,4,11,At Risk,2,High-Value Active,0.6289322181437292,0.691760852969554,29.34594,-11.725019
13753,288,1,741.26,1,1,3,5,At Risk,1,Dormant Customers,-1.5277484002538901,1.4192709175999154,-15.120578,20.98316
13754,152,2,282.59999999999997,2,2,2,6,Needs Attention,0,High-Spend Watchlist,-0.9697997147658194,0.12195315105708758,-9.759263,-9.41231
13755,4,9,2108.06,5,5,5,15,Champions,2,High-Value Active,1.8245123897069653,-0.031148547295474376,39.590714,42.513546
13756,3,14,5189.52,5,5,5,15,Champions,2,High-Value Active,2.639252134967393,0.4118403105823565,18.516869,49.87059
13758,12,7,3190.55,5,5,5,15,Champions,2,High-Value Active,1.7843097856580858,0.06389134641849456,34.67228,30.349245
13759,34,2,659.4100000000001,3,2,3,8,Needs Attention,0,High-Spend Watchlist,0.013231589093262398,-0.6551199550681406,-6.5634704,-44.615917
13760,55,2,286.79,3,2,2,7,Needs Attention,0,High-Spend Watchlist,-0.4937708527257255,-0.721448862014102,-23.865791,-46.61282
13761,51,2,1070.65,3,2,4,9,Needs Attention,0,High-Spend Watchlist,0.16738236649625496,-0.36090523048828554,-1.9126673,-33.627117
13762,219,1,306.72,1,1,2,4,Lost Customers,1,Dormant Customers,-1.6240676741632085,0.5513053164754999,-30.105047,17.857756
13763,64,1,1714.96,3,1,4,8,Needs Attention,0,High-Spend Watchlist,-0.03589256125257436,-0.28646568712351245,-28.29715,-14.534259
13764,71,3,1519.42,3,3,4,10,Needs Attention,0,High-Spend Watchlist,0.5041684311790249,0.047411627328199736,26.730833,-31.922934
13767,3,37,17220.36,5,5,5,15,Champions,2,High-Value Active,4.073553539088517,1.1871298688985539,7.321614,64.0692
13769,3,10,2796.51,5,5,5,15,Champions,2,High-Value Active,2.0542842191095425,0.08759214435542041,36.10983,43.53158
13771,65,4,2634.45,3,4,5,12,Loyal Customers,2,High-Value Active,1.005468551772933,0.2599499045463637,34.252842,-3.0931263
13772,34,3,1122.63,3,3,4,10,Needs Attention,0,High-Spend Watchlist,0.535379788274904,-0.36695822909911985,31.308681,-41.79094
13774,82,1,345.0,2,1,2,5,Needs Attention,0,High-Spend Watchlist,-0.9046123856028391,-0.6108511694761306,-47.07394,-4.4111714
13777,1,33,25977.16,5,5,5,15,Champions,2,High-Value Active,4.182345806433892,1.2437229099495575,6.1723375,63.40497
13778,104,1,178.7,2,1,1,4,Needs Attention,0,High-Spend Watchlist,-1.330783246334465,-0.615650571615103,-50.967163,10.335933
13780,8,2,360.01,5,2,2,9,Potential Loyalists,0,High-Spend Watchlist,-0.1559294213525851,-1.0640553958183272,-17.795197,-57.7306
13781,251,1,127.84,1,1,1,3,Lost Customers,1,Dormant Customers,-2.2037626395885064,0.5690904335293038,-39.430317,32.25005
13782,13,6,908.86,5,5,3,13,Loyal Customers,2,High-Value Active,1.044890955129531,-0.36444295826026457,60.049927,32.19148
13784,10,11,2462.79,5,5,5,15,Champions,2,High-Value Active,2.0378916293102907,0.14936124962167638,32.221462,49.1587
13786,368,1,230.39999999999998,1,1,1,3,Lost Customers,1,Dormant Customers,-2.483440612323493,1.7678689750196523,-16.634417,53.26043
13787,76,2,309.04,2,2,2,6,Needs Attention,0,High-Spend Watchlist,-0.5589238982475574,-0.5154987908009379,-24.793736,-43.749504
13790,5,1,348.8,5,1,2,8,New Customers,0,High-Spend Watchlist,-0.5270850459079344,-1.2805723043308934,-58.077103,-23.858896
13791,128,2,1516.0,2,2,4,8,At Risk,0,High-Spend Watchlist,-0.03515389596350731,0.4166499131845082,-0.28108382,-24.730545
13792,67,2,195.55,3,2,1,6,Needs Attention,0,High-Spend Watchlist,-0.737924250360217,-0.7312744420299352,-27.955143,-46.256172
13798,2,57,37153.85,5,5,5,15,Champions,2,High-Value Active,4.839907433409863,1.5982708738971951,4.864818,65.54995
13799,117,2,688.86,2,2,3,7,At Risk,0,High-Spend Watchlist,-0.3666675894442318,0.08345360758305638,-6.2234974,-19.630123
13800,310,1,558.32,1,1,3,5,At Risk,1,Dormant Customers,-1.7722332290607654,1.5264311277922633,-14.186975,24.776737
13801,67,1,324.8,3,1,2,6,Needs Attention,0,High-Spend Watchlist,-0.8614731996810059,-0.7600527319784736,-50.416626,-6.902472
13802,139,3,4599.42,2,3,5,10,At Risk,2,High-Value Active,0.7159676351338755,0.9748199329551319,23.072643,-8.658009
13803,256,1,277.07,1,1,2,4,Lost Customers,1,Dormant Customers,-1.852375524579771,0.844219237351396,-27.867146,26.010485
13804,31,7,2588.39,4,5,5,14,Champions,2,High-Value Active,1.5903991806986726,0.1670596879326534,39.71864,27.950476
13805,53,2,924.6,3,2,3,8,Needs Attention,0,High-Spend Watchlist,0.08619081319093541,-0.38749955145747494,-4.473763,-33.944942
13806,64,1,256.38,3,1,2,6,Needs Attention,0,High-Spend Watchlist,-0.9620501998814749,-0.8571878779275306,-54.65,-5.909337
13807,368,1,112.6,1,1,1,3,Lost Customers,1,Dormant Customers,-2.8307614024697703,1.5538409586254676,-25.275736,53.023243
13808,6,5,1747.66,5,4,4,13,Champions,2,High-Value Active,1.2568947381007018,-0.2978299631509842,62.336853,6.211056
13809,306,1,155.05,1,1,1,3,Lost Customers,1,Dormant Customers,-2.376078969936581,1.1074498191139206,-27.964775,41.24615
13810,29,3,1499.01,4,3,4,11,Potential Loyalists,0,High-Spend Watchlist,0.7005862921024215,-0.32374873974028495,33.572834,-36.332726
13811,184,3,814.5,1,3,3,7,At Risk,1,Dormant Customers,-0.3461453888961428,0.8476736518824465,12.353518,-6.297447
13812,43,3,539.0,3,3,3,9,Needs Attention,0,High-Spend Watchlist,0.13416416366145076,-0.5087266066240704,22.071503,-51.523933
13813,40,4,1366.8600000000001,3,4,4,11,Loyal Customers,2,High-Value Active,0.8061612187354721,-0.15584347396251635,42.777477,-9.83837
13814,93,2,1579.12,2,2,4,8,At Risk,0,High-Spend Watchlist,0.15392677167304178,0.12300119728078417,-0.34033126,-27.641888
13815,23,4,4027.36,4,4,5,13,Champions,2,High-Value Active,1.415620354150915,0.020497897079300425,34.37136,6.030651
13816,24,2,571.6700000000001,4,2,3,9,Potential Loyalists,0,High-Spend Watchlist,-0.008021669860485735,-0.7854067872618402,-7.3354645,-48.591255
13817,30,2,382.98,4,2,2,8,Potential Loyalists,0,High-Spend Watchlist,-0.2321577440871523,-0.8532111930123912,-17.515474,-51.77917
13819,302,3,1140.35,1,3,4,8,At Risk,1,Dormant Customers,-0.7524138075210105,1.9801629028473673,0.6221785,9.148498
13821,145,2,385.64,2,2,2,6,Needs Attention,0,High-Spend Watchlist,-0.7846633538320942,0.1540059263465326,-8.840785,-11.437083
13822,6,2,632.0,5,2,3,10,Potential Loyalists,0,High-Spend Watchlist,0.12788120461994612,-0.912601983666233,-2.7711627,-51.958824
13823,19,2,957.66,4,2,4,10,Potential Loyalists,0,High-Spend Watchlist,0.2676689373610101,-0.6741141477911329,1.6324582,-41.390568
13824,33,5,1698.94,4,4,4,12,Champions,2,High-Value Active,1.1125904317244293,-0.07034092149637962,51.67468,7.125027
13826,177,1,189.5,2,1,1,4,Needs Attention,1,Dormant Customers,-1.655151825923972,0.039952349706984025,-43.39901,17.439875
13827,58,3,409.8,3,3,2,8,Needs Attention,0,High-Spend Watchlist,-0.07183966047269956,-0.4598864288884104,18.071041,-51.516994
13828,23,1,209.49,4,1,1,6,New Customers,0,High-Spend Watchlist,-0.8620484168853431,-1.2760433128195225,-67.83612,-13.471422
13831,17,6,2198.45,4,5,5,14,Champions,2,High-Value Active,1.4564565949236887,-0.06394960018588228,50.93873,22.87586
13832,20,1,52.199999999999996,4,1,1,6,New Customers,0,High-Spend Watchlist,-1.5189766081266076,-1.716016391927877,-73.40427,8.845506
13833,160,1,383.85,2,1,2,5,Needs Attention,1,Dormant Customers,-1.229691834673561,0.10290870907908845,-35.18206,8.054064
13835,26,4,834.57,4,4,3,11,Loyal Customers,0,High-Spend Watchlist,0.6332159675969269,-0.42648282933405224,48.568382,-18.034992
13837,212,2,266.59000000000003,1,2,2,5,Lost Customers,1,Dormant Customers,-1.2881892765317386,0.6288934625334145,-8.076512,-1.920343
13838,6,4,674.82,5,4,3,12,Loyal Customers,0,High-Spend Watchlist,0.6263049437615525,-0.6651216334857062,52.616333,-21.60784
13841,253,1,85.0,1,1,1,3,Lost Customers,1,Dormant Customers,-2.4107630759207987,0.46496943853725886,-38.424603,40.603794
13842,59,9,3385.62,3,5,5,13,Loyal Customers,2,High-Value Active,1.7898547019940598,0.5920396393819672,36.66485,23.97628
13844,12,1,361.62,5,1,2,8,New Customers,0,High-Spend Watchlist,-0.5433495584183426,-1.2085618972014571,-57.211163,-23.271584
13845,65,1,312.98,3,1,2,6,Needs Attention,0,High-Spend Watchlist,-0.8698461007507633,-0.7886503345945434,-51.215645,-7.094674
13846,25,3,865.0600000000001,4,3,3,10,Potential Loyalists,0,High-Spend Watchlist,0.4517785079006058,-0.523946515248679,31.02868,-47.725353
13848,93,3,1255.0,2,3,4,9,At Risk,0,High-Spend Watchlist,0.3045584701372066,0.18222488682307125,22.896944,-29.638342
13849,52,2,1537.95,3,2,4,9,Needs Attention,0,High-Spend Watchlist,0.33922047647715786,-0.24329515863605453,1.6832751,-32.53444
13850,130,1,1595.48,2,1,4,7,At Risk,0,High-Spend Watchlist,-0.39014940437480927,0.2686862977721811,-29.749804,-4.3581986
13851,96,3,2651.46,2,3,5,10,At Risk,2,High-Value Active,0.6549970292195815,0.4333311607260027,22.93336,-13.577477
13853,58,1,1090.14,3,1,4,8,Needs Attention,0,High-Spend Watchlist,-0.22791249968409447,-0.4751073347814916,-31.275766,-15.100946
13854,9,25,8109.5199999999995,5,5,5,15,Champions,2,High-Value Active,3.330421725117491,0.8438289037386458,12.031836,60.777016
13856,169,3,388.5,2,3,2,7,At Risk,1,Dormant Customers,-0.6343724623079722,0.4942756657934948,8.487099,-9.386058
13858,58,1,216.17,3,1,1,5,Needs Attention,0,High-Spend Watchlist,-1.0159762096665226,-0.9607324900414042,-60.083427,-5.095677
13859,327,1,201.16,1,1,1,3,Lost Customers,1,Dormant Customers,-2.3512058946590875,1.368876304653529,-22.436825,41.834885
13860,2,5,1245.9,5,4,4,13,Champions,2,High-Value Active,1.111133172738191,-0.43452800457836077,67.062225,0.47538856
13862,19,8,2209.36,4,5,5,14,Champions,2,High-Value Active,1.6786969297558678,0.0670866910814674,38.360184,36.197124
13863,248,1,305.78,1,1,2,4,Lost Customers,1,Dormant Customers,-1.7657385726667596,0.8038551372132319,-27.564016,22.815401
13865,59,4,501.56,3,4,3,10,Loyal Customers,0,High-Spend Watchlist,0.22551484773438932,-0.29099167215139077,39.900852,-21.140493
13866,75,1,145.67000000000002,2,1,1,4,Needs Attention,0,High-Spend Watchlist,-1.2897564774233876,-0.9302198971723548,-63.119843,2.395326
13867,32,3,1005.09,4,3,4,11,Potential Loyalists,0,High-Spend Watchlist,0.4911070158715446,-0.4176782570589223,30.943882,-43.74258
13868,8,2,3192.54,5,2,5,12,Potential Loyalists,2,High-Value Active,0.9082873522886864,-0.40825761020367274,6.903233,-31.939024
13869,124,4,3083.65,2,4,5,11,At Risk,2,High-Value Active,0.7971115467223652,0.8229761087779857,23.334612,-7.283653
13870,3,8,2770.94,5,5,5,15,Champions,2,High-Value Active,1.8665556420012288,-0.004653974604243482,35.48234,37.122295
13871,23,13,6403.25,4,5,5,14,Champions,2,High-Value Active,2.5821557432478737,0.6190940268111421,15.305609,48.39807
13873,120,3,389.6,2,3,2,7,At Risk,0,High-Spend Watchlist,-0.39614431163463587,0.06684685748112283,12.928065,-22.522562
13874,359,1,540.45,1,1,3,5,At Risk,1,Dormant Customers,-2.024936269455447,1.944940136246759,-8.575098,49.657166
13875,54,5,1786.79,3,4,4,11,Loyal Customers,2,High-Value Active,1.0356806051816532,0.1283643184470131,48.588264,9.230864
13876,64,1,122.7,3,1,1,5,Needs Attention,0,High-Spend Watchlist,-1.3197349980937236,-1.0776024630247265,-66.332954,3.7506256
13877,87,1,117.24,2,1,1,4,Needs Attention,0,High-Spend Watchlist,-1.4529478575687176,-0.8901545967742093,-64.38393,7.2864084
13878,55,1,1271.57,3,1,4,8,Needs Attention,0,High-Spend Watchlist,-0.13832216430165284,-0.45505647064276783,-30.12309,-15.178334
13880,22,13,3219.77,4,5,5,14,Champions,2,High-Value Active,2.2514449281152165,0.40358250215936076,27.941715,50.956635
13881,4,20,17159.52,5,5,5,15,Champions,2,High-Value Active,3.5254255381575397,0.9303443637309945,7.339075,58.88122
13882,3,5,1191.13,5,4,4,13,Champions,2,High-Value Active,1.084371104377022,-0.4393004777162619,67.288956,-0.23275669
13883,11,5,2674.48,5,4,5,14,Champions,2,High-Value Active,1.440337830418937,-0.1261925916343674,57.713196,10.815327
13884,8,5,787.6,5,4,3,12,Loyal Customers,2,High-Value Active,0.8584692996336761,-0.5199119747521835,67.63428,-6.4511795
13885,190,2,506.8,1,2,3,6,At Risk,1,Dormant Customers,-0.8691059071443341,0.6293253699624508,-1.5926666,-2.54953
13886,72,1,243.56,3,1,1,5,Needs Attention,0,High-Spend Watchlist,-1.0256622244756424,-0.8026352245513154,-55.33361,-3.583841
13887,205,1,349.55,1,1,2,4,Lost Customers,1,Dormant Customers,-1.4927799460238973,0.4681421586823159,-31.075325,15.1713085
13888,120,2,595.67,2,2,3,7,At Risk,0,High-Spend Watchlist,-0.45201518742833674,0.06601722750405437,-7.0343947,-18.88591
13889,93,1,416.90000000000003,2,1,2,5,Needs Attention,0,High-Spend Watchlist,-0.8656135630168527,-0.4579100612587302,-43.487953,-4.842348
13890,2,10,1883.8100000000002,5,5,4,14,Champions,2,High-Value Active,1.866335343857807,-0.03994579600147598,40.31675,44.503853
13892,27,4,632.97,4,4,3,11,Loyal Customers,0,High-Spend Watchlist,0.49359038918001624,-0.5008047042521981,48.294064,-22.010588
13893,298,1,821.1,1,1,3,5,At Risk,1,Dormant Customers,-1.5262120225702571,1.5374076997319843,-14.185122,20.648195
13894,24,3,564.62,4,3,3,10,Potential Loyalists,0,High-Spend Watchlist,0.24863315871322728,-0.6608489142412409,25.270933,-54.236824
13895,29,4,2593.07,4,4,5,13,Champions,2,High-Value Active,1.1717560026191218,-0.05946358126316854,38.09096,1.7090276
13897,51,1,311.16,3,1,2,6,Needs Attention,0,High-Spend Watchlist,-0.8050122443659224,-0.912764079731873,-53.158623,-12.119899
13898,326,1,155.93,1,1,1,3,Lost Customers,1,Dormant Customers,-2.4700078114731765,1.2839485010174085,-25.968552,43.184372
13899,17,2,388.52,4,2,2,8,Potential Loyalists,0,High-Spend Watchlist,-0.1623265972519373,-0.9625264764019706,-16.438261,-55.581802
13900,184,3,740.95,1,3,3,7,At Risk,1,Dormant Customers,-0.39228770435449595,0.8192395686672529,11.948943,-6.353945
13901,73,5,2867.2,2,4,5,11,At Risk,2,High-Value Active,1.1746038783450519,0.4366334680452712,41.05179,11.272618
13904,38,2,332.64,3,2,2,7,Needs Attention,0,High-Spend Watchlist,-0.3394299068622497,-0.8255630412826939,-20.39146,-50.361168
13908,80,4,2369.55,2,4,5,11,At Risk,2,High-Value Active,0.8812494335137793,0.3591879244683074,33.107746,-4.277637
13911,58,9,2580.91,3,5,5,13,Loyal Customers,2,High-Value Active,1.6622444434545456,0.5016839087092275,39.143032,22.899586
13914,12,2,626.45,5,2,3,10,Potential Loyalists,0,High-Spend Watchlist,0.09457988770340783,-0.8628090968707471,-3.382705,-50.87648
13917,50,2,272.04,3,2,2,7,Needs Attention,0,High-Spend Watchlist,-0.495286692502499,-0.7809779748425646,-24.13393,-47.636086
13918,50,2,1212.8400000000001,3,2,4,9,Needs Attention,0,High-Spend Watchlist,0.2330377831930316,-0.33216567437878236,-0.7694231,-33.26767
13919,60,2,384.81,3,2,2,7,Needs Attention,0,High-Spend Watchlist,-0.3748477499187295,-0.5895703697947721,-19.54091,-42.818768
13922,352,1,172.25,1,1,1,3,Lost Customers,1,Dormant Customers,-2.5473858559925344,1.540960226300758,-20.847996,52.498848
13923,54,1,351.13,3,1,2,6,Needs Attention,0,High-Spend Watchlist,-0.760695518754404,-0.850297964009869,-50.48774,-12.60963
13924,2,6,1838.8500000000001,5,5,4,14,Champions,2,High-Value Active,1.4418110999641187,-0.2487595713349089,52.922718,25.183807
13925,93,4,678.25,2,4,3,9,At Risk,0,High-Spend Watchlist,0.2082442266167097,0.09681181684989172,35.957157,-18.529236
13926,24,1,223.85000000000002,4,1,1,6,New Customers,0,High-Spend Watchlist,-0.834664673064446,-1.2474497419250494,-66.95015,-14.153842
13927,75,1,348.99,2,1,2,5,Needs Attention,0,High-Spend Watchlist,-0.865179121039468,-0.6685843948620382,-47.90825,-5.6502376
13928,11,4,464.57,5,4,2,11,Loyal Customers,0,High-Spend Watchlist,0.4202101426967507,-0.7335275447107531,53.4737,-25.592815
13929,170,2,842.65,2,2,3,7,At Risk,0,High-Spend Watchlist,-0.5246085840864805,0.607233439950526,-1.0296681,-12.833179
13930,58,2,337.34,3,2,2,7,Needs Attention,0,High-Spend Watchlist,-0.4292749676340872,-0.6465478284911421,-21.640928,-44.48292
13931,96,2,1237.53,2,2,4,8,At Risk,0,High-Spend Watchlist,0.020517563090399135,0.07594801488832874,-1.7527492,-26.616207
13932,295,1,307.4,1,1,2,4,Lost Customers,1,Dormant Customers,-1.9903514688172081,1.216236010707072,-18.666634,29.370562
13933,110,2,608.7900000000001,2,2,3,7,At Risk,0,High-Spend Watchlist,-0.39306009131942127,-0.014843150474012476,-7.438109,-20.22316
13934,264,1,922.1,1,1,3,5,At Risk,1,Dormant Customers,-1.3052983289174365,1.2750943170061053,-16.207716,18.917267
13936,180,1,376.58,1,1,2,4,Lost Customers,1,Dormant Customers,-1.3356760013822169,0.2719785891176596,-32.87835,10.94153
13937,170,1,158.85,2,1,1,4,Needs Attention,1,Dormant Customers,-1.706950190437839,-0.0740001552549827,-45.503723,18.151543
13938,36,1,71.66,3,1,1,5,Needs Attention,0,High-Spend Watchlist,-1.444135023569344,-1.482393037310272,-75.20553,3.9424956
13939,24,3,568.55,4,3,3,10,Potential Loyalists,0,High-Spend Watchlist,0.2520133481351612,-0.6587659544601451,25.379526,-54.171635
13940,18,4,839.14,4,4,3,11,Loyal Customers,0,High-Spend Watchlist,0.6745483099961657,-0.4947647967086179,50.065216,-17.423971
13941,22,5,5112.96,4,4,5,13,Champions,2,High-Value Active,1.703430509407436,0.16484092260270514,32.029373,10.770465
13946,80,3,561.5699999999999,2,3,3,8,At Risk,0,High-Spend Watchlist,-0.024693701705455134,-0.1730158162244017,18.59991,-46.88687
13947,66,1,90.6,3,1,1,5,Needs Attention,0,High-Spend Watchlist,-1.4760645639105041,-1.1504987625390428,-68.23112,6.809286
13948,361,1,102.0,1,1,1,3,Lost Customers,1,Dormant Customers,-2.8447446670407497,1.4631910922044171,-25.953697,52.546833
13949,3,6,2427.32,5,5,5,15,Champions,2,High-Value Active,1.5724542459432156,-0.15653489730761982,49.000015,24.458181
13950,12,4,745.06,5,4,3,12,Loyal Customers,0,High-Spend Watchlist,0.645573347595202,-0.5829339307915801,51.463078,-19.967344
13951,177,3,674.45,2,3,3,8,At Risk,1,Dormant Customers,-0.4042929727373351,0.7298085944421017,11.682399,-6.9360456
13952,218,2,3251.071,1,2,5,8,At Risk,1,Dormant Customers,-0.09792386334198501,1.4326796822943033,6.7234836,3.0883236
13953,8,7,3515.68,5,5,5,15,Champions,2,High-Value Active,1.8510030111633653,0.058113419055478906,32.725876,30.331099
13954,2,2,439.92,5,3,2,10,Potential Loyalists,0,High-Spend Watchlist,-0.029312332780350638,-1.0563447007022613,-13.423583,-57.591663
13955,155,2,322.96,2,3,2,7,At Risk,0,High-Spend Watchlist,-0.9193462537160305,0.18820088121235312,-9.196819,-9.8664665
13956,6,5,1019.27,5,4,4,13,Champions,2,High-Value Active,0.9938733114416519,-0.4599105405713465,67.66922,-2.4258902
13959,80,3,594.04,2,3,3,8,At Risk,0,High-Spend Watchlist,0.0026994252511067904,-0.1561354658633484,18.93946,-46.40561
13960,22,2,230.22,4,3,1,8,Potential Loyalists,0,High-Spend Watchlist,-0.44110186665712176,-1.0757199641580428,-27.32253,-54.16932
13962,22,2,169.55,4,3,1,8,Potential Loyalists,0,High-Spend Watchlist,-0.5896743252785361,-1.167274139755064,-30.114506,-52.610344
13963,309,4,664.54,1,4,3,8,At Risk,1,Dormant Customers,-0.8457896678554704,1.9785935589166777,-1.8644881,8.928522
13967,146,1,80.7,2,1,1,4,Needs Attention,1,Dormant Customers,-1.918597149973651,-0.4856785267651464,-51.351852,21.14563
13969,8,18,9024.17,5,5,5,15,Champions,2,High-Value Active,3.1009978628074877,0.7273662229950353,11.734543,55.994686
13971,19,8,2758.26,4,5,5,14,Champions,2,High-Value Active,1.7869781556886895,0.13381237136502305,36.524815,35.69981
13972,71,2,190.25,3,3,1,7,Needs Attention,0,High-Spend Watchlist,-0.7706035738934089,-0.7045362722182998,-28.147125,-45.923565
13973,288,1,264.7,1,1,2,4,Lost Customers,1,Dormant Customers,-2.029268525881865,1.1102212991629916,-22.531374,29.65928
13974,50,1,413.59000000000003,3,1,2,6,Needs Attention,0,High-Spend Watchlist,-0.6616463917543326,-0.8361373515214136,-47.56557,-15.677187
13975,32,6,2461.2400000000002,4,5,5,14,Champions,2,High-Value Active,1.439048798345967,0.10110830716143007,47.450417,20.353733
13976,207,1,357.98,1,1,2,4,Lost Customers,1,Dormant Customers,-1.4908466317719404,0.4927715220448946,-30.667404,15.35885
13978,15,2,196.79000000000002,4,3,1,8,Potential Loyalists,0,High-Spend Watchlist,-0.4835015751442926,-1.183880775206962,-29.237526,-54.051247
13979,74,1,869.87,2,1,3,6,At Risk,0,High-Spend Watchlist,-0.4153287037175513,-0.4030939841384761,-33.34516,-13.051981
13980,61,1,200.14,3,1,1,5,Needs Attention,0,High-Spend Watchlist,-1.0679104046792094,-0.9575786706222985,-60.53828,-3.5970488
13982,40,4,1871.81,3,4,4,11,Loyal Customers,2,High-Value Active,0.9595428947408636,-0.06132573474850694,40.066246,-5.0526896
13983,30,12,2603.43,4,5,5,14,Champions,2,High-Value Active,2.041410197263025,0.3765610541516224,33.503197,48.634956
13984,27,5,920.51,4,4,3,11,Loyal Customers,2,High-Value Active,0.8426647351144139,-0.30699010386486636,64.957924,-4.857736
13985,5,15,7060.13,5,5,5,15,Champions,2,High-Value Active,2.8387661661506747,0.5506863103443382,13.681994,50.838024
13986,18,1,320.46,4,1,2,7,New Customers,0,High-Spend Watchlist,-0.6311685245162058,-1.1923641899742279,-58.65419,-21.212334
13988,20,6,4147.96,4,5,5,14,Champions,2,High-Value Active,1.7517774505286559,0.1531917252367001,29.367216,24.782959
13989,66,2,1266.08,3,3,4,10,Needs Attention,0,High-Spend Watchlist,0.17665412251586096,-0.1794066956787199,-1.3170646,-30.930664
13990,214,1,311.3,1,1,2,4,Lost Customers,1,Dormant Customers,-1.5926868365617255,0.5120479835259856,-30.567154,17.001762
13991,13,6,852.88,5,5,3,13,Loyal Customers,2,High-Value Active,1.0138916552257418,-0.3835455252710737,60.464264,32.383533
13992,31,1,76.8,4,1,1,6,New Customers,0,High-Spend Watchlist,-1.3865993896526267,-1.5055331111340486,-75.37654,3.5218592
13993,43,9,3466.36,3,5,5,13,Loyal Customers,2,High-Value Active,1.8786959476323062,0.45928186050423336,35.904488,24.558054
13994,4,6,2274.14,5,5,5,15,Champions,2,High-Value Active,1.5358118463303412,-0.16739588503812386,49.748802,24.447546
13995,16,5,1393.69,4,4,4,12,Champions,2,High-Value Active,1.0981429178940323,-0.27846689690103027,63.734684,2.1898844
13999,11,12,3901.81,5,5,5,15,Champions,2,High-Value Active,2.33070998092603,0.33217398137407395,23.84663,46.820312
14000,212,1,635.66,1,1,3,5,At Risk,1,Dormant Customers,-1.2353045905900468,0.7088381228135113,-25.6606,12.507799
14001,46,3,2043.0800000000002,3,3,4,10,Needs Attention,2,High-Value Active,0.7694925557951346,-0.08206388004474649,31.596546,-32.995564
14002,135,2,529.73,2,3,3,8,At Risk,0,High-Spend Watchlist,-0.5816915576222572,0.16189234822820003,-6.8887887,-15.066322
14004,44,7,4582.64,3,5,5,13,Loyal Customers,2,High-Value Active,1.8063450574773166,0.45247813367352346,32.971493,23.077114
14005,10,5,2874.72,5,4,5,14,Champions,2,High-Value Active,1.4804053816688911,-0.1132209372477591,57.52326,11.27218
14006,116,3,962.19,2,3,4,9,At Risk,0,High-Spend Watchlist,0.06380314223695364,0.3034023141934438,18.782461,-25.532007
14009,199,2,695.61,1,3,3,7,At Risk,1,Dormant Customers,-0.7582777827658049,0.8030915386350956,0.3692227,-1.8177372
14012,278,1,328.8,1,1,2,4,Lost Customers,1,Dormant Customers,-1.8754273087214233,1.087832192839707,-22.369608,27.133274
14013,111,3,473.02,2,3,2,7,At Risk,0,High-Spend Watchlist,-0.258146691274157,0.046413521409332664,13.824325,-23.411846
14014,78,1,505.18,2,1,3,6,At Risk,0,High-Spend Watchlist,-0.6995487486378823,-0.5313616854645226,-40.280968,-9.362793
14015,53,1,917.34,3,1,3,7,Needs Attention,0,High-Spend Watchlist,-0.2879109486463995,-0.5706749376533058,-32.517357,-15.672717
14016,162,4,4341.21,2,4,5,11,At Risk,2,High-Value Active,0.7803607904864821,1.2579759625620834,23.184347,-8.026552
14019,47,3,1421.61,3,3,4,10,Needs Attention,0,High-Spend Watchlist,0.5877167133776872,-0.18235983325151642,30.596088,-35.547497
14020,17,2,642.8,4,3,3,10,Potential Loyalists,0,High-Spend Watchlist,0.0829693157048743,-0.8113688170587562,-3.9572952,-49.27596
14021,156,3,631.9,2,3,3,8,At Risk,0,High-Spend Watchlist,-0.33454931680642247,0.5266873755976088,12.108368,-8.259107
14022,226,1,440.0,1,1,2,4,Lost Customers,1,Dormant Customers,-1.4822307123308316,0.7207419241163745,-26.32892,16.4464
14023,8,2,584.07,5,3,3,11,Potential Loyalists,0,High-Spend Watchlist,0.07977523740665571,-0.9188081143415627,-4.0444927,-52.96766
14024,122,2,327.7,2,3,2,7,At Risk,0,High-Spend Watchlist,-0.7527430896342717,-0.09586104598013262,-10.854166,-14.092586
14027,61,1,104.82,3,1,1,5,Needs Attention,0,High-Spend Watchlist,-1.3814480193610237,-1.1507886241843952,-67.962494,5.141648
14029,64,2,467.66,3,3,2,8,Needs Attention,0,High-Spend Watchlist,-0.2992161721608223,-0.4960882329794995,-17.269577,-40.900204
14030,19,8,2358.84,4,5,5,14,Champions,2,High-Value Active,1.7106424878713415,0.0867723667739028,37.896694,36.09303
14031,8,19,17286.86,5,5,5,15,Champions,2,High-Value Active,3.46514628570613,0.9457731284208645,7.229158,58.589447
14032,3,11,2975.59,5,5,5,15,Champions,2,High-Value Active,2.164030923752371,0.14505851302551104,30.581964,48.661606
14034,23,3,648.89,4,3,3,10,Potential Loyalists,0,High-Spend Watchlist,0.3212652511618629,-0.6278101508439539,27.315569,-52.850136
14035,29,5,1428.02,4,4,4,12,Champions,2,High-Value Active,1.0471756632137013,-0.1575271973119965,61.9019,0.7912005
14036,285,1,626.65,1,1,3,5,At Risk,1,Dormant Customers,-1.5951228918197156,1.3425960126269043,-15.740377,21.926687
14037,177,2,147.20000000000002,2,3,1,6,At Risk,1,Dormant Customers,-1.4074704170529317,0.14522425835448483,-12.331424,-3.4591432
14038,79,3,1560.38,2,3,4,9,At Risk,0,High-Spend Watchlist,0.4784762433294214,0.1253314607600986,26.631454,-31.339226
14039,34,1,152.2,3,1,1,5,Needs Attention,0,High-Spend Watchlist,-1.070310116709383,-1.2754705068903895,-70.71187,-5.615286
14040,41,12,3560.32,3,5,5,13,Loyal Customers,2,High-Value Active,2.140998681768736,0.5668390725758992,25.96856,47.613194
14041,267,1,141.41,1,1,1,3,Lost Customers,1,Dormant Customers,-2.2322163319630097,0.7390605780546389,-34.067425,35.737576
14044,27,4,646.42,4,4,3,11,Loyal Customers,0,High-Spend Watchlist,0.5038389896291311,-0.49448925269510374,48.25277,-21.820192
14045,110,4,1659.75,2,4,4,10,At Risk,2,High-Value Active,0.5625191256778922,0.5143481795415679,29.287224,-7.4087925
14046,285,1,154.99,1,1,1,3,Lost Customers,1,Dormant Customers,-2.2747589568305635,0.923786764833362,-31.17753,36.86999
14047,9,5,1308.6100000000001,5,4,4,13,Champions,2,High-Value Active,1.101251589642621,-0.35858427194639253,65.77803,1.3167862
14048,306,1,409.93,1,1,2,4,Lost Customers,1,Dormant Customers,-1.90340296089479,1.3987249500086976,-15.519134,27.441435
14049,17,4,5578.72,4,4,5,13,Champions,2,High-Value Active,1.6036606330672512,0.06605914408549059,32.727257,7.284884
14050,32,2,746.36,4,3,3,10,Potential Loyalists,0,High-Spend Watchlist,0.08327977219845498,-0.6353924658220818,-4.3814793,-43.048214
14051,1,23,15610.390000000001,5,5,5,15,Champions,2,High-Value Active,3.6156764263435277,0.9352066572070621,7.9509864,60.137928
14052,20,1,225.36,4,1,1,6,New Customers,0,High-Spend Watchlist,-0.8120624244565867,-1.280397664848257,-67.2577,-14.802323
14053,125,2,260.25,2,3,2,7,At Risk,0,High-Spend Watchlist,-0.8793627643417983,-0.13873034272923168,-11.528308,-13.389926
14054,66,1,92.46,3,1,1,5,Needs Attention,0,High-Spend Watchlist,-1.4662510923335512,-1.1444514486000432,-68.09678,6.611599
14055,107,1,725.6400000000001,2,1,3,6,At Risk,0,High-Spend Watchlist,-0.6632310332519334,-0.16913069661855162,-34.52519,-3.0630112
14056,2,23,8152.71,5,5,5,15,Champions,2,High-Value Active,3.2937579674102344,0.7485512142255945,11.94882,59.752213
14057,24,17,6211.66,4,5,5,14,Champions,2,High-Value Active,2.7919869859467847,0.7307645132372612,15.266507,54.764633
14059,267,1,183.6,1,1,1,3,Lost Customers,1,Dormant Customers,-2.105543525052475,0.8171196242255491,-32.02375,32.577137
14060,5,19,6140.42,5,5,5,15,Champions,2,High-Value Active,2.974408916652168,0.6082111143129283,15.225881,56.829937
14062,10,12,10464.85,5,5,5,15,Champions,2,High-Value Active,2.817092001171105,0.6201761067175722,10.100344,49.383648
14064,30,5,1334.34,4,4,4,12,Champions,2,High-Value Active,1.0092420918503087,-0.16918383833026152,62.17318,-0.028243804
14066,267,1,152.55,1,1,1,3,Lost Customers,1,Dormant Customers,-2.195448751031922,0.7617177084008504,-33.61267,34.886086
14067,64,2,374.7,3,3,2,8,Needs Attention,0,High-Spend Watchlist,-0.40714565487153215,-0.5625971600301807,-20.00034,-42.536335
14068,321,1,265.85,1,1,2,4,Lost Customers,1,Dormant Customers,-2.1866723388514013,1.3999521034469795,-20.592665,40.008007
14071,4,8,1437.57,5,5,4,14,Champions,2,High-Value Active,1.5415274277684048,-0.19322572889534984,46.008724,40.84539
14073,33,1,151.04,4,1,1,6,New Customers,0,High-Spend Watchlist,-1.069186861866187,-1.286497330989032,-70.97901,-5.6730413
14075,5,3,942.26,5,3,4,12,Potential Loyalists,0,High-Spend Watchlist,0.5901369340258769,-0.6730665428115298,35.574043,-47.549095
14076,130,1,118.67,2,1,1,4,Needs Attention,0,High-Spend Watchlist,-1.6549284358450411,-0.5107031167472471,-51.53403,18.042986
14077,41,5,499.41999999999996,3,4,3,10,Loyal Customers,0,High-Spend Watchlist,0.4769284420060621,-0.3683001902032931,64.81683,-10.6948805
14078,102,6,1049.37,2,5,4,11,At Risk,2,High-Value Active,0.684797145679321,0.4566491989042889,29.99747,-12.321303
14079,125,1,375.1,2,1,2,5,Needs Attention,0,High-Spend Watchlist,-1.0717396400605714,-0.20992217363879745,-38.827255,3.3681426
14080,33,1,45.599999999999994,4,1,1,6,New Customers,0,High-Spend Watchlist,-1.646477669038401,-1.6422387949239436,-72.82378,9.243379
14081,303,2,921.62,1,3,3,7,At Risk,1,Dormant Customers,-1.1238090158590095,1.7966180552552253,0.7503799,11.246536
14082,365,1,182.25,1,1,1,3,Lost Customers,1,Dormant Customers,-2.58282956932555,1.6714659318883953,-20.011,53.63776
14083,5,9,1002.9,5,5,4,14,Champions,2,High-Value Active,1.4572802321827185,-0.24572745843679875,54.314507,38.351078
14085,3,18,4421.29,5,5,5,15,Champions,2,High-Value Active,2.776920307358213,0.4690662731515616,18.729605,56.407677
14087,3,1,191.47,5,1,1,7,New Customers,0,High-Spend Watchlist,-0.8090651959460498,-1.4777737407200715,-71.41275,-14.340055
14088,11,13,50491.81,5,5,5,15,Champions,2,High-Value Active,3.6481825907969756,1.1353791946281726,4.0157323,59.22344
14089,57,1,158.75,3,1,1,5,Needs Attention,0,High-Spend Watchlist,-1.1610473164242927,-1.0618480451034047,-64.57739,-0.84115666
14090,325,1,76.32000000000001,1,1,1,3,Lost Customers,1,Dormant Customers,-2.810729104633672,1.0622682619775436,-31.786196,45.938324
14092,8,14,4076.91,5,5,5,15,Champions,2,High-Value Active,2.4973111777344923,0.3829676502566328,21.071787,52.603653
14093,13,1,433.86,5,1,2,8,New Customers,0,High-Spend Watchlist,-0.45949671545606,-1.1451706130122883,-48.88166,-23.659243
14096,5,17,65164.79,5,5,5,15,Champions,2,High-Value Active,4.031212862024971,1.2717463646610958,3.9279506,60.13748
14098,37,1,147.35,3,1,1,5,Needs Attention,0,High-Spend Watchlist,-1.1005158468132283,-1.258927047761633,-70.5055,-4.979202
14099,17,11,3104.17,4,5,5,14,Champions,2,High-Value Active,2.1170041683714,0.28014545243659555,29.272926,47.372803
14100,138,1,191.95000000000002,2,1,1,4,Needs Attention,0,High-Spend Watchlist,-1.4603990670041533,-0.29707708811219136,-47.565365,12.679883
14101,74,6,5976.79,2,5,5,12,At Risk,2,High-Value Active,1.6690366033683468,0.7350308279817241,22.847971,26.407034
14102,6,5,1105.8799999999999,5,4,4,13,Champions,2,High-Value Active,1.0336490038495483,-0.43539973445697044,67.39095,-1.3916328
14104,155,2,216.20999999999998,2,3,1,6,At Risk,1,Dormant Customers,-1.1144978137151622,0.0679434636668788,-11.734389,-5.7718472
14105,240,1,1266.23,1,1,4,6,At Risk,1,Dormant Customers,-1.0346099170883032,1.1606434242383292,-21.578215,11.274334
14107,52,7,2703.23,3,5,5,13,Loyal Customers,2,High-Value Active,1.5100758338567135,0.36366142874992774,38.45481,20.784029
14108,31,2,597.91,4,3,3,10,Potential Loyalists,0,High-Spend Watchlist,-0.019986408458887484,-0.7107467487039408,-7.600314,-46.685028
14109,73,1,144.2,2,1,1,4,Needs Attention,0,High-Spend Watchlist,-1.2850065142557434,-0.9507308528561799,-63.414757,2.352338
14110,4,12,5683.15,5,5,5,15,Champions,2,High-Value Active,2.548093173001559,0.3840980845542904,18.368109,47.257225
14111,15,4,692.85,4,4,3,11,Loyal Customers,0,High-Spend Watchlist,0.5956548599024448,-0.578537980605888,51.04478,-21.28538
14112,23,7,2915.15,4,5,5,14,Champions,2,High-Value Active,1.6870847412047132,0.13288779921892419,37.379326,29.15994
14113,4,4,1840.42,5,4,4,13,Champions,2,High-Value Active,1.1253045350180544,-0.38106323857329905,44.19982,-1.2530301
14114,274,2,386.53,1,3,2,6,At Risk,1,Dormant Customers,-1.4070885225414864,1.282202849927167,-5.227414,4.5442686
14116,20,5,1382.74,4,4,4,12,Champions,2,High-Value Active,1.0749602014596744,-0.24587667320289305,63.178127,1.5787808
14117,144,1,90.0,2,1,1,4,Needs Attention,1,Dormant Customers,-1.8563015352189838,-0.4707283698098625,-51.194878,20.527933
14121,4,4,2780.15,5,4,5,14,Champions,2,High-Value Active,1.3265934974287754,-0.25702379558842575,40.23699,2.0338857
14124,85,1,419.58000000000004,2,1,2,5,Needs Attention,0,High-Spend Watchlist,-0.8238232498651576,-0.5259098152602539,-43.534256,-6.1174135
14125,11,3,2720.63,5,3,5,13,Potential Loyalists,2,High-Value Active,1.078429102217675,-0.30185431646297284,26.118307,-19.123154
14126,8,3,706.1300000000001,5,3,3,11,Potential Loyalists,0,High-Spend Watchlist,0.43497852690707894,-0.7335221415087971,31.03388,-53.69404
14127,123,3,709.71,2,3,3,8,At Risk,0,High-Spend Watchlist,-0.11843197518454013,0.27313735987992677,16.638838,-23.985065
14128,61,2,637.5,3,3,3,9,Needs Attention,0,High-Spend Watchlist,-0.13374907893677318,-0.4292801563962755,-11.321775,-37.603523
14129,2,5,1123.8600000000001,5,4,4,13,Champions,2,High-Value Active,1.0608499799691329,-0.4655138030437951,67.66471,-1.0121124
14130,320,1,480.91,1,1,2,4,Lost Customers,1,Dormant Customers,-1.8932912978083505,1.569022054521993,-13.858168,26.417248
14132,3,11,3586.0299999999997,5,5,5,15,Champions,2,High-Value Active,2.2550985669119314,0.2011767402555175,26.646301,44.65293
14133,130,3,605.64,2,3,3,8,At Risk,0,High-Spend Watchlist,-0.22956049864875536,0.28669012016625717,15.799994,-23.092983
14135,2,15,4690.31,5,5,5,15,Champions,2,High-Value Active,2.6536548408211953,0.40145893600617905,19.433836,52.99708
14138,2,2,965.8800000000001,5,3,4,12,Potential Loyalists,0,High-Spend Watchlist,0.3540098953303662,-0.820131670990497,3.75217,-42.277893
14139,47,1,415.82,3,1,2,6,Needs Attention,0,High-Spend Watchlist,-0.6445265088737353,-0.860744646744893,-47.75693,-16.35616
14140,4,2,935.05,5,3,4,12,Potential Loyalists,0,High-Spend Watchlist,0.32852285875952963,-0.8123994340365143,3.3712687,-42.586613
14141,3,4,915.13,5,4,3,12,Loyal Customers,0,High-Spend Watchlist,0.7893249945915533,-0.5998214874510971,51.630474,-14.867214
14142,374,1,311.81,1,1,2,4,Lost Customers,1,Dormant Customers,-2.365282648789701,1.9109949713753873,-12.020593,53.01111
14143,134,1,115.8,2,1,1,4,Needs Attention,1,Dormant Customers,-1.6861136949275854,-0.4830442659403782,-51.422672,18.448977
14145,47,4,3742.2,3,4,5,12,Loyal Customers,2,High-Value Active,1.2637702531702706,0.208180017761264,34.890114,2.5619245
14146,9,5,4191.0,5,4,5,14,Champions,2,High-Value Active,1.6692208746082373,-0.008586970077944501,32.071762,12.042215
14147,79,2,483.4,2,3,2,7,At Risk,0,High-Spend Watchlist,-0.35559552274224127,-0.3550456009507112,-16.810987,-38.74389
14148,234,1,157.2,1,1,1,3,Lost Customers,1,Dormant Customers,-2.0213723823473906,0.48226096236255284,-37.795258,28.61382
14149,221,1,446.62,1,1,2,4,Lost Customers,1,Dormant Customers,-1.4507884634551838,0.6815224343756935,-26.744259,15.709544
14150,36,2,658.64,3,3,3,9,Needs Attention,0,High-Spend Watchlist,0.00299466559004474,-0.6379902056638524,-6.762473,-44.132088
14152,76,2,621.29,2,3,3,8,At Risk,0,High-Spend Watchlist,-0.21880831732803496,-0.3059108099078179,-13.386561,-36.15688
14154,240,2,1345.62,1,3,4,8,At Risk,1,Dormant Customers,-0.6346885263761083,1.3597295307506518,3.6373184,2.9382126
14155,267,1,118.75,1,1,1,3,Lost Customers,1,Dormant Customers,-2.316819419241128,0.686925976658236,-35.01043,37.80216
14156,10,55,117210.08,5,5,5,15,Champions,2,High-Value Active,5.330051822031067,1.9981609352452792,3.3807442,65.43902
14157,20,2,424.89000000000004,4,3,2,9,Potential Loyalists,0,High-Spend Watchlist,-0.13325011741504755,-0.9094517926501918,-14.710965,-54.47625
14158,41,1,507.66,3,1,3,7,Needs Attention,0,High-Spend Watchlist,-0.5183158042139564,-0.8532843758624029,-44.394573,-19.210396
14159,20,11,4630.35,4,5,5,14,Champions,2,High-Value Active,2.2976665885262855,0.42663129682129824,23.377403,44.512276
14161,216,3,1097.6200000000001,1,3,4,8,At Risk,1,Dormant Customers,-0.35534275288238565,1.2170140845343078,10.098486,-1.0941765
14162,174,2,289.36,2,3,2,7,At Risk,1,Dormant Customers,-1.0646412999135446,0.3213273821655768,-8.781062,-5.9949923
14163,88,4,2445.91,2,4,5,11,At Risk,2,High-Value Active,0.8580569947049598,0.43864816764203857,32.443172,-4.428401
14164,71,2,1631.77,3,3,4,10,Needs Attention,0,High-Spend Watchlist,0.2762692947464056,-0.05942624757075476,0.21828444,-29.843214
14165,276,1,120.44,1,1,1,3,Lost Customers,1,Dormant Customers,-2.3534813847614977,0.7698049532178879,-34.174942,38.370224
14167,40,4,562.59,3,4,3,10,Loyal Customers,0,High-Spend Watchlist,0.37330618025119233,-0.4225798971809524,43.930176,-21.406353
14171,99,1,363.79,2,1,2,5,Needs Attention,0,High-Spend Watchlist,-0.9609690063384653,-0.44635652540436854,-44.587288,-2.6315358
14173,11,4,450.84,5,4,2,11,Loyal Customers,0,High-Spend Watchlist,0.4055968812806995,-0.7425326127707731,53.555344,-25.76062
14174,34,1,134.46,3,1,1,5,Needs Attention,0,High-Spend Watchlist,-1.1303890652810364,-1.3124927023783814,-72.421036,-3.5561786
14175,60,3,3222.3,3,3,5,11,Needs Attention,2,High-Value Active,0.9241649570840411,0.17731527461856267,23.462069,-16.161068
14176,298,4,576.9000000000001,1,4,3,8,At Risk,1,Dormant Customers,-0.8615485633429704,1.8399734923390236,-2.1280882,8.811384
14177,87,4,549.46,2,4,3,9,At Risk,0,High-Spend Watchlist,0.13461448839060708,-0.018874740213584543,37.10775,-19.829945
14178,9,7,1600.26,5,5,4,14,Champions,2,High-Value Active,1.462107197149582,-0.16981519517833146,45.95314,34.0165
14179,41,2,701.57,3,3,3,9,Needs Attention,0,High-Spend Watchlist,0.009606133105518465,-0.5753210357811092,-6.5219636,-41.90547
14180,11,25,4748.52,5,5,5,15,Champions,2,High-Value Active,3.0595216040402113,0.7003312772226903,15.264549,61.286423
14184,67,1,452.89,3,1,2,6,Needs Attention,0,High-Spend Watchlist,-0.6996076451201322,-0.6603070082899549,-43.3551,-10.539332
14185,332,1,197.65,1,1,1,3,Lost Customers,1,Dormant Customers,-2.3839248241084494,1.4073090709428266,-22.338886,42.25416
14188,31,6,2054.36,4,5,4,13,Champions,2,High-Value Active,1.3557076612474943,0.038032349304907356,51.757782,21.104868
14189,3,15,4654.08,5,5,5,15,Champions,2,High-Value Active,2.645036413988904,0.407867042081395,19.48407,53.039623
14191,2,13,4684.76,5,5,5,15,Champions,2,High-Value Active,2.531140419262629,0.34155801430469984,19.627638,48.818493
14193,68,2,853.39,3,3,3,9,Needs Attention,0,High-Spend Watchlist,-0.02539547616806839,-0.2804768569993266,-5.8875847,-31.734413
14194,5,21,11349.52,5,5,5,15,Champions,2,High-Value Active,3.3612853391692985,0.8354827052502909,9.437204,58.804306
14195,202,2,1012.0,1,3,4,8,At Risk,1,Dormant Customers,-0.5899829204070354,0.9419561753701544,3.135215,-0.38222966
14196,107,1,335.52,2,1,2,5,Needs Attention,0,High-Spend Watchlist,-1.0390170946425012,-0.4006997462977643,-41.885788,2.3172822
14198,19,4,701.4,4,4,3,11,Loyal Customers,0,High-Spend Watchlist,0.5822988778445609,-0.5398922700900931,50.09255,-20.998196
14199,219,1,185.39999999999998,1,1,1,3,Lost Customers,1,Dormant Customers,-1.8687887432785748,0.40050189071291586,-36.74608,25.872173
14201,61,7,747.44,3,5,3,11,Loyal Customers,2,High-Value Active,0.839468890210004,0.05588718206229869,63.980305,24.96302
14204,3,1,150.61,5,1,1,7,New Customers,0,High-Spend Watchlist,-0.9255584119482048,-1.5495598607902805,-74.31203,-11.28068
14205,17,2,466.7,4,3,2,9,Potential Loyalists,0,High-Spend Watchlist,-0.07303316607765463,-0.9075015642934455,-11.091534,-54.503674
14206,240,1,328.15999999999997,1,1,2,4,Lost Customers,1,Dormant Customers,-1.6926948818189622,0.755114519502104,-27.614697,21.210402
14208,95,1,151.74,2,1,1,4,Needs Attention,0,High-Spend Watchlist,-1.3666339725394725,-0.743213736434401,-52.92497,10.870587
14209,11,6,2073.43,5,5,5,15,Champions,2,High-Value Active,1.456890222948909,-0.13399640340804495,51.391594,23.864845
14210,106,6,1905.8400000000001,2,5,4,11,At Risk,2,High-Value Active,0.9565649256250888,0.6709955151419247,27.225044,-3.422327
14211,54,9,2241.1,3,5,5,13,Loyal Customers,2,High-Value Active,1.6126893639368267,0.42427078172922394,39.83315,22.989527
14212,90,1,1070.48,2,1,4,7,At Risk,0,High-Spend Watchlist,-0.39146709023317167,-0.20088580072316792,-31.300217,-12.477944
14214,31,5,1004.38,4,4,4,12,Champions,2,High-Value Active,0.86585370576447,-0.24582445224791946,64.23801,-4.2697763
14215,12,6,1789.72,5,5,4,14,Champions,2,High-Value Active,1.38026093383794,-0.1694983423394441,53.301525,24.02457
14216,4,4,1839.3,5,4,4,13,Champions,2,High-Value Active,1.125007522374413,-0.3812462654140932,44.208584,-1.2599005
14217,2,17,2004.98,5,5,4,14,Champions,2,High-Value Active,2.3464651687001727,0.19840443611084546,29.852072,54.42147
14218,43,1,169.48000000000002,3,1,1,5,Needs Attention,0,High-Spend Watchlist,-1.0616400990045893,-1.164656794708347,-67.20947,-5.6574917
14219,5,1,89.94,5,1,1,7,New Customers,0,High-Spend Watchlist,-1.1847388884442296,-1.685835540467078,-77.31853,1.6233988
14220,248,2,632.4,1,3,3,7,At Risk,1,Dormant Customers,-1.0415663791724048,1.202752939721236,-0.72183007,3.4212599
14221,43,9,3432.8,3,5,5,13,Loyal Customers,2,High-Value Active,1.8739479451514,0.45635601908715323,35.93597,24.553236
14222,178,1,683.17,2,1,3,6,At Risk,1,Dormant Customers,-1.0358242594968996,0.43331695004611936,-26.007355,9.883656
14223,93,3,991.13,2,3,4,9,At Risk,0,High-Spend Watchlist,0.18943003379648862,0.11127977913115791,21.38318,-30.654512
14224,111,4,1009.73,2,4,4,10,At Risk,0,High-Spend Watchlist,0.31525825623412485,0.37369866606545715,33.7135,-13.805379
14226,29,5,2214.79,4,4,5,13,Champions,2,High-Value Active,1.2613000815720823,-0.02557821578543199,53.929203,9.096632
14227,27,10,3350.96,4,5,5,14,Champions,2,High-Value Active,2.026545408175831,0.351754838543165,31.663122,45.199654
14229,52,3,1547.2,3,3,4,10,Needs Attention,0,High-Spend Watchlist,0.6048478883574963,-0.11320814868633627,29.950163,-34.043888
14231,184,3,925.71,1,3,3,7,At Risk,1,Dormant Customers,-0.2837371536815014,0.8861312137923626,12.88157,-6.2802973
14232,43,5,2048.07,3,4,4,11,Loyal Customers,2,High-Value Active,1.155441564367247,0.07325507673387378,51.52826,9.082922
14233,50,4,1462.72,3,4,4,11,Loyal Customers,2,High-Value Active,0.7908902393242847,-0.04806381815829577,38.796654,-8.431521
14234,23,4,754.12,4,4,3,11,Loyal Customers,0,High-Spend Watchlist,0.5982952405898166,-0.48315888871506657,49.048588,-19.709871
14235,76,5,3144.86,2,4,5,11,At Risk,2,High-Value Active,1.205211654614104,0.4906517760982306,40.784748,11.609208
14236,81,2,490.86,2,3,3,8,At Risk,0,High-Spend Watchlist,-0.35780205797211634,-0.3329673194637489,-16.640467,-38.506737
14237,374,1,161.0,1,1,1,3,Lost Customers,1,Dormant Customers,-2.686503197644018,1.7130505958964934,-21.599443,54.262802
14238,327,1,146.85,1,1,1,3,Lost Customers,1,Dormant Customers,-2.5039376673209564,1.2747590526185437,-26.43823,43.52205
14239,44,11,2380.85,3,5,5,13,Loyal Customers,2,High-Value Active,1.8570339698456622,0.4363581922873614,35.226597,48.5157
14240,31,2,890.34,4,3,3,10,Potential Loyalists,0,High-Spend Watchlist,0.17412005558267946,-0.5911333462047439,-2.240784,-41.75185
14241,184,1,213.70000000000002,1,1,1,3,Lost Customers,1,Dormant Customers,-1.630606847269428,0.1371106163711524,-41.150146,17.245808
14242,235,2,280.55,1,3,2,6,At Risk,1,Dormant Customers,-1.3745386121956722,0.8452198391613229,-6.91462,1.2412626
14243,9,10,2588.77,5,5,5,15,Champions,2,High-Value Active,1.9876139117471967,0.11682219979495773,36.51301,43.917076
14245,220,2,1693.45,1,3,4,8,At Risk,1,Dormant Customers,-0.4258506195269393,1.25404077446147,5.372216,1.9437658
14246,111,3,1474.06,2,3,4,9,At Risk,0,High-Spend Watchlist,0.29603444650373223,0.38791421185668656,22.206734,-26.860033
14247,279,1,136.76999999999998,1,1,1,3,Lost Customers,1,Dormant Customers,-2.3063914377769046,0.8339799993763656,-32.915085,37.456642
14248,319,1,302.58,1,1,2,4,Lost Customers,1,Dormant Customers,-2.114050327377999,1.4212656520243987,-15.894612,30.99186
14250,8,3,1904.05,5,3,4,12,Potential Loyalists,2,High-Value Active,0.9187862470181783,-0.4353873635475892,36.874218,-34.170055
14251,2,5,2879.7000000000003,5,4,5,14,Champions,2,High-Value Active,1.5199196658205434,-0.18262323893993418,58.014458,11.360294
14256,261,2,969.0600000000001,1,3,4,8,At Risk,1,Dormant Customers,-0.8963160696915355,1.4446069560761432,1.582194,4.3860583
14257,65,5,3099.7200000000003,3,4,5,12,Loyal Customers,2,High-Value Active,1.2513267722207913,0.3901600700005796,40.08387,11.149541
14258,10,9,12669.98,5,5,5,15,Champions,2,High-Value Active,2.670847381538536,0.5606988886399308,20.39815,32.074852
14259,142,1,120.0,2,1,1,4,Needs Attention,1,Dormant Customers,-1.707537239125909,-0.40249398434845896,-51.02751,18.6537
14261,51,2,1163.45,3,3,4,10,Needs Attention,0,High-Spend Watchlist,0.20792518433278576,-0.33592170192689724,-1.1873964,-33.306503
14262,9,8,2618.23,5,5,5,15,Champions,2,High-Value Active,1.8098898529356076,0.03074112268356761,36.289818,36.89978
14264,155,2,333.97,2,3,2,7,At Risk,0,High-Spend Watchlist,-0.9030309141259155,0.19825481368152426,-9.024271,-10.018381
14265,110,2,530.18,2,3,3,8,At Risk,0,High-Spend Watchlist,-0.4604352538632119,-0.05636146093106896,-8.391668,-19.76432
14267,163,3,1516.24,2,3,4,9,At Risk,0,High-Spend Watchlist,0.05844570837945274,0.8508940506401929,19.831547,-8.496455
14270,332,1,492.65000000000003,1,1,3,5,At Risk,1,Dormant Customers,-1.9395455943918998,1.6811469976127293,-13.192325,26.671007
14271,226,1,112.32,1,1,1,3,Lost Customers,1,Dormant Customers,-2.1455804067088544,0.31196875737440405,-42.743874,30.335833
14272,74,2,437.96,2,3,2,7,At Risk,0,High-Spend Watchlist,-0.37951381130566164,-0.42837967971328617,-18.083364,-39.888126
14273,52,4,559.97,3,4,3,10,Loyal Customers,0,High-Spend Watchlist,0.31302703633714174,-0.3190974262356765,40.84122,-20.92726
14276,99,3,1119.74,2,3,4,9,At Risk,0,High-Spend Watchlist,0.21993191481603255,0.2003898397938173,21.925518,-29.50137
14277,16,3,4188.0,4,3,5,12,Potential Loyalists,2,High-Value Active,1.2647778523774795,-0.1284264037469958,31.917887,5.1094127
14280,197,1,134.04,1,1,1,3,Lost Customers,1,Dormant Customers,-1.9197985180538304,0.11125029510930713,-44.387592,22.66074
14282,4,15,3701.44,5,5,5,15,Champions,2,High-Value Active,2.528426181952688,0.3477278163804481,21.065235,54.336617
14284,31,2,595.25,4,3,3,10,Potential Loyalists,0,High-Spend Watchlist,-0.022159429652884536,-0.7120858203314637,-7.6845217,-46.744595
14285,22,4,1910.01,4,4,4,12,Champions,2,High-Value Active,1.0564067767136538,-0.2125777638144835,42.186356,-3.1741014
14286,24,3,4628.75,4,3,5,12,Potential Loyalists,2,High-Value Active,1.274945904418847,-0.028408566887050738,31.688612,5.385051
14287,9,3,176.63,5,3,1,9,Potential Loyalists,0,High-Spend Watchlist,-0.2442779968744993,-1.1403785035582097,16.57741,-59.431297
14288,214,1,426.6,1,1,2,4,Lost Customers,1,Dormant Customers,-1.4392898255057711,0.6065751725931174,-27.620996,15.301614
14289,9,6,911.26,5,5,3,13,Loyal Customers,2,High-Value Active,1.0655117681470372,-0.3986118928275993,59.823036,32.414173
14290,12,5,2314.65,5,4,5,14,Champions,2,High-Value Active,1.36499257755513,-0.1609032743589539,58.269745,9.57934
14291,2,11,3883.25,5,5,5,15,Champions,2,High-Value Active,2.2987938028080093,0.21638386735479134,25.957987,44.313663
14292,8,9,4871.93,5,5,5,15,Champions,2,High-Value Active,2.2140032247567305,0.2557417475423495,24.388836,38.688213
14293,4,4,1046.56,5,4,4,13,Champions,0,High-Spend Watchlist,0.8499366722852657,-0.5507520078939705,50.436947,-11.558544
14295,41,1,166.20000000000002,3,1,1,5,Needs Attention,0,High-Spend Watchlist,-1.0614566566400188,-1.187981758125176,-67.82715,-5.6729355
14297,18,4,1305.33,4,4,4,12,Champions,2,High-Value Active,0.890033917690196,-0.3619770152549795,46.66608,-8.073248
14298,9,44,51527.3,5,5,5,15,Champions,2,High-Value Active,4.73397935656606,1.644668239653743,4.3772273,64.78618
14299,9,9,3965.62,5,5,5,15,Champions,2,High-Value Active,2.108711865136551,0.2025775025501674,27.907688,39.50093
14300,19,1,43.2,4,1,1,6,New Customers,0,High-Spend Watchlist,-1.604618582688863,-1.780510185089368,-73.27738,9.323732
14301,118,1,640.14,2,1,3,6,At Risk,0,High-Spend Watchlist,-0.7775134294223449,-0.11064542327097934,-34.899277,-2.0307503
14304,223,1,383.45,1,1,2,4,Lost Customers,1,Dormant Customers,-1.5347227422410776,0.6532379753244334,-27.731825,16.909706
14305,72,3,1858.96,3,3,4,10,Needs Attention,0,High-Spend Watchlist,0.5977358496861961,0.11678928317426902,27.948423,-31.455275
14306,52,2,2093.32,3,3,5,11,Needs Attention,0,High-Spend Watchlist,0.4896418695077288,-0.15060162203542596,3.9238243,-31.78499
14307,89,6,2995.72,2,5,5,12,At Risk,2,High-Value Active,1.259428675766306,0.6584049131848982,40.344296,13.900048
14309,9,9,2352.53,5,5,5,15,Champions,2,High-Value Active,1.8538842344584168,0.045546153250573325,37.61286,41.789013
14311,243,1,310.26,1,1,2,4,Lost Customers,1,Dormant Customers,-1.7344926127382219,0.7645146891677735,-27.821022,21.983826
14312,47,6,1611.59,3,5,4,12,Loyal Customers,2,High-Value Active,1.1599319833565707,0.10489437685246635,46.91941,14.947657
14314,107,1,120.0,2,1,1,4,Needs Attention,0,High-Spend Watchlist,-1.5383576565014314,-0.708406261403912,-53.577248,12.251068
14315,45,6,2481.13,3,5,5,13,Loyal Customers,2,High-Value Active,1.380138327071998,0.21715319210199518,46.73708,19.5162
14317,65,1,508.58000000000004,3,1,3,7,Needs Attention,0,High-Spend Watchlist,-0.6334425047538088,-0.6429723499902498,-41.579292,-11.253269
14320,207,2,477.79,1,3,2,6,At Risk,1,Dormant Customers,-0.9799961661251182,0.7602149815930118,-2.1594234,-1.2538395
14321,11,5,1530.75,5,4,4,13,Champions,2,High-Value Active,1.1680725458150585,-0.29396947240279014,63.345493,4.1151376
14323,115,2,605.0600000000001,2,3,3,8,At Risk,0,High-Spend Watchlist,-0.42022388606441763,0.027012832896753575,-7.2011495,-19.546398
14326,243,1,183.85,1,1,1,3,Lost Customers,1,Dormant Customers,-1.988873987023572,0.6077583345510793,-35.56675,28.612474
14327,164,1,311.65,2,1,2,5,Needs Attention,1,Dormant Customers,-1.3504549160470871,0.0753673986466167,-36.09418,9.304422
14329,18,7,4975.24,4,5,5,14,Champions,2,High-Value Active,1.972140295101328,0.24995136003202792,27.687181,29.993692
14331,125,2,462.65999999999997,2,3,2,7,At Risk,0,High-Spend Watchlist,-0.599308223384704,0.03384647842215077,-8.424159,-15.022812
14332,23,3,840.21,4,3,3,10,Potential Loyalists,0,High-Spend Watchlist,0.4472336732121673,-0.5501851647658749,31.152315,-48.49379
14333,68,1,415.2,3,1,2,6,Needs Attention,0,High-Spend Watchlist,-0.7467609397730554,-0.6776450802600799,-44.853645,-10.1936655
14334,17,8,2552.21,4,5,5,14,Champions,2,High-Value Active,1.7587575581116202,0.09298410696891776,37.15509,36.10746
14335,17,2,454.86,4,3,2,9,Potential Loyalists,0,High-Spend Watchlist,-0.08555067873753293,-0.9152151779923391,-11.72583,-54.638428
14336,17,4,1614.91,4,4,4,12,Champions,2,High-Value Active,0.9986915212996684,-0.30673840401646996,44.71466,-4.4277306
14338,162,2,588.22,2,3,3,8,At Risk,0,High-Spend Watchlist,-0.6611644248024156,0.4293321924975307,-4.3457255,-12.507254
14339,243,1,309.52,1,1,2,4,Lost Customers,1,Dormant Customers,-1.7356546039253196,0.7637986402703341,-27.850445,22.00602
14340,219,1,134.7,1,1,1,3,Lost Customers,1,Dormant Customers,-2.0237598435466513,0.3050047073314326,-40.963196,27.58697
14341,46,8,2166.98,3,5,5,13,Loyal Customers,2,High-Value Active,1.5387360764048614,0.29725228035911416,40.39663,24.17836
14342,22,4,668.5600000000001,4,4,3,11,Loyal Customers,0,High-Spend Watchlist,0.5444227329653105,-0.5280755181031956,49.333076,-21.605068
14344,128,8,889.9300000000001,2,5,3,10,At Risk,2,High-Value Active,0.7082435164062605,0.746439593322012,28.751556,-12.507378
14345,39,1,108.97999999999999,3,1,1,5,Needs Attention,0,High-Spend Watchlist,-1.2562829385152445,-1.3314767362394908,-72.97286,0.91179055
14346,121,2,1021.58,2,3,4,9,At Risk,0,High-Spend Watchlist,-0.19385800080735308,0.23681933759411541,-2.232826,-24.194628
14348,261,1,409.57,1,1,2,4,Lost Customers,1,Dormant Customers,-1.6863142155814803,1.005145506305467,-23.030014,21.581135
14349,11,1,133.5,5,1,1,7,New Customers,0,High-Spend Watchlist,-1.0226859236622476,-1.5156603137937057,-76.097725,-3.84061
14350,275,1,282.93,1,1,2,4,Lost Customers,1,Dormant Customers,-1.9340350039680403,1.0165596135539714,-24.265484,28.042772
14351,165,1,51.0,2,1,1,4,Needs Attention,1,Dormant Customers,-2.2310010603043153,-0.45552881190422717,-51.03496,24.698603
14352,158,4,1078.96,2,4,4,10,At Risk,0,High-Spend Watchlist,0.12041656440614419,0.8044253224423786,18.440582,-5.363419
14353,216,1,90.6,1,1,1,3,Lost Customers,1,Dormant Customers,-2.2011199180154075,0.16055385341289927,-45.019707,29.631954
14354,6,2,163.62,5,3,1,9,Potential Loyalists,0,High-Spend Watchlist,-0.5296110611645097,-1.3177656520464045,-30.922585,-53.524254
14355,366,1,174.4,1,1,1,3,Lost Customers,1,Dormant Customers,-2.609036781564847,1.6670353753835254,-20.633501,53.83128
14356,80,2,701.23,2,3,3,8,At Risk,0,High-Spend Watchlist,-0.1791445635122956,-0.2345929725838465,-8.103772,-26.006958
14357,44,1,225.12,3,1,1,5,Needs Attention,0,High-Spend Watchlist,-0.9285891496817518,-1.0709483702458737,-61.808456,-8.567367
14359,20,3,912.18,4,3,3,10,Potential Loyalists,0,High-Spend Watchlist,0.5018100834013552,-0.5517107831409974,32.276005,-47.489815
14360,32,4,2118.03,4,4,5,13,Champions,2,High-Value Active,1.0585114332264058,-0.0940907936314661,40.519775,-3.6982915
14362,23,1,151.5,4,1,1,6,New Customers,0,High-Spend Watchlist,-1.0193750778283712,-1.3729920533581337,-72.58085,-7.8238506
14364,109,8,3717.35,2,5,5,12,At Risk,2,High-Value Active,1.4975767990755513,1.0101860413679253,23.026054,3.658327
14367,9,16,9227.82,5,5,5,15,Champions,2,High-Value Active,3.0054896292946593,0.6932210414952666,11.654718,52.503304
14368,320,1,155.0,1,1,1,3,Lost Customers,1,Dormant Customers,-2.4439072450294814,1.229718326319856,-26.399908,42.600445
14371,296,1,100.5,1,1,1,3,Lost Customers,1,Dormant Customers,-2.5377156685569284,0.8906550957174489,-33.594803,41.822308
14373,359,1,76.55,1,1,1,3,Lost Customers,1,Dormant Customers,-2.9736249831855943,1.3603337166607055,-27.666508,52.252296
14375,186,1,235.56,1,1,1,3,Lost Customers,1,Dormant Customers,-1.5929404888137646,0.18375960190326524,-40.2452,16.88659
14377,192,2,617.05,1,3,3,7,At Risk,1,Dormant Customers,-0.7828553924751195,0.7059131638745406,-0.3729716,-2.3752925
14379,45,2,348.1,3,3,2,8,Needs Attention,0,High-Spend Watchlist,-0.3511534150879614,-0.7507543503560747,-19.967484,-49.096924
14381,53,1,202.68,3,1,1,5,Needs Attention,0,High-Spend Watchlist,-1.0231146712432906,-1.023726407237842,-61.346226,-5.3021026
14382,27,1,615.49,4,1,3,8,New Customers,0,High-Spend Watchlist,-0.35678587044677423,-0.9178115076371263,-41.833244,-22.17261
14383,39,3,1247.69,3,3,4,10,Needs Attention,0,High-Spend Watchlist,0.5627288738312534,-0.291510004866766,31.35036,-38.534058
14385,10,3,202.11,5,3,1,9,Potential Loyalists,0,High-Spend Watchlist,-0.18367397594975338,-1.0913137422993262,16.72055,-59.32131
14386,297,1,142.4,1,1,1,3,Lost Customers,1,Dormant Customers,-2.373845452884847,1.0033551458775216,-29.931402,39.987137
14387,33,3,1727.6,4,3,4,11,Potential Loyalists,0,High-Spend Watchlist,0.7504945919593207,-0.24611794928982528,33.03644,-34.53608
14388,11,8,3212.84,5,5,5,15,Champions,2,High-Value Active,1.9000967580018464,0.1097669462580899,33.25465,35.67704
14389,66,2,1043.46,3,3,4,10,Needs Attention,0,High-Spend Watchlist,0.08233091067352555,-0.23753108818065238,-3.4430091,-30.968405
14390,11,9,4642.57,5,5,5,15,Champions,2,High-Value Active,2.175966142511091,0.2674593257790164,24.913118,38.7261
14393,219,1,67.95,1,1,1,3,Lost Customers,1,Dormant Customers,-2.3542876507615906,0.10132495953534086,-46.67832,29.472746
14395,3,9,3479.91,5,5,5,15,Champions,2,High-Value Active,2.0739480590423804,0.1108411338874633,29.029198,39.85476
14396,66,2,487.99,3,3,3,9,Needs Attention,0,High-Spend Watchlist,-0.28815337755817666,-0.46583304868824926,-16.76397,-40.24624
14397,3,19,2612.96,5,5,5,15,Champions,2,High-Value Active,2.567080235136068,0.3337666843820786,21.921143,57.25474
14400,150,1,574.7,2,1,3,6,At Risk,0,High-Spend Watchlist,-0.9847496443833534,0.13665836877188936,-34.017635,1.2237157
14401,5,13,4051.48,5,5,5,15,Champions,2,High-Value Active,2.445756402618412,0.3240991921093474,22.032557,48.55663
14403,131,4,1475.81,2,4,4,10,At Risk,2,High-Value Active,0.4037066967346399,0.6625829264231635,27.781803,-7.596098
14404,34,6,1449.32,3,5,4,12,Loyal Customers,2,High-Value Active,1.170995308539604,-0.04063515184827455,57.993553,27.196487
14406,120,1,156.75,2,1,1,4,Needs Attention,0,High-Spend Watchlist,-1.4717209128456468,-0.514995949061455,-50.83869,12.271142
14407,108,6,2157.73,2,5,5,12,At Risk,2,High-Value Active,1.0074669904173466,0.7258006838141375,27.236366,-3.3777053
14408,11,7,2599.03,5,5,5,15,Champions,2,High-Value Active,1.6890750757964215,-0.006513737302545905,38.27288,31.22831
14409,72,6,2059.4500000000003,3,5,5,13,Loyal Customers,2,High-Value Active,1.1587333177614412,0.39713079482237335,44.12347,14.555456
14410,93,9,1100.27,2,5,4,11,At Risk,2,High-Value Active,1.07710580839927,0.5512715043211251,63.54618,22.91392
14411,311,1,1063.0,1,1,4,6,At Risk,1,Dormant Customers,-1.4631352286139367,1.7286242793804714,-12.972559,19.74622
14412,43,2,770.03,3,3,3,9,Needs Attention,0,High-Spend Watchlist,0.04533055718426599,-0.5298687202280203,-5.353383,-41.003784
14413,363,1,121.05,1,1,1,3,Lost Customers,1,Dormant Customers,-2.771567485528457,1.5317227615117635,-24.615,52.920868
14414,92,7,1496.98,2,5,4,11,At Risk,2,High-Value Active,1.028361510643536,0.5355767624056619,42.257664,18.85409
14415,2,13,5855.57,5,5,5,15,Champions,2,High-Value Active,2.640021544890693,0.408653368231328,17.637934,48.544785
14416,23,2,490.22,4,3,3,10,Potential Loyalists,0,High-Spend Watchlist,-0.07808294292281641,-0.8402993508664874,-10.51155,-52.836487
14418,4,3,1937.25,5,3,4,12,Potential Loyalists,2,High-Value Active,0.9465554188872795,-0.46515129527925636,37.027573,-34.112366
14419,11,6,1051.79,5,5,4,14,Champions,2,High-Value Active,1.1257875031401774,-0.33803042715173415,58.62567,31.716515
14420,100,1,387.52,2,1,2,5,Needs Attention,0,High-Spend Watchlist,-0.9350364011399758,-0.4186571835041808,-44.069168,-3.0388732
14421,58,2,813.11,3,3,3,9,Needs Attention,0,High-Spend Watchlist,-0.0006336479330355796,-0.38240800731440205,-6.2321587,-34.003334
14422,1,6,4263.64,5,5,5,15,Champions,2,High-Value Active,1.8570427073195657,-0.00460216294596148,28.867498,26.858511
14423,219,1,265.2,1,1,2,4,Lost Customers,1,Dormant Customers,-1.6948252635291623,0.5077026674937004,-33.606197,23.311459
14424,18,1,322.08,4,1,2,7,New Customers,0,High-Spend Watchlist,-0.6287145292969081,-1.1908519749156192,-58.556,-21.26507
14426,24,10,4481.67,4,5,5,14,Champions,2,High-Value Active,2.182946795853763,0.4129763938748625,24.406599,41.63314
14427,51,2,363.34000000000003,3,3,2,8,Needs Attention,0,High-Spend Watchlist,-0.3592962567385553,-0.6854581631264154,-20.083088,-44.641
14428,8,5,1224.06,5,4,4,13,Champions,2,High-Value Active,1.0735045474217475,-0.3874017166719525,66.5394,0.11511019
14431,303,1,470.36,1,1,2,4,Lost Customers,1,Dormant Customers,-1.8219242820554873,1.413777202463774,-15.197805,25.626268
14432,10,6,2248.5,5,5,5,15,Champions,2,High-Value Active,1.5012768152801794,-0.11836324466700457,50.126316,23.839708
14434,22,6,1372.8,4,5,4,13,Champions,2,High-Value Active,1.2025387653350774,-0.16182529330507617,57.53233,28.354425
14436,99,1,89.06,2,1,1,4,Needs Attention,0,High-Spend Watchlist,-1.643853866033329,-0.8671677641573321,-65.88458,9.389119
14437,366,1,63.0,1,1,1,3,Lost Customers,1,Dormant Customers,-3.1012103913665925,1.3637453207252115,-28.411242,52.285423
14438,307,1,131.9,1,1,1,3,Lost Customers,1,Dormant Customers,-2.4593039551743647,1.0678834423521044,-29.495596,41.9764
14439,320,1,2661.24,1,1,5,7,At Risk,1,Dormant Customers,-1.0589152069045547,2.0831860917155716,-11.756524,18.143085
14440,9,5,2357.6800000000003,5,4,5,14,Champions,2,High-Value Active,1.3884818675674773,-0.18158557685901636,58.464836,9.847502
14441,1,4,1712.89,5,4,4,13,Champions,2,High-Value Active,1.1047684807678095,-0.4288750921135554,45.07272,-1.6642542
14442,205,2,1589.82,1,3,4,8,At Risk,1,Dormant Customers,-0.38415327478020483,1.1039507122913363,5.209444,1.4103103
14443,54,4,1420.2,3,4,4,11,Loyal Customers,2,High-Value Active,0.7571641775005769,-0.021970675440801828,38.382,-8.791198
14446,1,4,1010.35,5,4,4,13,Champions,0,High-Spend Watchlist,0.847264880913546,-0.5875554425410625,50.849426,-12.259518
14447,19,5,1163.23,4,4,4,12,Champions,2,High-Value Active,0.9954709966593588,-0.3065789711679018,65.13377,-1.3339009
14448,10,2,375.35,5,3,2,10,Potential Loyalists,0,High-Spend Watchlist,-0.14528185961000545,-1.0340560887100816,-16.934673,-57.3722
14449,19,4,885.8,4,4,3,11,Loyal Customers,0,High-Spend Watchlist,0.6961010511685071,-0.46976443982800803,49.650845,-16.658377
14450,181,3,483.25,1,3,2,6,At Risk,1,Dormant Customers,-0.5860823966547944,0.6646612799550811,9.790668,-7.6303
14451,61,2,643.9,3,3,3,9,Needs Attention,0,High-Spend Watchlist,-0.12888019752277283,-0.4262798262672955,-11.181656,-37.50952
14452,11,2,259.05,5,3,2,10,Potential Loyalists,0,High-Spend Watchlist,-0.33056820684433746,-1.1365153054006862,-25.922968,-56.104984
14453,191,1,119.93,1,1,1,3,Lost Customers,1,Dormant Customers,-1.9446711531951497,0.02560912074223653,-45.743595,22.458553
14456,6,9,3017.28,5,5,5,15,Champions,2,High-Value Active,1.9898296236633504,0.09416219546370841,34.764538,40.643898
14457,311,1,113.64,1,1,1,3,Lost Customers,1,Dormant Customers,-2.5507914720037492,1.058382488805737,-30.504274,43.275475
14459,156,1,1837.92,2,1,4,7,At Risk,0,High-Spend Watchlist,-0.446808494958422,0.5384655761028524,-29.384375,-3.880474
14460,111,3,434.34,2,3,2,7,At Risk,0,High-Spend Watchlist,-0.2997014150088711,0.020806430371092515,13.379889,-23.192564
14461,149,3,2103.06,2,3,5,10,At Risk,0,High-Spend Watchlist,0.28573979149586143,0.8268924814991889,21.392569,-8.850281
14462,67,11,1980.57,3,5,4,12,Loyal Customers,2,High-Value Active,1.6560400156757789,0.58203760223423,36.03193,49.385693
14463,99,3,529.62,2,3,3,8,At Risk,0,High-Spend Watchlist,-0.1450775035963417,-0.024538364921753278,14.088396,-24.296957
14465,247,3,1038.44,1,3,4,8,At Risk,1,Dormant Customers,-0.5322192459053735,1.4713073165093857,9.604097,-1.3313825
14466,30,7,2272.4,4,5,5,14,Champions,2,High-Value Active,1.5316986369059962,0.11916789830802445,40.90577,28.439552
14467,18,4,596.26,4,4,3,11,Loyal Customers,0,High-Spend Watchlist,0.5079743658376837,-0.5974119513352691,51.6311,-23.642576
14470,12,2,461.19,5,3,2,10,Potential Loyalists,0,High-Spend Watchlist,-0.05465004589671197,-0.9547684254834053,-11.435303,-55.602226
14472,104,8,1852.67,2,5,4,11,At Risk,2,High-Value Active,1.1819188954348452,0.7570744978233048,41.998604,18.95354
14473,75,2,234.34000000000003,2,3,1,6,At Risk,0,High-Spend Watchlist,-0.6886660790234607,-0.6071682668649881,-26.873188,-44.974823
14474,47,1,547.66,3,1,3,7,Needs Attention,0,High-Spend Watchlist,-0.5103634170590682,-0.7780698940981807,-43.315277,-18.562387
14475,72,3,925.85,3,3,3,9,Needs Attention,0,High-Spend Watchlist,0.25771125511670384,-0.0927426295865411,21.836416,-33.486813
14476,258,1,193.0,1,1,1,3,Lost Customers,1,Dormant Customers,-2.0377939768857356,0.7533976167764728,-32.085907,30.999514
14477,20,4,1309.6,4,4,4,12,Champions,2,High-Value Active,0.8819596158114297,-0.34351460270577133,46.25825,-8.162072
14479,254,2,316.25,1,3,2,6,At Risk,1,Dormant Customers,-1.4081003132720658,1.0471993051538373,-6.1055093,3.1279
14480,12,1,279.05,5,1,2,8,New Customers,0,High-Spend Watchlist,-0.6694883942153975,-1.286291896619417,-62.36769,-20.281433
14481,165,2,636.51,2,3,3,8,At Risk,0,High-Spend Watchlist,-0.6372116353066416,0.479249526296647,-3.5805871,-12.597127
14482,19,6,2022.81,4,5,4,13,Champions,2,High-Value Active,1.4061604043899398,-0.071505402882114,52.01845,22.628374
14483,282,1,137.1,1,1,1,3,Lost Customers,1,Dormant Customers,-2.3197246134711405,0.8609207610975494,-32.45782,37.73417
14484,51,1,321.92,3,1,2,6,Needs Attention,0,High-Spend Watchlist,-0.7884685288229358,-0.9025694161185494,-52.632343,-12.498314
14485,39,1,162.8,3,1,1,5,Needs Attention,0,High-Spend Watchlist,-1.0618186266053606,-1.2116428186671984,-68.59268,-5.637214
14487,27,6,1165.48,4,5,4,13,Champions,2,High-Value Active,1.0985093356724338,-0.16733589390233267,59.19991,29.137371
14488,68,1,1064.28,3,1,4,8,Needs Attention,0,High-Spend Watchlist,-0.2879586268604156,-0.3949192782474791,-31.533665,-14.196208
14489,208,1,463.38,1,1,2,4,Lost Customers,1,Dormant Customers,-1.370005652223424,0.5789558486555513,-27.233027,14.222191
14491,176,2,340.93,2,3,2,7,At Risk,1,Dormant Customers,-0.9944992652954545,0.38798871578424327,-8.077519,-7.098619
14493,8,5,2383.2400000000002,5,4,5,14,Champions,2,High-Value Active,1.3985772799799916,-0.18708352637883352,58.48208,9.977456
14494,26,1,139.56,4,1,1,6,New Customers,0,High-Spend Watchlist,-1.073677361912234,-1.3712975114165873,-73.22095,-4.8900423
14495,51,2,123.8,3,3,1,7,Needs Attention,0,High-Spend Watchlist,-0.8823173297335,-1.0077572191038051,-31.295088,-49.46418
14496,312,2,538.8100000000001,1,3,3,7,At Risk,1,Dormant Customers,-1.4289755277128176,1.7140376148293188,-0.6531242,12.90012
14497,310,1,475.37,1,1,2,4,Lost Customers,1,Dormant Customers,-1.850598830862841,1.4781402255972897,-14.628434,26.025415
14498,43,5,1957.32,3,4,4,11,Loyal Customers,2,High-Value Active,1.1333275831050087,0.0596278719179981,51.047775,8.866371
14499,27,3,808.44,4,3,3,10,Potential Loyalists,0,High-Spend Watchlist,0.4091046781116209,-0.5268052229343999,30.22656,-48.478348
14500,89,3,356.85,2,3,2,7,At Risk,0,High-Spend Watchlist,-0.28904928839132954,-0.2304475134460051,16.108112,-49.563877
14501,184,2,251.21,1,3,2,6,At Risk,1,Dormant Customers,-1.1817427265670168,0.366356493659968,-9.204274,-4.6637106
14502,20,11,2429.83,4,5,5,14,Champions,2,High-Value Active,1.9829798072369687,0.23271319719801498,33.53765,48.10849
14503,4,6,3543.26,5,5,5,15,Champions,2,High-Value Active,1.7522149303527295,-0.034042731040664055,30.468115,26.17814
14504,48,4,673.26,3,4,3,10,Loyal Customers,0,High-Spend Watchlist,0.4221612787709972,-0.2987221058672519,43.730774,-20.155357
14505,18,8,5859.43,4,5,5,14,Champions,2,High-Value Active,2.1595365804618942,0.35167346556714185,24.936962,31.644922
14506,18,5,1960.65,4,4,4,12,Champions,2,High-Value Active,1.254999552094623,-0.1583697936204263,59.789143,6.3966966
14507,24,6,1367.88,4,5,4,13,Champions,2,High-Value Active,1.191119909229077,-0.14542388121217867,57.727337,28.193615
14508,23,2,268.05,4,3,2,9,Potential Loyalists,0,High-Spend Watchlist,-0.37196322166136386,-1.021395947730992,-24.266191,-53.800194
14511,12,5,1314.81,5,4,4,13,Champions,2,High-Value Active,1.0890561749471197,-0.33094239259390545,65.1369,1.3813518
14512,188,2,275.28,1,3,2,6,At Risk,1,Dormant Customers,-1.1565788143392695,0.4287391551431818,-8.538726,-4.635952
14513,101,3,455.59000000000003,2,3,2,7,At Risk,0,High-Spend Watchlist,-0.22809859024024565,-0.05226009145517434,13.444266,-23.839354
14514,62,3,990.2,3,3,4,10,Needs Attention,0,High-Spend Watchlist,0.3388169860333665,-0.15995321588995057,23.214642,-34.47075
14515,18,6,2076.89,4,5,5,14,Champions,2,High-Value Active,1.4238678728952836,-0.07231260738334623,51.665928,22.753803
14517,34,2,330.45,3,3,2,8,Needs Attention,0,High-Spend Watchlist,-0.32331003780644396,-0.862505573444398,-20.449411,-51.289593
14518,65,1,174.37,3,1,1,5,Needs Attention,0,High-Spend Watchlist,-1.1541758748388895,-0.9638616645130863,-62.36703,-1.136819
14520,2,2,270.6,5,3,2,10,Potential Loyalists,0,High-Spend Watchlist,-0.26585041676820087,-1.2021055602703834,-25.564018,-57.32645
14522,25,4,974.54,4,4,4,12,Champions,0,High-Spend Watchlist,0.7136571379296883,-0.38863191101594025,47.143112,-13.43744
14523,109,1,241.09,2,1,1,4,Needs Attention,0,High-Spend Watchlist,-1.2094647589741772,-0.4822959817391184,-48.49668,8.777557
14524,32,9,1843.83,4,5,4,13,Champions,2,High-Value Active,1.6238236323350712,0.1733139460953168,43.73822,45.076775
14525,20,9,4215.9,4,5,5,14,Champions,2,High-Value Active,2.0854107191836224,0.31712776557172356,26.899445,39.07469
14527,3,55,8507.13,5,5,5,15,Champions,2,High-Value Active,4.083420782509168,1.1479217621364817,10.374873,64.95955
14528,38,1,364.21999999999997,3,1,2,6,Needs Attention,0,High-Spend Watchlist,-0.66553805705627,-0.9791635278726435,-52.6688,-17.944363
14529,61,3,578.61,3,3,3,9,Needs Attention,0,High-Spend Watchlist,0.08171380417073239,-0.3301058211012377,20.591934,-48.280357
14530,26,6,2862.11,4,5,5,14,Champions,2,High-Value Active,1.5416861973162985,0.09404209993000898,46.985638,21.475931
14532,237,4,932.85,1,4,3,8,At Risk,1,Dormant Customers,-0.3324090751466465,1.4511837108873993,11.325533,-1.7364239
14533,25,7,1949.72,4,5,4,13,Champions,2,High-Value Active,1.4811379431413734,0.0294160832654477,44.431156,31.098555
14534,3,18,4397.3,5,5,5,15,Champions,2,High-Value Active,2.7742648377137744,0.4674299043630569,18.775698,56.41196
14535,61,3,2854.84,3,3,5,11,Needs Attention,2,High-Value Active,0.8602424297515836,0.14964356956721134,23.61986,-16.09154
14536,260,1,170.95,1,1,1,3,Lost Customers,1,Dormant Customers,-2.106362142683856,0.7345821523139817,-33.241768,32.765694
14537,58,1,355.56,3,1,2,6,Needs Attention,0,High-Spend Watchlist,-0.7739270841490042,-0.8115755847417147,-49.30749,-12.003844
14538,65,2,388.25,3,3,2,8,Needs Attention,0,High-Spend Watchlist,-0.3946828133351167,-0.5431982334223744,-19.596626,-42.131973
14539,16,2,537.48,4,3,3,10,Potential Loyalists,0,High-Spend Watchlist,0.0005961008490480855,-0.8738483162998009,-8.592375,-53.51954
14540,10,3,952.66,5,3,4,12,Potential Loyalists,0,High-Spend Watchlist,0.5713214110047533,-0.6260661393885472,35.039497,-47.2003
14541,59,8,1453.35,3,5,4,12,Loyal Customers,2,High-Value Active,1.2809995695646774,0.2907754412709088,42.556107,21.836996
14542,186,1,103.25,1,1,1,3,Lost Customers,1,Dormant Customers,-1.9929579323139297,-0.06274144952920399,-47.34092,22.528774
14543,29,16,3599.73,4,5,5,14,Champions,2,High-Value Active,2.449345660592513,0.5848908573439324,22.36226,54.240936
14544,25,2,2004.3,4,3,4,11,Potential Loyalists,0,High-Spend Watchlist,0.5989477297014998,-0.3996576076387782,4.955076,-33.17336
14546,6,5,2573.93,5,4,5,14,Champions,2,High-Value Active,1.4458059973281958,-0.1814179796645946,58.23541,10.618033
14547,4,8,3974.75,5,5,5,15,Champions,2,High-Value Active,2.0377909137224925,0.11258461278584891,30.04331,34.54584
14548,151,2,652.8,2,3,3,8,At Risk,0,High-Spend Watchlist,-0.5572223392218215,0.36447495344209985,-4.2597656,-14.062845
14549,312,1,289.24,1,1,2,4,Lost Customers,1,Dormant Customers,-2.102151638420798,1.3465649119764336,-16.685787,30.787298
14550,11,2,757.37,5,3,3,11,Potential Loyalists,0,High-Spend Watchlist,0.19192682147850298,-0.81454041169892,-0.66934913,-49.03422
14551,19,2,186.23,4,3,1,8,Potential Loyalists,0,High-Spend Watchlist,-0.5296217281445793,-1.16542519069154,-29.530127,-53.28226
14552,152,1,164.22,2,1,1,4,Needs Attention,1,Dormant Customers,-1.603813169281927,-0.22138651438694026,-47.005928,15.4247465
14553,20,5,859.27,4,4,3,11,Loyal Customers,2,High-Value Active,0.8429299932045451,-0.38885966364081015,66.016235,-5.3253865
14554,11,4,2279.4900000000002,5,4,5,14,Champions,2,High-Value Active,1.195866973914321,-0.25554782769416395,41.409054,0.43969882
14555,58,2,312.54,3,3,2,8,Needs Attention,0,High-Spend Watchlist,-0.46643716077991454,-0.6694481290476082,-23.003494,-45.619034
14557,86,1,788.38,2,1,3,6,At Risk,0,High-Spend Watchlist,-0.521294063607039,-0.3277645361598386,-34.24692,-11.411498
14560,8,22,2237.77,5,5,5,15,Champions,2,High-Value Active,2.5948997458349616,0.39318148766962596,21.988155,57.701756
14561,76,3,1080.76,2,3,4,9,At Risk,0,High-Spend Watchlist,0.31382566900358855,-0.011287471827707798,22.940655,-32.411816
14562,4,18,5006.77,5,5,5,15,Champions,2,High-Value Active,2.832783186444514,0.5152094206979506,17.674559,56.330956
14565,96,4,3099.12,2,4,5,11,At Risk,2,High-Value Active,0.9348973796265909,0.5797512132184726,31.829401,-3.8092124
14566,111,1,1432.0,2,1,4,7,At Risk,0,High-Spend Watchlist,-0.3510473790362778,0.07012092228518083,-29.851076,-5.086696
14567,57,2,1530.3600000000001,3,3,4,10,Needs Attention,0,High-Spend Watchlist,0.31263834914422367,-0.20108073682469763,1.2173793,-32.04321
14569,2,1,227.39,5,1,1,7,New Customers,0,High-Spend Watchlist,-0.7206973138512462,-1.4350381784558146,-66.325806,-17.973377
14570,281,2,218.06,1,3,1,5,At Risk,1,Dormant Customers,-1.7194040604592007,1.17177899018561,-7.469966,4.511588
14572,4,7,2804.54,5,5,5,15,Champions,2,High-Value Active,1.7600481356139033,-0.044811328521915376,36.87348,31.502687
14573,180,9,1639.82,1,5,4,10,At Risk,2,High-Value Active,0.8512256787408689,1.4316315824202643,21.043987,1.341533
14576,373,1,35.400000000000006,1,1,1,3,Lost Customers,1,Dormant Customers,-3.4105317950204594,1.2551665236331988,-29.754896,51.87853
14577,13,4,859.71,5,4,3,12,Loyal Customers,0,High-Spend Watchlist,0.7105253864197174,-0.5311898089164138,50.84617,-16.677406
14578,4,1,168.63,5,1,1,7,New Customers,0,High-Spend Watchlist,-0.875565809531002,-1.507034128920745,-73.48261,-12.297509
14581,17,1,138.6,4,1,1,6,New Customers,0,High-Spend Watchlist,-1.033519644106493,-1.452022315382285,-75.097,-4.485193
14582,41,1,114.11,3,1,1,5,Needs Attention,0,High-Spend Watchlist,-1.243694501043657,-1.3002814115183285,-72.34927,0.86775714
14583,6,5,986.96,5,4,4,13,Champions,2,High-Value Active,0.9781635842986396,-0.4695912790526126,67.72041,-2.8903317
14584,170,4,1033.06,2,4,4,10,At Risk,0,High-Spend Watchlist,0.04121000521594983,0.8962442326047946,17.869211,-5.154189
14585,51,1,157.05,3,1,1,5,Needs Attention,0,High-Spend Watchlist,-1.1372679435516975,-1.1175085990635405,-65.56488,-1.5546455
14586,277,1,237.36,1,1,1,3,Lost Customers,1,Dormant Customers,-2.0291068919215545,0.9814118728761909,-28.42568,31.456936
14587,19,9,1580.29,4,5,4,13,Champions,2,High-Value Active,1.6114110914266038,0.013317984070549111,43.997223,43.802544
14589,372,1,39.75,1,1,1,3,Lost Customers,1,Dormant Customers,-3.3505891797297283,1.2803857043788345,-29.591442,51.942265
14591,16,4,1320.21,4,4,4,12,Champions,2,High-Value Active,0.9052305681998324,-0.37605045313644336,47.03343,-7.811871
14592,36,3,557.94,3,3,3,9,Needs Attention,0,High-Spend Watchlist,0.18482901613236583,-0.5595386382634243,23.190063,-52.242496
14593,22,3,617.15,4,3,3,10,Potential Loyalists,0,High-Spend Watchlist,0.30165494917111185,-0.6516135266718976,26.815638,-53.58404
14594,8,2,363.33,5,3,2,10,Potential Loyalists,0,High-Spend Watchlist,-0.15146045436365752,-1.0613015032581714,-17.551813,-57.740734
14595,20,6,1740.6,4,5,4,13,Champions,2,High-Value Active,1.3280133722443435,-0.10794261416205438,53.642994,22.97332
14597,12,2,866.24,5,3,3,11,Potential Loyalists,0,High-Spend Watchlist,0.2525793637673997,-0.7654457503257429,1.9273176,-43.26657
14598,45,1,221.97,3,1,1,5,Needs Attention,0,High-Spend Watchlist,-0.9402712966843045,-1.0664282074479714,-61.84307,-8.173763
14600,306,1,393.33000000000004,1,1,2,4,Lost Customers,1,Dormant Customers,-1.9235328391966025,1.3863204005390883,-15.769914,27.905132
14601,11,1,213.96,5,1,1,7,New Customers,0,High-Spend Watchlist,-0.7937855175807108,-1.3746059880655461,-69.10545,-15.257109
14603,275,1,660.0,1,1,3,5,At Risk,1,Dormant Customers,-1.5215123615073916,1.2707666906666186,-16.438469,20.825972
14606,2,93,12076.15,5,5,5,15,Champions,2,High-Value Active,4.732228509428125,1.4755223210502677,6.363183,66.86925
14607,16,14,16209.5,4,5,5,14,Champions,2,High-Value Active,3.132362766279898,0.8680548166520073,8.637964,51.127445
14608,5,4,1785.15,5,4,4,13,Champions,2,High-Value Active,1.1055938474957927,-0.3814904692246919,44.515175,-1.7043338
14609,73,4,601.56,2,4,3,9,At Risk,0,High-Spend Watchlist,0.24643364460731418,-0.11403493345307035,38.560062,-19.66365
14616,243,3,406.08000000000004,1,3,2,6,At Risk,1,Dormant Customers,-0.9705154257316869,1.1543419112021895,-4.3474026,6.9285893
14618,10,3,553.44,5,3,3,11,Potential Loyalists,0,High-Spend Watchlist,0.30655907724959974,-0.7892195085998894,27.245895,-56.0176
14619,246,1,394.44,1,1,2,4,Lost Customers,1,Dormant Customers,-1.6321384568739508,0.8627449642088355,-24.61272,20.13335
14620,206,2,412.78000000000003,1,3,2,6,At Risk,1,Dormant Customers,-1.0464010463436872,0.707575581431816,-3.0179954,-1.3824655
14621,2,5,1788.3600000000001,5,4,4,13,Champions,2,High-Value Active,1.287461647040449,-0.32586985724191403,62.42432,6.759634
14622,185,1,320.58000000000004,1,1,2,4,Lost Customers,1,Dormant Customers,-1.4382146176841943,0.26738666611025563,-33.81969,12.302613
14623,33,5,886.7,4,4,3,11,Loyal Customers,2,High-Value Active,0.7954145570464091,-0.2657928645742389,64.39018,-5.3205748
14624,58,2,225.85,3,3,1,7,Needs Attention,0,High-Spend Watchlist,-0.624429884864281,-0.766807314848865,-26.519798,-46.981266
14625,197,2,899.63,1,3,3,7,At Risk,1,Dormant Customers,-0.6232128348187003,0.8628840329320213,2.561054,-1.1412917
14626,24,4,2791.27,4,4,5,13,Champions,2,High-Value Active,1.231867460519061,-0.08101636600621548,38.39664,2.1020005
14628,92,2,671.96,2,3,3,8,At Risk,0,High-Spend Watchlist,-0.2579331897648433,-0.1425165213810781,-7.8723874,-23.869928
14629,5,2,955.26,5,3,4,12,Potential Loyalists,0,High-Spend Watchlist,0.33411708863537853,-0.7972331228401665,3.365841,-42.301907
14631,51,3,1006.98,3,3,4,10,Needs Attention,0,High-Spend Watchlist,0.40018288102135763,-0.2510470001700935,28.381218,-41.555397
14632,263,1,114.56,1,1,1,3,Lost Customers,1,Dormant Customers,-2.314871711850692,0.6412501934637355,-35.521008,37.79489
14633,267,1,344.90000000000003,1,1,2,4,Lost Customers,1,Dormant Customers,-1.7989884344567306,1.006026766605693,-23.754047,25.292055
14636,37,2,609.85,3,3,3,9,Needs Attention,0,High-Spend Watchlist,-0.03935195530226287,-0.6523662814632177,-8.127808,-45.325394
14638,51,1,443.6,3,1,2,6,Needs Attention,0,High-Spend Watchlist,-0.6323638554658052,-0.8063736958035702,-46.34222,-16.348776
14639,53,6,2984.49,3,5,5,13,Loyal Customers,2,High-Value Active,1.4316091135112032,0.3426228376806237,38.056137,16.242453
14640,25,6,2107.38,4,5,5,14,Champions,2,High-Value Active,1.3971431994882273,-0.00674802080767171,51.66069,21.760849
14641,22,1,110.46,4,1,1,6,New Customers,0,High-Spend Watchlist,-1.1675844086305698,-1.4760414629036125,-75.408615,-0.45135564
14642,59,1,96.12,3,1,1,5,Needs Attention,0,High-Spend Watchlist,-1.4136624319957285,-1.1940779802827017,-68.42454,5.8756633
14643,171,2,693.8100000000001,2,3,3,8,At Risk,1,Dormant Customers,-0.6241971713795467,0.5575833901454667,-2.6088264,-12.242735
14644,68,2,830.76,3,3,3,9,Needs Attention,0,High-Spend Watchlist,-0.03850002528833139,-0.28855221768467115,-6.1659236,-31.884108
14645,157,2,597.09,2,3,3,8,At Risk,0,High-Spend Watchlist,-0.6297017538995269,0.3901252873360202,-4.546822,-13.0963745
14646,2,73,280206.02,5,5,5,15,Champions,2,High-Value Active,6.048705617819088,2.3147099334940826,2.8742602,65.89118
14647,202,1,236.04000000000002,1,1,1,3,Lost Customers,1,Dormant Customers,-1.6692901774798865,0.3242149999165905,-38.97427,17.588022
14649,5,4,1402.59,5,4,4,13,Champions,2,High-Value Active,0.9879288290382894,-0.45399868414853306,48.74017,-6.391888
14651,68,2,653.75,3,3,3,9,Needs Attention,0,High-Spend Watchlist,-0.15531621503379112,-0.36053736249393437,-11.876956,-36.51936
14652,78,1,114.18,2,1,1,4,Needs Attention,0,High-Spend Watchlist,-1.422244711122203,-0.9767055511210008,-65.19245,6.563575
14653,2,7,1926.65,5,5,4,14,Champions,2,High-Value Active,1.5865053043426416,-0.1751908962029201,43.321827,33.330284
14655,9,4,1932.23,5,4,4,13,Champions,2,High-Value Active,1.1248883752602785,-0.322724673618115,43.347286,-1.3056257
14656,170,2,291.05,2,3,2,7,At Risk,1,Dormant Customers,-1.042473358804181,0.28811182777588273,-8.924359,-6.4758816
14657,18,4,848.22,4,4,3,11,Loyal Customers,0,High-Spend Watchlist,0.6797960883247656,-0.491530980542089,50.03573,-17.21595
14658,6,2,247.15,5,3,1,9,Potential Loyalists,0,High-Spend Watchlist,-0.3292661770180219,-1.1943079744033918,-26.542517,-56.59603
14659,9,9,2529.93,5,5,5,15,Champions,2,High-Value Active,1.8893603273196955,0.0674074353849298,36.98895,41.535656
14660,87,2,285.74,2,3,2,7,At Risk,0,High-Spend Watchlist,-0.6502336975146306,-0.4428572115651579,-25.961277,-43.228607
14661,27,1,107.95,4,1,1,6,New Customers,0,High-Spend Watchlist,-1.2028720005536018,-1.4391915725884084,-74.7941,0.14628008
14662,29,4,741.37,4,4,3,11,Loyal Customers,0,High-Spend Watchlist,0.5609798995932395,-0.4358395469418852,47.581676,-20.107618
14664,20,2,636.24,4,3,3,10,Potential Loyalists,0,High-Spend Watchlist,0.06346840895964492,-0.7882287700657089,-4.589581,-48.677006
14665,61,5,1835.7,3,4,4,11,Loyal Customers,2,High-Value Active,1.0150207248218952,0.19766618670170216,47.3545,9.681264
14666,25,1,195.25,4,1,1,6,New Customers,0,High-Spend Watchlist,-0.9059120568797127,-1.2796352121982508,-68.52501,-11.787227
14667,11,25,9175.04,5,5,5,15,Champions,2,High-Value Active,3.3810118887068024,0.8984418708563546,11.2078,60.739193
14669,242,3,1259.24,1,3,4,8,At Risk,1,Dormant Customers,-0.4140179696253243,1.4855509739987693,9.612704,-1.1310782
14670,281,2,392.86,1,3,2,6,At Risk,1,Dormant Customers,-1.4330148664136146,1.348259387723837,-5.222073,4.91731
14672,235,2,765.55,1,3,3,7,At Risk,1,Dormant Customers,-0.8855850793036445,1.1465255994923857,0.7543376,2.2763097
14673,4,5,1736.4,5,4,4,13,Champions,2,High-Value Active,1.2634084985687632,-0.31725402151037685,62.606503,6.3530264
14675,17,1,596.36,4,1,3,8,New Customers,0,High-Spend Watchlist,-0.32383725030820204,-1.014697745924308,-42.61599,-23.42514
14676,32,6,2548.2400000000002,4,5,5,14,Champions,2,High-Value Active,1.4560001581922057,0.11155417169360084,47.25716,20.489695
14680,26,16,28754.11,4,5,5,14,Champions,2,High-Value Active,3.4781226272238492,1.1836927131105395,4.785675,59.086987
14681,72,3,498.95,3,3,3,9,Needs Attention,0,High-Spend Watchlist,-0.043632665276162864,-0.27843851467009567,18.321766,-48.18422
14682,188,2,52.0,1,3,1,5,At Risk,1,Dormant Customers,-1.962619699425521,-0.0679639984312624,-49.94782,26.563519
14684,26,5,1201.51,4,4,4,12,Champions,2,High-Value Active,0.9774281629059882,-0.2356644113903691,63.865784,-1.1350452
14687,107,1,628.38,2,1,3,6,At Risk,0,High-Spend Watchlist,-0.7333801528173555,-0.21235839083766986,-35.37822,-2.9138408
14688,8,21,5579.1,5,5,5,15,Champions,2,High-Value Active,3.0001505262321664,0.6480991402117776,15.798692,58.5789
14689,209,1,112.8,1,1,1,3,Lost Customers,1,Dormant Customers,-2.061344015566734,0.16465434589140857,-43.81782,28.676643
14690,45,2,355.05,3,3,2,8,Needs Attention,0,High-Spend Watchlist,-0.3415300931328087,-0.7448242115114737,-19.656244,-49.105934
14691,31,5,2114.33,4,4,5,13,Champions,2,High-Value Active,1.2289821390831948,-0.02205535899322989,53.444897,8.722866
14692,138,4,591.55,2,4,3,9,At Risk,0,High-Spend Watchlist,-0.07593495055897583,0.44904840847540495,32.72103,-18.717735
14693,265,1,172.9,1,1,1,3,Lost Customers,1,Dormant Customers,-2.1250256320739105,0.7816762427761685,-32.759396,33.126278
14696,5,7,2078.95,5,5,5,15,Champions,2,High-Value Active,1.6091262852261956,-0.12609425717237818,42.590782,32.80652
14697,219,2,188.60999999999999,1,3,1,5,At Risk,1,Dormant Customers,-1.4901957761266589,0.586444873297935,-10.067211,-1.4211187
14698,2,5,1217.27,5,4,4,13,Champions,2,High-Value Active,1.0997934702824543,-0.4415158212940818,67.23132,0.10375855
14699,215,1,109.13000000000001,1,1,1,3,Lost Customers,1,Dormant Customers,-2.106349190134465,0.2072350141606449,-43.773895,29.332167
14700,33,3,2195.1,4,3,5,12,Potential Loyalists,2,High-Value Active,0.867350213419685,-0.17410850564224467,32.62004,-32.647488
14701,11,9,2526.09,5,5,5,15,Champions,2,High-Value Active,1.8789516833216922,0.08443136619754138,36.972145,41.561142
14702,2,17,3251.79,5,5,5,15,Champions,2,High-Value Active,2.582440536858598,0.34381853569171017,21.056398,56.01526
14703,15,1,318.17,4,1,2,7,New Customers,0,High-Spend Watchlist,-0.62015751620491,-1.2207359310459327,-58.995274,-21.806274
14704,12,9,1493.96,5,5,4,14,Champions,2,High-Value Active,1.6178399876673815,-0.06475338312786795,44.341255,43.164856
14705,199,1,179.0,1,1,1,3,Lost Customers,1,Dormant Customers,-1.7891706628368684,0.21518454923842958,-41.707726,21.389975
14708,3,3,1126.37,5,3,4,12,Potential Loyalists,0,High-Spend Watchlist,0.6868467605891303,-0.6369094621760971,36.545612,-45.489124
14709,16,13,4921.04,4,5,5,14,Champions,2,High-Value Active,2.4874844516608468,0.4787221199624745,20.128048,48.23391
14710,15,4,599.48,4,4,3,11,Loyal Customers,0,High-Spend Watchlist,0.5251003080044975,-0.6220155126705206,51.969593,-23.44896
14711,11,11,2839.62,5,5,5,15,Champions,2,High-Value Active,2.1025360769948205,0.20091582591414409,31.003159,48.612404
14712,30,3,917.07,4,3,3,10,Potential Loyalists,0,High-Spend Watchlist,0.45608023316521484,-0.4627006680300533,30.474628,-45.525
14713,10,11,2662.2,5,5,5,15,Champions,2,High-Value Active,2.075885300397668,0.1727739283010604,31.626587,48.906254
14714,25,1,160.19,4,1,1,6,New Customers,0,High-Spend Watchlist,-1.0019880833513766,-1.338839734219824,-71.73547,-8.319452
14715,25,4,867.38,4,4,3,11,Loyal Customers,0,High-Spend Watchlist,0.6568519589654574,-0.42363672535345975,48.71969,-17.357098
14716,44,2,307.51,3,3,2,8,Needs Attention,0,High-Spend Watchlist,-0.4066604673484583,-0.796678228247818,-22.26955,-49.17755
14719,2,5,1581.84,5,4,4,13,Champions,2,High-Value Active,1.2275928839183836,-0.3627625310423866,63.63831,5.5597086
14720,6,3,663.81,5,3,3,11,Potential Loyalists,0,High-Spend Watchlist,0.41451892361269527,-0.769567881337714,30.452145,-54.45213
14722,148,1,180.42000000000002,2,1,1,4,Needs Attention,1,Dormant Customers,-1.5388157765749206,-0.2282094575976905,-46.992245,14.243674
14723,11,6,1122.3600000000001,5,5,4,14,Champions,2,High-Value Active,1.157460653040629,-0.31851261641747225,58.08433,31.399393
14725,25,1,655.58,4,1,3,8,New Customers,0,High-Spend Watchlist,-0.3163620975577818,-0.9163393429650747,-41.322075,-22.549812
14727,275,1,268.58,1,1,2,4,Lost Customers,1,Dormant Customers,-1.9593531217925446,1.0009579372635002,-24.9654,28.429876
14729,374,1,313.49,1,1,2,4,Lost Customers,1,Dormant Customers,-2.362667823416603,1.9126062941170685,-11.921678,52.963043
14730,2,8,1897.57,5,5,4,14,Champions,2,High-Value Active,1.6866403363882903,-0.12724142243913383,43.038136,39.843777
14731,48,3,380.02,3,3,2,8,Needs Attention,0,High-Spend Watchlist,-0.06024023648561183,-0.56992859170861,18.12785,-52.96876
14732,9,8,2702.4900000000002,5,5,5,15,Champions,2,High-Value Active,1.825347086648653,0.04026626821013148,35.94662,36.77528
14733,17,12,9585.91,4,5,5,14,Champions,2,High-Value Active,2.7404336767633053,0.6549702914681567,10.417562,49.27778
14735,4,32,6065.69,5,5,5,15,Champions,2,High-Value Active,3.430557733421246,0.8190953813689573,13.082325,63.11862
14737,4,3,1164.55,5,3,4,12,Potential Loyalists,0,High-Spend Watchlist,0.6982720953478252,-0.6181498739664834,36.6612,-45.07987
14738,43,7,1314.45,3,5,4,12,Loyal Customers,2,High-Value Active,1.2017797802420138,0.0682104361481274,50.491856,32.362637
14739,5,7,3902.28,5,5,5,15,Champions,2,High-Value Active,1.91642095308575,0.0632686317660894,31.338049,30.374233
14740,198,3,1448.21,1,3,4,8,At Risk,1,Dormant Customers,-0.1331286774111729,1.1430060731898035,9.612053,0.44869477
14741,12,6,1400.34,5,5,4,14,Champions,2,High-Value Active,1.2605652797273845,-0.24325788725323197,56.25003,29.128668
14744,17,7,1099.98,4,5,4,13,Champions,2,High-Value Active,1.2405711472121501,-0.21257939366971873,54.400795,35.559265
14745,113,5,1220.26,2,4,4,10,At Risk,2,High-Value Active,0.5644491741034351,0.5294005308334523,30.260223,-10.861811
14747,250,1,328.2,1,1,2,4,Lost Customers,1,Dormant Customers,-1.7409725850064954,0.8425545820025463,-26.795542,22.53311
14748,30,5,1415.75,4,4,4,12,Champions,2,High-Value Active,1.038132222391536,-0.15138099580389341,61.844593,0.5789498
14752,44,1,389.64,3,1,2,6,Needs Attention,0,High-Spend Watchlist,-0.6616925192626815,-0.9064797924598231,-49.051205,-16.631994
14753,88,1,563.15,2,1,3,6,At Risk,0,High-Spend Watchlist,-0.6949537539564151,-0.4113401047614257,-37.92274,-9.126224
14754,45,2,638.05,3,3,3,9,Needs Attention,0,High-Spend Watchlist,-0.055989509152232615,-0.5688667493518912,-8.1932125,-41.71597
14755,10,11,5010.28,5,5,5,15,Champions,2,High-Value Active,2.384492967170758,0.362945920987315,22.761532,42.961983
14756,16,1,738.96,4,1,3,8,New Customers,0,High-Spend Watchlist,-0.21449639491456976,-0.9590380973387398,-40.5816,-23.475714
14757,76,1,420.5,2,1,2,5,Needs Attention,0,High-Spend Watchlist,-0.779253228593369,-0.6039156441880059,-43.741913,-7.890042
14758,145,4,1484.06,2,4,4,10,At Risk,2,High-Value Active,0.33875441173679205,0.786623692798941,20.598154,-5.7319155
14759,5,3,1625.97,5,3,4,12,Potential Loyalists,0,High-Spend Watchlist,0.8562583972441988,-0.5090756430195899,36.971676,-35.489418
14760,298,1,89.2,1,1,1,3,Lost Customers,1,Dormant Customers,-2.6050023439171244,0.8726293186685489,-34.167896,42.517277
14761,59,2,255.9,3,3,2,8,Needs Attention,0,High-Spend Watchlist,-0.5685353458874858,-0.7206446576625295,-25.286583,-46.493248
14762,264,1,300.52,1,1,2,4,Lost Customers,1,Dormant Customers,-1.8515206086660085,0.9384980798627425,-25.329647,26.226498
14764,47,1,278.3,3,1,2,6,Needs Attention,0,High-Spend Watchlist,-0.8399771151716114,-0.9811863443218142,-55.191475,-11.432111
14765,30,3,254.11,4,3,2,9,Potential Loyalists,0,High-Spend Watchlist,-0.1690693925181455,-0.8479339685711064,17.67424,-57.922012
14766,9,6,2473.37,5,5,5,15,Champions,2,High-Value Active,1.552623009352818,-0.09844140008319857,48.864574,23.85384
14768,18,2,192.60000000000002,4,3,1,8,Potential Loyalists,0,High-Spend Watchlist,-0.5084553837063805,-1.1641009467570171,-29.29849,-53.58001
14769,3,8,10416.98,5,5,5,15,Champions,2,High-Value Active,2.512895538677124,0.393637316693647,20.727715,31.809475
14770,233,2,876.42,1,3,3,7,At Risk,1,Dormant Customers,-0.8099718141163439,1.1696824356502802,1.4767361,2.2729955
14772,113,1,139.26,2,1,1,4,Needs Attention,0,High-Spend Watchlist,-1.4952525074833631,-0.6115297423939928,-52.362755,12.221273
14775,59,3,1011.9,3,3,4,10,Needs Attention,0,High-Spend Watchlist,0.36389028354308844,-0.17965941217283632,23.52203,-34.665707
14776,52,11,2538.3,3,5,5,13,Loyal Customers,2,High-Value Active,1.8496130523992118,0.5255372531318829,35.31575,48.729893
14778,128,2,730.86,2,3,3,8,At Risk,0,High-Spend Watchlist,-0.3909867580161032,0.19737653884688774,-5.243685,-18.180323
14779,281,3,386.15,1,3,2,6,At Risk,1,Dormant Customers,-1.178701405650025,1.4713744495961634,-3.6764321,7.693901
14780,55,2,447.68,3,3,2,8,Needs Attention,0,High-Spend Watchlist,-0.2769815780290582,-0.5878577273765225,-17.613674,-42.512554
14782,320,1,200.10000000000002,1,1,1,3,Lost Customers,1,Dormant Customers,-2.3199364078650513,1.3061123491419706,-22.967733,41.32958
14784,27,2,289.99,4,3,2,9,Potential Loyalists,0,High-Spend Watchlist,-0.3530289919053031,-0.9628521770369506,-23.033834,-52.95134
14785,11,2,77.4,5,3,1,9,Potential Loyalists,0,High-Spend Watchlist,-0.9159173044541294,-1.4972224954505151,-33.690887,-50.96463
14788,8,2,679.4399999999999,5,3,3,11,Potential Loyalists,0,High-Spend Watchlist,0.1534940019252251,-0.8733807129634464,-1.7943879,-50.81142
14789,29,1,197.64,4,1,1,6,New Customers,0,High-Spend Watchlist,-0.9193375841842332,-1.2410323572546231,-67.85872,-10.958563
14790,17,4,745.06,4,4,3,11,Loyal Customers,0,High-Spend Watchlist,0.6214048357917051,-0.5392321769265153,50.475807,-19.848856
14792,64,1,6.2,3,1,1,5,Needs Attention,0,High-Spend Watchlist,-2.7080032473950095,-1.9330891141285773,-72.418564,12.268017
14793,22,1,228.99,4,1,1,6,New Customers,0,High-Spend Watchlist,-0.8139633284354921,-1.2581310455126864,-66.86979,-14.690888
14794,3,7,1319.91,5,5,4,14,Champions,2,High-Value Active,1.3971499447724312,-0.2801575430953411,51.86581,36.070126
14795,167,1,131.45000000000002,2,1,1,4,Needs Attention,1,Dormant Customers,-1.7842414003441016,-0.15678599748184993,-47.094692,19.702002
14796,2,17,7975.49,5,5,5,15,Champions,2,High-Value Active,3.0203285175279566,0.6136563875117722,12.459665,54.98982
14798,53,3,173.74,3,3,1,7,Needs Attention,0,High-Spend Watchlist,-0.4649687578052963,-0.7607377173143602,-32.07181,-46.844498
14799,52,1,157.7,3,1,1,5,Needs Attention,0,High-Spend Watchlist,-1.1400980736958872,-1.1075335954872172,-65.37608,-1.4261037
14800,48,12,4331.79,3,5,5,13,Loyal Customers,2,High-Value Active,2.2028847900786603,0.6870079050823636,19.033617,43.40305
14801,62,1,189.34,3,1,1,5,Needs Attention,0,High-Spend Watchlist,-1.099686244482465,-0.9654407588562373,-61.229614,-2.727154
14803,163,3,845.55,2,3,3,8,At Risk,0,High-Spend Watchlist,-0.2263955024667731,0.6753675602188737,12.898691,-7.363331
14804,9,1,353.27,5,1,2,8,New Customers,0,High-Spend Watchlist,-0.5402210902878751,-1.2417910625532909,-57.70836,-23.495987
14805,16,4,546.4,4,4,3,11,Loyal Customers,0,High-Spend Watchlist,0.47508601323178934,-0.6411166066016494,52.519146,-24.466778
14806,76,1,193.39000000000001,2,1,1,4,Needs Attention,0,High-Spend Watchlist,-1.1570797448253352,-0.8367420746939248,-59.41444,-0.9574599
14808,40,8,2718.6,3,5,5,13,Loyal Customers,2,High-Value Active,1.6784027119145897,0.31300444239888003,38.90929,25.181011
14810,41,11,2085.33,3,5,5,13,Loyal Customers,2,High-Value Active,1.8068657516455664,0.3702862361227192,35.50205,48.407265
14813,370,2,152.88,1,3,1,5,At Risk,1,Dormant Customers,-2.322014442783824,1.8434261889497,-1.9989797,17.625528
14815,37,2,778.5,3,3,3,9,Needs Attention,0,High-Spend Watchlist,0.07966630715140122,-0.5790241627351337,-4.471865,-41.856083
14816,198,1,271.85,1,1,2,4,Lost Customers,1,Dormant Customers,-1.5812720845658015,0.3315780050887492,-37.825565,16.598452
14817,201,2,1110.34,1,3,4,8,At Risk,1,Dormant Customers,-0.5399194513323486,0.9610875717726833,3.5564237,-0.0930209
14818,74,3,657.8,2,3,3,8,At Risk,0,High-Spend Watchlist,0.08139388396900182,-0.1779559295466083,19.889334,-45.736996
14819,65,2,272.07,3,3,2,8,Needs Attention,0,High-Spend Watchlist,-0.567738592851353,-0.649839661940979,-25.025154,-45.512436
14820,22,4,507.29,4,4,3,11,Loyal Customers,0,High-Spend Watchlist,0.4098963583296898,-0.6109741349807996,52.634075,-25.2297
14821,367,1,48.800000000000004,1,1,1,3,Lost Customers,1,Dormant Customers,-3.2285122280298153,1.29701765288285,-29.194231,52.055393
14823,181,3,321.43,1,3,2,6,At Risk,1,Dormant Customers,-0.7846315834303287,0.5423101572815753,7.423451,-9.15667
14824,11,4,1127.71,5,4,4,13,Champions,2,High-Value Active,0.8525245190297049,-0.46712429143512096,49.31695,-10.649314
14825,4,12,2221.01,5,5,5,15,Champions,2,High-Value Active,2.0895630835858627,0.10154003367182524,32.358932,51.38426
14828,197,3,2139.76,1,3,5,9,At Risk,1,Dormant Customers,0.062163687812207304,1.2516312558777176,9.204207,1.1773673
14829,30,4,697.55,4,4,3,11,Loyal Customers,0,High-Spend Watchlist,0.5264449901820959,-0.4454018449301004,47.47374,-20.868847
14830,54,1,188.88,3,1,1,5,Needs Attention,0,High-Spend Watchlist,-1.0621978454673744,-1.0360914631477445,-61.976738,-3.7854033
14834,18,6,1720.3,4,5,4,13,Champions,2,High-Value Active,1.3319571842748494,-0.12895034093960792,53.744442,23.31967
14836,11,3,102.44999999999999,5,3,1,9,Potential Loyalists,0,High-Spend Watchlist,-0.5178610954379067,-1.2855294499032037,-33.436516,-49.83335
14837,90,4,1649.5,2,4,4,10,At Risk,2,High-Value Active,0.6561708494527733,0.33767873053593694,33.41563,-7.6237144
14840,268,1,62.85,1,1,1,3,Lost Customers,1,Dormant Customers,-2.628653068696995,0.5064850530185497,-37.725933,42.26873
14841,54,6,3295.76,3,5,5,13,Loyal Customers,2,High-Value Active,1.4751910290556824,0.3811981391871646,37.529377,16.283907
14842,44,4,2824.69,3,4,5,12,Loyal Customers,2,High-Value Active,1.1410016002174506,0.09736980382363666,36.59169,1.7646215
14844,64,4,3189.81,3,4,5,12,Loyal Customers,2,High-Value Active,1.1036519535967293,0.30873404287365896,34.270187,1.4524094
14847,149,1,309.4,2,1,2,5,Needs Attention,1,Dormant Customers,-1.2814752739209232,-0.05791060920239119,-37.555283,7.349103
14849,22,25,7930.54,4,5,5,14,Champions,2,High-Value Active,3.2566900289983325,0.9507405681979028,12.339485,60.886387
14850,312,1,325.75,1,1,2,4,Lost Customers,1,Dormant Customers,-2.0443088732575534,1.3822091136535921,-16.168709,30.014212
14851,24,2,511.35,4,3,3,10,Potential Loyalists,0,High-Spend Watchlist,-0.06235661868550632,-0.8188893821649583,-10.006651,-52.23267
14852,59,6,2836.69,3,5,5,13,Loyal Customers,2,High-Value Active,1.3778204018387126,0.3797908641593565,38.355556,16.171951
14853,25,2,475.8,4,3,2,9,Potential Loyalists,0,High-Spend Watchlist,-0.10229558172553334,-0.8317817971847241,-11.105021,-52.45719
14854,79,7,2740.03,2,5,5,12,At Risk,2,High-Value Active,1.3861643434735127,0.6037170488516521,38.939068,18.77597
14855,120,2,645.65,2,3,3,8,At Risk,0,High-Spend Watchlist,-0.41274571325067305,0.09021608890693292,-6.487563,-19.062977
14856,37,3,1290.53,3,3,4,10,Needs Attention,0,High-Spend Watchlist,0.5888637518479619,-0.29884302523616274,31.73573,-38.183163
14857,60,2,1173.12,3,3,4,10,Needs Attention,0,High-Spend Watchlist,0.16845911857144713,-0.2547706841574243,-1.5631368,-31.942327
14859,13,4,1353.74,5,4,4,13,Champions,2,High-Value Active,0.9319661674495273,-0.39473229627333634,47.54933,-7.3736753
14860,20,1,170.32,4,1,1,6,New Customers,0,High-Spend Watchlist,-0.9480654723018516,-1.3642062457904636,-71.53386,-10.1197815
14861,53,1,125.79,3,1,1,5,Needs Attention,0,High-Spend Watchlist,-1.254519522538929,-1.1663240366107859,-67.91735,2.3118725
14862,26,2,841.1999999999999,4,3,3,10,Potential Loyalists,0,High-Spend Watchlist,0.17060479265820813,-0.6518945550734526,-1.9099786,-42.64389
14863,30,1,266.76,4,1,2,7,New Customers,0,High-Spend Watchlist,-0.7784030231728458,-1.1424658482213652,-60.87292,-17.920265
14865,8,2,52.2,5,3,1,9,Potential Loyalists,0,High-Spend Watchlist,-1.0907145627539898,-1.6400940760385325,-34.211723,-50.88687
14866,11,12,14389.9,5,5,5,15,Champions,2,High-Value Active,2.9677322956242724,0.7247235386760601,8.9342785,50.15504
14867,186,3,710.28,1,3,3,7,At Risk,1,Dormant Customers,-0.4225638552942336,0.8240206299999054,11.721395,-6.2881274
14868,4,8,2953.59,5,5,5,15,Champions,2,High-Value Active,1.8928737385684447,0.02328291700597128,34.836803,36.7108
14869,9,2,721.45,5,3,3,11,Potential Loyalists,0,High-Spend Watchlist,0.17790630688640374,-0.8466182192259563,-1.0495479,-49.84875
14870,262,1,327.25,1,1,2,4,Lost Customers,1,Dormant Customers,-1.800387824330571,0.946569413206672,-24.757915,25.140385
14871,4,4,501.28000000000003,5,4,3,12,Loyal Customers,0,High-Spend Watchlist,0.4910964150094309,-0.7718786166258583,53.633663,-24.938211
14873,211,1,519.68,1,1,3,5,At Risk,1,Dormant Customers,-1.3286434160683793,0.6396013318793964,-26.474312,13.517667
14875,108,2,1465.3200000000002,2,3,4,9,At Risk,0,High-Spend Watchlist,0.04493244993210413,0.23162112894324446,-0.72062343,-25.808329
14878,13,9,1476.09,5,5,4,14,Champions,2,High-Value Active,1.6071357009534526,-0.05963063763459425,44.453606,43.209602
14880,78,3,690.59,2,3,3,8,At Risk,0,High-Spend Watchlist,0.08577145954256929,-0.1283823440773071,19.841522,-45.234764
14881,20,1,255.4,4,1,2,7,New Customers,0,High-Spend Watchlist,-0.7512296278403747,-1.2429109287792894,-62.96721,-18.451199
14882,27,2,589.7,4,3,3,10,Potential Loyalists,0,High-Spend Watchlist,-0.007389941862793847,-0.7498604922091783,-7.267012,-47.650105
14883,19,6,761.59,4,5,3,12,Loyal Customers,2,High-Value Active,0.9296911578159481,-0.3651180244418959,61.159092,32.266365
14885,132,1,765.3199999999999,2,1,3,6,At Risk,0,High-Spend Watchlist,-0.7581178506820581,0.06537266918239022,-33.230427,-1.3250831
14886,253,1,364.8,1,1,2,4,Lost Customers,1,Dormant Customers,-1.7040094128969816,0.9004892486603592,-24.743801,21.651697
14887,80,1,1862.0,2,1,4,7,At Risk,0,High-Spend Watchlist,-0.07309609910894947,-0.12188742274290433,-27.903427,-13.854858
14888,208,1,369.2,1,1,2,4,Lost Customers,1,Dormant Customers,-1.4806558335356272,0.5107703570530079,-30.262512,15.369513
14889,337,1,135.9,1,1,1,3,Lost Customers,1,Dormant Customers,-2.589838727585063,1.3390146334707735,-26.799648,44.661934
14890,254,1,125.65,1,1,1,3,Lost Customers,1,Dormant Customers,-2.226633034490101,0.5901541151367178,-39.328648,32.57904
14891,149,2,554.38,2,3,3,8,At Risk,0,High-Spend Watchlist,-0.6272005536213491,0.29791457006142363,-5.5305953,-13.671177
14893,10,2,1237.8500000000001,5,3,4,12,Potential Loyalists,0,High-Spend Watchlist,0.436342080607391,-0.6756444365896545,4.008495,-38.835876
14894,86,1,655.75,2,1,3,6,At Risk,0,High-Spend Watchlist,-0.6110915602899428,-0.3831000664173593,-36.039642,-10.400779
14895,8,20,11138.710000000001,5,5,5,15,Champions,2,High-Value Active,3.2951516237104124,0.8353196574253698,9.490254,58.272373
14896,205,2,468.77000000000004,1,3,2,6,At Risk,1,Dormant Customers,-0.9796133460377184,0.7370128798641123,-2.2511952,-1.4024392
14897,8,4,1366.38,5,4,4,13,Champions,2,High-Value Active,0.9606683563694763,-0.43564028153100715,48.488266,-6.9671297
14898,24,6,1269.31,4,5,4,13,Champions,2,High-Value Active,1.1546374744630714,-0.1679052971473143,58.234913,28.599424
14901,12,9,1421.29,5,5,4,14,Champions,2,High-Value Active,1.593513521502492,-0.07974397812495626,44.759487,43.11118
14902,26,1,332.66,4,1,2,7,New Customers,0,High-Spend Watchlist,-0.6516538327342949,-1.1112357432063207,-55.84418,-19.848139
14903,22,5,2795.33,4,4,5,13,Champions,2,High-Value Active,1.4087343127822836,-0.016758463878099105,55.80742,11.427307
14904,3,2,1025.44,5,3,4,12,Potential Loyalists,0,High-Spend Watchlist,0.37835816381356335,-0.7934086381800464,3.9020329,-41.593323
14905,158,2,616.15,2,3,3,8,At Risk,0,High-Spend Watchlist,-0.6192209107378368,0.408302855497474,-4.2074347,-13.131395
14907,4,7,3501.1,5,5,5,15,Champions,2,High-Value Active,1.868309651436125,0.02190220588383999,32.739204,30.52015
14908,75,1,277.8,2,1,2,5,Needs Attention,0,High-Spend Watchlist,-0.9761954946235591,-0.7369955435740743,-52.684074,-4.3184214
14910,3,4,434.35,5,4,2,11,Loyal Customers,0,High-Spend Watchlist,0.4261171243010257,-0.8236395318137699,53.92432,-25.860334
14911,2,201,143711.17,5,5,5,15,Champions,2,High-Value Active,6.639746986637431,2.5616403483127748,3.9573965,67.30119
14912,17,2,867.85,4,3,3,10,Potential Loyalists,0,High-Spend Watchlist,0.2293162956049385,-0.7211860387686956,1.1883767,-43.075462
14913,36,4,1227.43,3,4,4,11,Loyal Customers,2,High-Value Active,0.7730118115183112,-0.22314700313058736,44.223778,-10.850441
14915,92,2,307.48,2,3,2,7,At Risk,0,High-Spend Watchlist,-0.6387256541113604,-0.37717064550538953,-25.897997,-42.65907
14916,71,4,1268.98,3,4,4,11,Loyal Customers,2,High-Value Active,0.6200710695347503,0.09277206577125342,36.280766,-10.20001
14918,116,2,1610.15,2,3,4,9,At Risk,0,High-Spend Watchlist,0.052245406289843345,0.32987958230781855,-0.33896044,-25.261854
14920,213,2,977.77,1,3,4,8,At Risk,1,Dormant Customers,-0.6599346577583098,1.0277591424512673,2.9196966,0.3244479
14921,31,2,1316.07,4,3,4,11,Potential Loyalists,0,High-Spend Watchlist,0.36472350074622517,-0.4736785941610481,2.707951,-36.312256
14923,51,1,749.1,3,1,3,7,Needs Attention,0,High-Spend Watchlist,-0.37703168782912005,-0.6490314378353914,-38.897934,-18.699802
14924,246,1,310.05,1,1,2,4,Lost Customers,1,Dormant Customers,-1.7493231930927213,0.7905327115705287,-27.583021,22.416182
14929,33,1,223.88,4,1,1,6,New Customers,0,High-Spend Watchlist,-0.8781028649141595,-1.1687464505563039,-63.738808,-10.263338
14930,109,3,2362.96,2,3,5,10,At Risk,2,High-Value Active,0.5359455978474655,0.5123156370787977,22.840927,-12.937361
14931,5,5,1257.68,5,4,4,13,Champions,2,High-Value Active,1.1012224375798065,-0.40547824685147643,66.68834,0.6440444
14932,366,1,363.53,1,1,2,4,Lost Customers,1,Dormant Customers,-2.251915603686072,1.8871026431147726,-10.868204,51.386562
14934,82,2,1890.94,2,3,4,9,At Risk,0,High-Spend Watchlist,0.29501920466674114,0.08103695913622032,0.34621412,-28.646288
14935,298,1,1784.71,1,1,4,6,At Risk,1,Dormant Customers,-1.1475282643951619,1.7707623848021652,-12.713713,18.227262
14936,34,8,8137.02,3,5,5,13,Loyal Customers,2,High-Value Active,2.2424776611081114,0.5902879382833238,23.184605,31.077005
14937,57,3,1621.88,3,3,4,10,Needs Attention,0,High-Spend Watchlist,0.6036771121851097,-0.05533459780154413,29.551,-33.482227
14944,30,12,5900.25,4,5,5,14,Champions,2,High-Value Active,2.4407150661562467,0.6226229987584023,20.17633,42.4598
14946,15,1,100.9,4,1,1,6,New Customers,0,High-Spend Watchlist,-1.1775252343226426,-1.5642002743714518,-76.55297,0.54492944
14947,73,2,290.82,2,3,2,7,At Risk,0,High-Spend Watchlist,-0.5739888387389376,-0.5599392031303653,-25.00688,-44.24051
14948,24,6,1101.97,4,5,4,13,Champions,2,High-Value Active,1.0856802583262677,-0.21039850977535596,59.505066,29.736074
14950,20,1,371.2,4,1,2,7,New Customers,0,High-Spend Watchlist,-0.5692895172439435,-1.130794746626494,-53.98613,-21.604345
14951,80,1,311.69,2,1,2,5,Needs Attention,0,High-Spend Watchlist,-0.94436146501645,-0.6587835813045627,-49.06935,-4.043666
14952,60,11,8099.49,3,5,5,13,Loyal Customers,2,High-Value Active,2.3772468312548116,0.9444307985705777,18.630129,40.312683
14953,26,1,285.67,4,1,2,7,New Customers,0,High-Spend Watchlist,-0.7257546607257562,-1.1568985819367628,-60.222683,-18.878035
14954,13,1,294.85,5,1,2,8,New Customers,0,High-Spend Watchlist,-0.6475287682487924,-1.2610408068489602,-60.512424,-21.359962
14957,254,1,58.49,1,1,1,3,Lost Customers,1,Dormant Customers,-2.595509217668697,0.3628431103807899,-38.423397,42.264183
14958,148,3,483.72999999999996,2,3,2,7,At Risk,0,High-Spend Watchlist,-0.4260865654936236,0.37652774404014044,13.931796,-20.89631
14959,65,4,695.42,3,4,3,10,Loyal Customers,0,High-Spend Watchlist,0.3557745960682387,-0.14040824431136506,39.627953,-18.647057
14960,9,2,221.27,5,3,1,9,Potential Loyalists,0,High-Spend Watchlist,-0.3975354070324843,-1.2012202242733925,-27.889252,-55.6826
14961,11,9,7044.68,5,5,5,15,Champions,2,High-Value Active,2.379502526190684,0.3928836876337796,21.508873,37.594795
14962,271,1,126.7,1,1,1,3,Lost Customers,1,Dormant Customers,-2.3047753933541397,0.7412238262658143,-34.335644,37.398384
14963,10,5,1472.34,5,4,4,13,Champions,2,High-Value Active,1.153926428509343,-0.3144056768936623,63.862343,3.6564922
14964,248,1,206.21,1,1,1,3,Lost Customers,1,Dormant Customers,-1.9572984566921288,0.685811002909084,-33.348965,28.302351
14965,97,2,596.09,2,3,3,8,At Risk,0,High-Spend Watchlist,-0.34049652268990893,-0.13479916029330416,-8.373749,-22.221863
14966,15,1,183.02,4,1,1,6,New Customers,0,High-Spend Watchlist,-0.8889867632452748,-1.3863954369700076,-70.82404,-12.174691
14967,50,1,463.8,3,1,2,6,Needs Attention,0,High-Spend Watchlist,-0.6058393556608965,-0.8017476185287921,-45.62101,-17.010397
14968,31,1,147.59,4,1,1,6,New Customers,0,High-Spend Watchlist,-1.07072449949462,-1.3108828682252485,-71.593735,-5.639191
14970,69,4,1592.06,3,4,4,11,Loyal Customers,2,High-Value Active,0.7403865858193377,0.14347558039512032,36.065422,-8.159495
14971,36,3,1097.98,3,3,4,10,Needs Attention,0,High-Spend Watchlist,0.5148836136729636,-0.35615049445653,30.759335,-41.981747
14972,129,1,114.77,2,1,1,4,Needs Attention,0,High-Spend Watchlist,-1.666269266200902,-0.5294106311673608,-51.61036,18.184208
14973,108,3,1314.45,2,3,4,9,At Risk,0,High-Spend Watchlist,0.2546295497505697,0.3272424400735259,22.10775,-27.656166
14974,38,1,89.94,3,1,1,5,Needs Attention,0,High-Spend Watchlist,-1.3442510663473084,-1.3974039649576506,-74.16549,2.5244792
14975,58,1,279.94,3,1,2,6,Needs Attention,0,High-Spend Watchlist,-0.8902897331545807,-0.8832812460657817,-53.712303,-8.528285
14976,58,7,790.86,3,5,3,11,Loyal Customers,2,High-Value Active,0.8815000622980513,0.04663086485728717,63.93788,24.994251
14978,73,5,1921.3700000000001,2,4,4,10,At Risk,2,High-Value Active,0.9792714820027434,0.31626461448755644,45.31628,9.915206
14981,247,1,102.12,1,1,1,3,Lost Customers,1,Dormant Customers,-2.2931341786159574,0.46714137869678574,-41.439262,32.612717
14984,20,2,202.37,4,3,1,8,Potential Loyalists,0,High-Spend Watchlist,-0.49408844598312807,-1.131809664374178,-28.768347,-53.70069
14985,199,2,292.01,1,3,2,6,At Risk,1,Dormant Customers,-1.1810486669072566,0.542569231047628,-8.018039,-3.6218812
14987,16,2,326.4,4,3,2,9,Potential Loyalists,0,High-Spend Watchlist,-0.24230519644713103,-1.023530351797821,-20.281599,-56.24902
14988,212,1,334.54,1,1,2,4,Lost Customers,1,Dormant Customers,-1.5479795671316305,0.5161597490913133,-30.567467,16.235666
14995,39,2,231.98000000000002,3,3,1,7,Needs Attention,0,High-Spend Watchlist,-0.5195729699693797,-0.9248528338249971,-26.369293,-49.921776
14997,47,3,546.1999999999999,3,3,3,9,Needs Attention,0,High-Spend Watchlist,0.12129537446127135,-0.4697806753213426,21.805885,-50.812817
14998,171,2,414.87,2,3,2,7,At Risk,1,Dormant Customers,-0.8747618894259762,0.403178957404024,-6.9605203,-9.626969
15000,48,1,490.52,3,1,3,7,Needs Attention,0,High-Spend Watchlist,-0.5688850681837985,-0.8024134401267348,-44.773884,-17.764332
15002,116,4,1641.76,2,4,4,10,At Risk,2,High-Value Active,0.5281999013713664,0.5635138055863793,28.865452,-7.416962
15004,148,1,1220.77,2,1,4,7,At Risk,0,High-Spend Watchlist,-0.6077437815585419,0.3455410861852066,-30.392693,-3.3166769
15005,16,28,6295.37,4,5,5,14,Champions,2,High-Value Active,3.272702065854275,0.8775397965534656,13.427433,61.98731
15006,52,1,480.38,3,1,2,6,Needs Attention,0,High-Spend Watchlist,-0.5983962534092981,-0.773722981892134,-44.93142,-17.124859
15007,160,1,156.91,2,1,1,4,Needs Attention,1,Dormant Customers,-1.6645741179033828,-0.16507695456475138,-46.341114,17.071857
15009,13,3,1259.43,5,3,4,12,Potential Loyalists,0,High-Spend Watchlist,0.6929734654592555,-0.5159440022044105,36.197384,-39.29353
15010,36,1,308.94,3,1,2,6,Needs Attention,0,High-Spend Watchlist,-0.7359909025230817,-1.0460163911414575,-54.6978,-15.815181
15012,54,2,405.04,3,3,2,8,Needs Attention,0,High-Spend Watchlist,-0.32089642144795893,-0.6266381876140877,-18.7018,-43.123657
15014,44,2,257.67,3,3,2,8,Needs Attention,0,High-Spend Watchlist,-0.4926778800799451,-0.8496843734155933,-24.436964,-49.27684
15016,173,1,170.04,2,1,1,4,Needs Attention,1,Dormant Customers,-1.6884204479184213,-0.02742464267731751,-44.675438,17.84103
15017,34,1,125.58,3,1,1,5,Needs Attention,0,High-Spend Watchlist,-1.1634884074733642,-1.3328893695355437,-73.069984,-1.8347621
15018,39,3,496.21000000000004,3,3,3,9,Needs Attention,0,High-Spend Watchlist,0.11319667452911211,-0.5685233241138862,21.878016,-52.70913
15019,267,1,252.81,1,1,2,4,Lost Customers,1,Dormant Customers,-1.9501104634328865,0.9129014800899934,-28.125982,28.897787
15021,9,9,1871.77,5,5,4,14,Champions,2,High-Value Active,1.7423368182278627,-0.02319223761761273,41.78482,42.974434
15022,12,4,852.39,5,4,3,12,Loyal Customers,0,High-Spend Watchlist,0.7111895768175546,-0.5424995203498336,51.125565,-16.757994
15023,4,11,6720.41,5,5,5,15,Champions,2,High-Value Active,2.5568272768459726,0.3988287452281714,20.77966,39.47861
15024,10,10,1636.43,5,5,4,14,Champions,2,High-Value Active,1.758979614868446,-0.012349139925318026,41.845497,44.890694
15025,34,1,361.96,3,1,2,6,Needs Attention,0,High-Spend Watchlist,-0.6492334996031391,-1.0159922502871286,-53.243355,-18.693213
15026,81,3,469.0,2,3,2,7,At Risk,0,High-Spend Watchlist,-0.11729333951788162,-0.21835909535388331,17.67244,-48.274216
15027,31,4,1066.1499999999999,4,4,4,12,Champions,0,High-Spend Watchlist,0.7284716070658193,-0.3091888375968356,45.375587,-12.4901285
15028,9,4,627.13,5,4,3,12,Loyal Customers,0,High-Spend Watchlist,0.5760792021613861,-0.6609150210713133,52.459473,-22.643387
15030,72,2,518.28,3,3,3,9,Needs Attention,0,High-Spend Watchlist,-0.2878155459797351,-0.3953108521887927,-15.60895,-38.429966
15031,5,4,653.19,5,4,3,12,Loyal Customers,0,High-Spend Watchlist,0.6152587534136061,-0.6836475831442697,52.814957,-22.04153
15032,257,3,4959.1,1,3,5,9,At Risk,1,Dormant Customers,0.18233991978675362,2.0288271050461035,7.321992,4.3207397
15033,5,10,2557.18,5,5,5,15,Champions,2,High-Value Active,2.0009573198102664,0.07816874085970572,36.74604,43.784096
15034,16,8,4274.16,4,5,5,14,Champions,2,High-Value Active,2.015232127535209,0.23931133967831125,29.307663,33.920654
15035,90,1,252.73000000000002,2,1,2,5,Needs Attention,0,High-Spend Watchlist,-1.0946990416037248,-0.6342354414212161,-53.5678,-1.8019102
15036,73,3,429.56,2,3,2,7,At Risk,0,High-Spend Watchlist,-0.12141052004566298,-0.31464822934244685,17.567505,-49.306973
15038,59,6,685.74,3,5,3,11,Loyal Customers,2,High-Value Active,0.6851992708867949,-0.047020115707133193,63.97548,25.50229
15039,10,47,19766.59,5,5,5,15,Champions,2,High-Value Active,4.320363514615116,1.3939688173098563,6.517748,64.98885
15041,171,1,179.93,2,1,1,4,Needs Attention,1,Dormant Customers,-1.6513112403373793,-0.027994998517127355,-44.41651,17.20756
15042,200,1,135.93,1,1,1,3,Lost Customers,1,Dormant Customers,-1.9275145376440426,0.14165249309583589,-44.015404,22.846731
15043,32,1,537.0,4,1,3,8,New Customers,0,High-Spend Watchlist,-0.44743610838702763,-0.9150775057039826,-43.850773,-20.779394
15044,20,17,7634.7300000000005,4,5,5,14,Champions,2,High-Value Active,2.9120080898357297,0.7578485980335503,13.434801,55.007744
15045,152,2,735.66,2,3,3,8,At Risk,0,High-Spend Watchlist,-0.5038042930383138,0.4091115319852923,-3.656957,-14.539542
15046,10,15,5090.42,5,5,5,15,Champions,2,High-Value Active,2.654940056052859,0.49600294003989603,18.861084,52.458523
15047,270,1,343.62,1,1,2,4,Lost Customers,1,Dormant Customers,-1.8152993885429116,1.0311325445868562,-23.309814,25.807213
15048,66,4,381.0,3,4,2,9,Loyal Customers,0,High-Spend Watchlist,0.05777459328603568,-0.3123245185748499,38.612568,-22.321249
15049,274,1,121.17000000000002,1,1,1,3,Lost Customers,1,Dormant Customers,-2.340888233458512,0.7541271720702214,-34.344444,38.12921
15050,26,3,1737.69,4,3,4,11,Potential Loyalists,0,High-Spend Watchlist,0.7871717613261019,-0.30554955152115937,33.86078,-34.69781
15051,24,3,1383.3600000000001,4,3,4,11,Potential Loyalists,0,High-Spend Watchlist,0.6855864592598493,-0.39158703638619297,34.261227,-37.645782
15052,320,1,207.73000000000002,1,1,1,3,Lost Customers,1,Dormant Customers,-2.30175704600179,1.3173149401451383,-22.546583,41.113403
15053,5,3,693.95,5,3,3,11,Potential Loyalists,0,High-Spend Watchlist,0.4409977353725584,-0.7649699582130226,31.105282,-54.158436
15054,13,2,302.1,5,3,2,10,Potential Loyalists,0,High-Spend Watchlist,-0.2654522716307043,-1.072951183685986,-21.514126,-56.760765
15057,276,2,1489.5,1,3,4,8,At Risk,1,Dormant Customers,-0.7591450278468982,1.7049203249526117,2.672601,5.1397586
15058,26,11,2102.54,4,5,5,14,Champions,2,High-Value Active,1.8833817122745613,0.2416523018386609,35.422707,47.653202
15059,41,9,1337.72,3,5,4,12,Loyal Customers,2,High-Value Active,1.4237749054430355,0.15550979214982327,48.403454,36.92267
15060,9,4,294.25,5,4,2,11,Loyal Customers,0,High-Spend Watchlist,0.20754203324037912,-0.8880171165101494,54.964596,-28.772318
15061,4,48,54534.14,5,5,5,15,Champions,2,High-Value Active,4.863597761571303,1.656001533651189,4.3159823,65.08083
15062,72,4,987.86,3,4,4,11,Loyal Customers,0,High-Spend Watchlist,0.4930935937990657,0.02624427748659878,39.073475,-15.418396
15063,214,1,370.79999999999995,1,1,2,4,Lost Customers,1,Dormant Customers,-1.5075526971963735,0.5645098328961842,-29.514698,15.902871
15065,38,4,3158.13,3,4,5,12,Loyal Customers,2,High-Value Active,1.224457117587103,0.07848322710620716,36.403553,2.3849473
15066,54,1,893.59,3,1,3,7,Needs Attention,0,High-Spend Watchlist,-0.30553596272335937,-0.569816922609628,-32.708794,-15.622527
15067,79,3,1744.76,2,3,4,9,At Risk,0,High-Spend Watchlist,0.5329665770580698,0.15890980784288633,27.353073,-31.266527
15068,47,2,553.36,3,3,3,9,Needs Attention,0,High-Spend Watchlist,-0.13506031416617473,-0.5941542106024795,-10.969033,-44.366817
15069,180,1,1109.53,1,1,4,6,At Risk,1,Dormant Customers,-0.8090252565520786,0.5965143423648016,-23.968323,9.741132
15070,373,1,106.2,1,1,1,3,Lost Customers,1,Dormant Customers,-2.8832379824443537,1.5800985517880957,-25.794436,53.25951
15071,94,2,982.07,2,3,4,9,At Risk,0,High-Spend Watchlist,-0.08258407954243185,-0.011023878088313004,-4.128838,-26.97698
15073,10,3,1043.41,5,3,4,12,Potential Loyalists,0,High-Spend Watchlist,0.6156968324688508,-0.5987208617602867,35.562614,-45.707127
15074,106,1,735.67,2,1,3,6,At Risk,0,High-Spend Watchlist,-0.6517049746329594,-0.17374704509858782,-34.469692,-3.164272
15075,78,1,773.03,2,1,3,6,At Risk,0,High-Spend Watchlist,-0.4922108791943163,-0.4035947501718972,-34.57505,-12.107551
15076,173,1,880.85,2,1,3,6,At Risk,1,Dormant Customers,-0.8877487352152985,0.4659698885876026,-24.90259,9.513871
15078,8,32,9743.11,5,5,5,15,Champions,2,High-Value Active,3.6425457068315477,0.9966038411459266,10.6012125,63.238106
15079,213,4,895.61,1,4,3,8,At Risk,1,Dormant Customers,-0.23626651973965898,1.2291731658335547,11.803933,-2.1155005
15081,23,5,504.8,4,4,3,11,Loyal Customers,0,High-Spend Watchlist,0.5691554525958188,-0.5224095788415763,65.61072,-10.654131
15083,257,1,88.2,1,1,1,3,Lost Customers,1,Dormant Customers,-2.4122629378474336,0.5109211956411478,-38.250942,40.50206
15087,282,1,306.94,1,1,2,4,Lost Customers,1,Dormant Customers,-1.928242032166196,1.1021624106235808,-22.474604,28.088882
15088,22,2,1160.07,4,3,4,11,Potential Loyalists,0,High-Spend Watchlist,0.3466834802891574,-0.5902663433704528,2.578483,-38.37649
15089,11,6,2420.84,5,5,5,15,Champions,2,High-Value Active,1.5324801788010096,-0.08741592573627792,49.17023,23.653404
15090,309,1,381.32,1,1,2,4,Lost Customers,1,Dormant Customers,-1.9531333549674401,1.403236808327591,-15.667748,28.375795
15091,68,1,480.71,3,1,2,6,Needs Attention,0,High-Spend Watchlist,-0.6754009460280118,-0.6336712141845111,-42.179844,-10.583563
15092,216,2,457.81,1,3,2,6,At Risk,1,Dormant Customers,-1.0443084914111438,0.8260550943094234,-2.527497,-0.6922835
15093,19,6,4597.02,4,5,5,14,Champions,2,High-Value Active,1.8067802039601375,0.17536683587483906,28.716518,25.259357
15095,104,4,1370.6,2,4,4,10,At Risk,2,High-Value Active,0.49813721982228876,0.4043603749696147,29.96507,-8.442634
15096,43,1,219.39000000000001,3,1,1,5,Needs Attention,0,High-Spend Watchlist,-0.9362855587203237,-1.087410098385484,-62.33424,-8.513838
15097,5,1,248.08,5,1,1,7,New Customers,0,High-Spend Watchlist,-0.6928639528790251,-1.3827295365658983,-65.327156,-18.709394
15098,183,3,39916.5,1,3,5,9,At Risk,2,High-Value Active,1.5580736185624855,2.0093834461962374,9.677509,6.080598
15099,85,1,410.48,2,1,2,5,Needs Attention,0,High-Spend Watchlist,-0.8345017860175307,-0.5324902042710109,-43.828728,-5.8900995
15100,334,3,876.0,1,3,3,7,At Risk,1,Dormant Customers,-1.0357075273502048,2.180598101472684,0.5208136,9.940797
15101,9,2,317.53,5,3,2,10,Potential Loyalists,0,High-Spend Watchlist,-0.2218775615383072,-1.0929753356810303,-20.673153,-57.517704
15103,32,2,703.36,4,3,3,10,Potential Loyalists,0,High-Spend Watchlist,0.054351645508442556,-0.6532187225539505,-5.406407,-43.831005
15104,197,2,993.54,1,3,4,8,At Risk,1,Dormant Customers,-0.5747925695875535,0.8927218474675062,3.0125434,-0.74475104
15105,19,7,2298.93,4,5,5,14,Champions,2,High-Value Active,1.59053328455633,0.026514294224253488,40.768013,30.484743
15106,18,5,1422.52,4,4,4,12,Champions,2,High-Value Active,1.09846387115912,-0.25483111190612023,63.18436,2.232825
15107,312,6,319.5,1,5,2,8,At Risk,1,Dormant Customers,-0.9097544733506533,1.9350359816816274,-3.0366857,9.414503
15108,142,4,1300.25,2,4,4,10,At Risk,0,High-Spend Watchlist,0.2887527208781062,0.7206543550711115,19.879417,-5.773673
15109,246,1,484.95,1,1,2,4,Lost Customers,1,Dormant Customers,-1.531521840886439,0.9247475144363442,-22.521225,18.863594
15110,24,4,996.1,4,4,4,12,Champions,0,High-Spend Watchlist,0.7291623502234617,-0.3907962025154938,47.233154,-13.131894
15111,30,3,1567.48,4,3,4,11,Potential Loyalists,0,High-Spend Watchlist,0.7175424963599841,-0.30158088729379895,33.44494,-35.706604
15113,10,3,3509.43,5,3,5,13,Potential Loyalists,2,High-Value Active,1.2075076469455999,-0.2340317953507005,26.39135,-18.291956
15114,31,10,2760.56,4,5,5,14,Champions,2,High-Value Active,1.9126264674247582,0.32843106383819665,33.323807,45.84814
15115,19,1,340.11,4,1,2,7,New Customers,0,High-Spend Watchlist,-0.6070377411699892,-1.1657751771066767,-57.470512,-21.429405
15116,18,4,1352.75,4,4,4,12,Champions,2,High-Value Active,0.9074407810487777,-0.3512504577266703,46.41243,-7.544568
15117,15,5,1551.78,4,4,4,12,Champions,2,High-Value Active,1.155394523381864,-0.25490598570490575,62.765205,3.7396705
15118,135,1,244.8,2,1,1,4,Needs Attention,0,High-Spend Watchlist,-1.3277165064994132,-0.25047168498070277,-45.85288,9.971996
15119,246,1,266.4,1,1,2,4,Lost Customers,1,Dormant Customers,-1.8231395231556378,0.7450451877911124,-30.180288,25.476706
15120,134,1,358.82,2,1,2,5,Needs Attention,0,High-Spend Watchlist,-1.136845376704653,-0.14457098143612127,-38.355156,4.3658667
15121,51,2,457.72,3,3,2,8,Needs Attention,0,High-Spend Watchlist,-0.24684337198580103,-0.6161617992338324,-17.190453,-42.952454
15122,115,3,1633.78,2,3,4,9,At Risk,0,High-Spend Watchlist,0.3268889456229209,0.45380355954771706,22.340406,-26.358738
15123,8,2,2199.31,5,3,5,13,Potential Loyalists,0,High-Spend Watchlist,0.7264257695689698,-0.5203254014562925,5.855337,-33.4664
15124,23,2,184.19,4,3,1,8,Potential Loyalists,0,High-Spend Watchlist,-0.5543047564747683,-1.1337594978252663,-29.441162,-52.781883
15125,26,15,11528.48,4,5,5,14,Champions,2,High-Value Active,2.976612835359179,0.8817300341834247,10.276371,52.014988
15127,66,1,406.53,3,1,2,6,Needs Attention,0,High-Spend Watchlist,-0.7473703351875017,-0.7014586107364674,-45.46244,-10.648186
15128,61,4,1471.0,3,4,4,11,Loyal Customers,2,High-Value Active,0.740473263386233,0.049776972037997885,37.561176,-8.684078
15129,51,11,3447.4,3,5,5,13,Loyal Customers,2,High-Value Active,2.00383972899126,0.6088567008077244,30.142963,45.43025
15130,170,1,330.11,2,1,2,5,Needs Attention,1,Dormant Customers,-1.3514522032168998,0.14506686058641974,-35.1664,9.99192
15132,19,5,977.9300000000001,4,4,4,12,Champions,2,High-Value Active,0.9108429733330137,-0.35872893879946827,65.8512,-3.9656982
15133,128,3,982.42,2,3,4,9,At Risk,0,High-Spend Watchlist,0.015945773862109734,0.4145394031580744,19.170006,-24.975931
15134,15,8,1387.99,4,5,4,13,Champions,2,High-Value Active,1.4712350024589438,-0.10763270250874415,46.465195,40.36732
15135,240,1,139.05,1,1,1,3,Lost Customers,1,Dormant Customers,-2.1098641636894717,0.4980440635074362,-39.074398,30.421741
15136,3,4,1286.7,5,4,4,13,Champions,2,High-Value Active,0.955527274234149,-0.49740336207163177,49.543484,-7.5274253
15139,240,2,178.96,1,3,1,5,At Risk,1,Dormant Customers,-1.617203338501609,0.7542785981169832,-10.243809,-0.4828482
15140,53,7,2354.25,3,5,5,13,Loyal Customers,2,High-Value Active,1.437790497897562,0.33083634563243264,39.393486,20.573338
15142,47,1,498.74,3,1,3,7,Needs Attention,0,High-Spend Watchlist,-0.5559547813924537,-0.8061644670400121,-44.544323,-18.042088
15143,226,1,259.45,1,1,2,4,Lost Customers,1,Dormant Customers,-1.7393215106128734,0.5623159526496827,-33.183006,24.033358
15144,9,17,6580.44,5,5,5,15,Champions,2,High-Value Active,2.892642987857737,0.6170062941359163,14.635896,55.330498
15145,5,4,1194.73,5,4,4,13,Champions,2,High-Value Active,0.909685532434826,-0.5022142187300601,49.640278,-9.039174
15146,165,2,1327.16,2,3,4,9,At Risk,0,High-Spend Watchlist,-0.27889927097117195,0.7000508338024054,1.1068214,-15.063892
15147,241,1,623.5,1,1,3,5,At Risk,1,Dormant Customers,-1.3848961825369932,0.9565070082480549,-20.883753,18.19936
15148,11,1,301.29,5,1,2,8,New Customers,0,High-Spend Watchlist,-0.6273488283693698,-1.2720434134724266,-60.03695,-22.031977
15149,134,1,520.8000000000001,2,1,3,6,At Risk,0,High-Spend Watchlist,-0.9553993762547123,-0.03275928268176881,-35.528343,1.2152803
15150,18,10,5291.33,4,5,5,14,Champions,2,High-Value Active,2.2930058627856718,0.41048360959195995,22.176493,40.33068
15152,10,13,4745.69,5,5,5,15,Champions,2,High-Value Active,2.4987777645655047,0.4153673342623066,19.94163,48.549847
15153,32,1,329.25,4,1,2,7,New Customers,0,High-Spend Watchlist,-0.6856708818712334,-1.0618839090392627,-54.646458,-18.061125
15154,76,1,254.28,2,1,2,5,Needs Attention,0,High-Spend Watchlist,-1.0240540752346226,-0.7547682309167713,-54.354595,-3.4775357
15156,2,3,961.49,5,3,4,12,Potential Loyalists,0,High-Spend Watchlist,0.6144902986100197,-0.6932163803055669,35.932545,-47.28473
15157,4,3,1936.07,5,3,4,12,Potential Loyalists,2,High-Value Active,0.9462581276496055,-0.4653344937968687,37.027515,-34.11562
15158,46,1,401.40000000000003,3,1,2,6,Needs Attention,0,High-Spend Watchlist,-0.6568804853937588,-0.8800764879256987,-48.381977,-16.359308
15159,2,30,18641.010000000002,5,5,5,15,Champions,2,High-Value Active,3.931163699883062,1.1114456474867374,7.220409,62.917202
15160,358,1,158.16,1,1,1,3,Lost Customers,1,Dormant Customers,-2.6177980359189563,1.5678844434915924,-21.773415,53.010315
15163,19,2,304.47,4,3,2,9,Potential Loyalists,0,High-Spend Watchlist,-0.2906521745849238,-1.018165996948959,-21.824911,-55.188038
15164,69,3,824.58,3,3,3,9,Needs Attention,0,High-Spend Watchlist,0.21572751860469797,-0.15377109733755087,21.638275,-44.164772
15165,374,1,487.75,1,1,3,5,At Risk,1,Dormant Customers,-2.147430981681595,2.0452407795796046,-8.592455,50.51246
15167,321,1,158.8,1,1,1,3,Lost Customers,1,Dormant Customers,-2.4369919693796906,1.2456986999466269,-26.01231,42.590473
15168,26,1,106.56,4,1,1,6,New Customers,0,High-Spend Watchlist,-1.2043066081736926,-1.4517946174165839,-75.01533,0.2568744
15171,332,1,1289.5,1,1,4,6,At Risk,1,Dormant Customers,-1.4704275002236822,1.9702296497256588,-12.070171,19.45044
15172,9,5,1624.05,5,4,4,13,Champions,2,High-Value Active,1.2066047626956449,-0.29366293326155446,62.85298,5.076706
15174,323,1,135.75,1,1,1,3,Lost Customers,1,Dormant Customers,-2.5227020790120562,1.2163199281899222,-27.34199,43.453224
15175,72,1,224.14,3,1,1,5,Needs Attention,0,High-Spend Watchlist,-1.0660531658927155,-0.8275251629513434,-56.995934,-3.0755818
15178,261,1,40.5,1,1,1,3,Lost Customers,1,Dormant Customers,-2.8051450397775946,0.3156931361133049,-38.703712,43.546574
15179,19,5,2206.95,4,4,5,13,Champions,2,High-Value Active,1.3079067526921666,-0.11404801128451407,55.693382,8.689484
15180,368,1,87.5,1,1,1,3,Lost Customers,1,Dormant Customers,-2.9526499993957565,1.478730065867933,-26.921879,52.69688
15181,67,3,689.4799999999999,3,3,3,9,Needs Attention,0,High-Spend Watchlist,0.13815803272363728,-0.22500941772400782,20.883259,-45.511784
15182,155,2,622.85,2,3,3,8,At Risk,0,High-Spend Watchlist,-0.5994485380612826,0.3853300928031168,-4.3250813,-13.480134
15184,30,2,402.2,4,3,2,9,Potential Loyalists,0,High-Spend Watchlist,-0.20831406245159478,-0.8385181022767529,-16.996796,-51.643005
15185,71,1,310.62,3,1,2,6,Needs Attention,0,High-Spend Watchlist,-0.9025315121935236,-0.7384779109830104,-50.51888,-5.743113
15186,15,2,411.41,4,3,2,9,Potential Loyalists,0,High-Spend Watchlist,-0.12478290231086338,-0.9628290899399826,-15.171265,-55.761776
15187,2,16,4777.18,5,5,5,15,Champions,2,High-Value Active,2.7179722941147655,0.4340124356909598,19.081114,54.17651
15189,2,41,16225.39,5,5,5,15,Champions,2,High-Value Active,4.140728026778744,1.2051164020660305,7.3660803,64.549446
15192,120,3,1044.32,2,3,4,9,At Risk,0,High-Spend Watchlist,0.08441473915715121,0.36297972173586873,19.346756,-25.515205
15193,61,1,499.32,3,1,3,7,Needs Attention,0,High-Spend Watchlist,-0.6230603625799026,-0.6834506172360164,-41.941635,-11.775069
15194,4,15,7616.53,5,5,5,15,Champions,2,High-Value Active,2.880626695635955,0.5647628440990463,13.160366,51.05111
15195,3,1,3861.0,5,1,5,11,New Customers,0,High-Spend Watchlist,0.6549788815255251,-0.5755920726347056,-25.226198,-15.877519
15197,11,3,1079.6100000000001,5,3,4,12,Potential Loyalists,0,High-Spend Watchlist,0.6274970736128371,-0.5797302465800627,35.64132,-45.11898
15198,93,2,193.64,2,3,1,6,At Risk,0,High-Spend Watchlist,-0.8683676388476991,-0.5069629484372634,-28.722006,-44.383842
15199,60,4,1268.7,3,4,4,11,Loyal Customers,2,High-Value Active,0.673134152279572,-0.003438125258253853,37.85171,-9.8637495
15201,88,5,1236.54,2,4,4,10,At Risk,2,High-Value Active,0.6917563858554814,0.31487544702511966,30.990255,-11.188393
15203,26,6,1827.8,4,5,4,13,Champions,2,High-Value Active,1.3228614468359623,-0.04080334731066454,53.05191,22.007189
15204,358,1,316.58,1,1,2,4,Lost Customers,1,Dormant Customers,-2.2805554429346904,1.7757020152230598,-12.805492,51.365047
15205,86,2,653.24,2,3,3,8,At Risk,0,High-Spend Watchlist,-0.24270325841895246,-0.2034454614072135,-8.331331,-24.447287
15206,11,4,420.29999999999995,5,4,2,11,Loyal Customers,0,High-Spend Watchlist,0.37143277955878035,-0.7635854121737456,53.71759,-26.088211
15208,2,5,870.12,5,4,3,12,Loyal Customers,2,High-Value Active,0.9360551809506804,-0.5424155723821101,67.99512,-5.350277
15210,226,1,331.18,1,1,2,4,Lost Customers,1,Dormant Customers,-1.6205645071121586,0.6354970768820402,-29.018509,18.616297
15211,61,2,894.4100000000001,3,3,3,9,Needs Attention,0,High-Spend Watchlist,0.03133300649865931,-0.32755232353870156,-5.344424,-33.04293
15212,242,1,101.8,1,1,1,3,Lost Customers,1,Dormant Customers,-2.270482924883376,0.42250465133030946,-41.81712,32.140625
15213,319,2,328.35,1,3,2,6,At Risk,1,Dormant Customers,-1.7040180434540684,1.6265823513473903,-2.2035387,14.425938
15214,2,8,1661.44,5,5,4,14,Champions,2,High-Value Active,1.6218032667792386,-0.16719569465932724,44.41515,40.512825
15215,47,3,734.94,3,3,3,9,Needs Attention,0,High-Spend Watchlist,0.2659590445397479,-0.38063519589824446,23.758041,-46.604168
15216,88,1,96.6,2,1,1,4,Needs Attention,0,High-Spend Watchlist,-1.55143300482657,-0.9391246784096486,-65.56094,8.377441
15218,11,11,5756.89,5,5,5,15,Champions,2,High-Value Active,2.447457202602538,0.4134651072145182,21.51078,41.13923
15219,177,1,305.75,2,1,2,5,Needs Attention,1,Dormant Customers,-1.4225934462327678,0.18326081298725977,-34.843903,11.469167
15220,52,6,1778.96,3,5,4,12,Loyal Customers,2,High-Value Active,1.1839706521342848,0.1783026370035712,46.478924,14.945376
15221,367,1,403.25,1,1,2,4,Lost Customers,1,Dormant Customers,-2.2062597322257074,1.926955969672964,-9.921112,51.025723
15222,319,1,585.0,1,1,3,5,At Risk,1,Dormant Customers,-1.7929884458705496,1.619112252597557,-13.569029,25.151196
15223,226,2,755.75,1,3,3,7,At Risk,1,Dormant Customers,-0.8483631267172945,1.063991701385676,0.70542735,1.5598376
15224,359,2,322.08,1,3,2,6,At Risk,1,Dormant Customers,-1.9067494172511623,1.970414163847296,-1.8308867,16.301987
15225,235,1,409.40000000000003,1,1,2,4,Lost Customers,1,Dormant Customers,-1.5608401300628658,0.777771800235274,-25.56757,18.261316
15226,311,1,154.41,1,1,1,3,Lost Customers,1,Dormant Customers,-2.4022537359634044,1.1499152674539974,-27.324347,41.778576
15227,37,5,1219.4,3,4,4,11,Loyal Customers,2,High-Value Active,0.9314666624146972,-0.1350780424696877,61.943974,-1.8503894
15228,67,4,3386.71,3,4,5,12,Loyal Customers,2,High-Value Active,1.1183826030332957,0.3529684564451947,34.092384,1.6585873
15230,240,2,429.6,1,3,2,6,At Risk,1,Dormant Customers,-1.1912954236045095,1.0167340248526482,-4.0804615,2.533047
15232,114,2,612.06,2,3,3,8,At Risk,0,High-Spend Watchlist,-0.409784042726143,0.02172713058446552,-7.156594,-19.721891
15234,277,1,197.0,1,1,1,3,Lost Customers,1,Dormant Customers,-2.119671172025775,0.9256038309253761,-29.834887,33.02845
15235,218,12,2247.51,1,5,5,11,At Risk,2,High-Value Active,1.0609384059637603,1.9755415842683919,20.77223,1.8698233
15236,299,1,321.05,1,1,2,4,Lost Customers,1,Dormant Customers,-1.988543719991573,1.2642260027464922,-17.84692,29.386639
15237,2,4,1412.32,5,4,4,13,Champions,2,High-Value Active,1.0058024151194875,-0.47814152804761384,49.062443,-6.133609
15238,30,3,1071.99,4,3,4,11,Potential Loyalists,0,High-Spend Watchlist,0.5322021157898859,-0.41579240338085766,31.835367,-42.800304
15239,11,2,780.59,5,3,3,11,Potential Loyalists,0,High-Spend Watchlist,0.20664972104162022,-0.8054677817888658,-0.38491982,-48.51305
15240,45,5,1706.57,3,4,4,11,Loyal Customers,2,High-Value Active,1.0567722330600604,0.03589049880672298,49.447365,8.478795
15241,67,8,1756.44,3,5,4,12,Loyal Customers,2,High-Value Active,1.3347415106891785,0.41764463086189985,41.7021,21.436682
15243,75,1,316.68,2,1,2,5,Needs Attention,0,High-Spend Watchlist,-0.9124639811265273,-0.6977225435045299,-49.581688,-5.0270553
15244,66,2,631.57,3,3,3,9,Needs Attention,0,High-Spend Watchlist,-0.16247267100173438,-0.3883853603078153,-12.0999975,-37.070038
15245,135,3,2515.84,2,3,5,10,At Risk,2,High-Value Active,0.44086144499321933,0.7584164023721609,22.023825,-9.045497
15246,239,2,514.15,1,3,3,7,At Risk,1,Dormant Customers,-1.0989419934781244,1.0619255844647288,-2.9099605,2.4121363
15247,123,1,356.0,2,1,2,5,Needs Attention,0,High-Spend Watchlist,-1.087515691293054,-0.2430817880587936,-39.515793,3.542321
15249,32,13,6688.46,4,5,5,14,Champions,2,High-Value Active,2.5599229557857432,0.7108646345245256,15.187441,48.30336
15251,10,11,10484.99,5,5,5,15,Champions,2,High-Value Active,2.744938113839544,0.585061503898263,9.842027,48.84944
15252,37,2,740.78,3,3,3,9,Needs Attention,0,High-Spend Watchlist,0.05545271574077071,-0.5939452014014741,-5.155779,-42.26697
15253,17,5,918.1999999999999,4,4,3,11,Loyal Customers,2,High-Value Active,0.8897764811209046,-0.39514865921036435,66.25901,-4.595483
15254,128,1,300.36,2,1,2,5,Needs Attention,0,High-Spend Watchlist,-1.1943962051283101,-0.25034930015501394,-40.451477,4.9204636
15255,67,1,890.85,3,1,3,7,Needs Attention,0,High-Spend Watchlist,-0.3698716047771586,-0.45711516763291493,-32.92341,-14.160446
15256,149,1,98.45,2,1,1,4,Needs Attention,1,Dormant Customers,-1.8371220920632179,-0.4003144896399829,-50.662487,20.349289
15257,284,1,317.15,1,1,2,4,Lost Customers,1,Dormant Customers,-1.9219860614267343,1.1294555062470026,-21.86646,27.940687
15258,169,2,623.16,2,3,3,8,At Risk,1,Dormant Customers,-0.6668778490248245,0.5078444519811821,-3.5109382,-12.140906
15260,101,7,1810.77,2,5,4,11,At Risk,2,High-Value Active,1.0777030531315446,0.6714533156845829,42.017723,18.762619
15261,136,1,254.82,2,1,2,5,Needs Attention,0,High-Spend Watchlist,-1.3130446540144536,-0.22971150893167866,-45.46328,9.700529
15262,324,1,178.95000000000002,1,1,1,3,Lost Customers,1,Dormant Customers,-2.3935190815927103,1.3076448210674774,-24.425957,42.3407
15263,107,1,156.51,2,1,1,4,Needs Attention,0,High-Spend Watchlist,-1.4096260581608484,-0.6290785349280968,-52.02623,11.383797
15264,65,1,393.74,3,1,2,6,Needs Attention,0,High-Spend Watchlist,-0.7581032572325486,-0.7197915163983253,-46.22141,-10.832935
15265,152,2,1506.1200000000001,2,3,4,9,At Risk,0,High-Spend Watchlist,-0.1543525796027423,0.6244526781938594,1.6038812,-15.857108
15266,339,1,119.3,1,1,1,3,Lost Customers,1,Dormant Customers,-2.6626089716312076,1.3176097401641897,-28.65689,45.649612
15267,23,5,1717.36,4,4,4,12,Champions,2,High-Value Active,1.1661887340883044,-0.15450229374835941,60.626995,4.703588
15269,24,1,408.8,4,1,2,7,New Customers,0,High-Spend Watchlist,-0.5416431638183989,-1.0668823409400727,-50.48575,-21.935747
15270,16,7,2379.49,4,5,5,14,Champions,2,High-Value Active,1.6218411974517812,0.010650028519224461,40.211338,30.892452
15271,8,15,2493.34,5,5,5,15,Champions,2,High-Value Active,2.3162769750769936,0.26387202169570484,29.89484,53.215282
15272,58,2,721.94,3,3,3,9,Needs Attention,0,High-Spend Watchlist,-0.058614115864261275,-0.41813706498382786,-9.501897,-36.72491
15274,5,2,716.57,5,3,3,11,Potential Loyalists,0,High-Spend Watchlist,0.19393239174274035,-0.8836185436268553,-0.8647681,-50.59745
15275,38,1,615.14,3,1,3,7,Needs Attention,0,High-Spend Watchlist,-0.41023382817349197,-0.8218384864842058,-41.47889,-20.442068
15276,67,1,128.63,3,1,1,5,Needs Attention,0,High-Spend Watchlist,-1.3113772187370638,-1.0372951761344522,-65.07171,3.1908042
15277,47,1,255.89999999999998,3,1,2,6,Needs Attention,0,High-Spend Watchlist,-0.8807885346033191,-1.0063353921041849,-59.792744,-9.445472
15279,355,1,290.51,1,1,2,4,Lost Customers,1,Dormant Customers,-2.3078693873415483,1.7237134511986818,-13.77692,51.62082
15280,173,1,113.12,2,1,1,4,Needs Attention,1,Dormant Customers,-1.885959926195133,-0.1491535569680534,-47.73309,21.222807
15281,59,9,2332.15,3,5,5,13,Loyal Customers,2,High-Value Active,1.6079534167185079,0.4799473823918728,39.68083,22.827879
15286,50,1,240.55,3,1,1,5,Needs Attention,0,High-Spend Watchlist,-0.9253664524398859,-0.9986484452227478,-60.16238,-8.105602
15287,23,2,486.69,4,3,2,9,Potential Loyalists,0,High-Spend Watchlist,-0.0816037439383765,-0.8424689591331322,-10.669006,-52.89351
15288,44,5,2306.52,3,4,5,12,Loyal Customers,2,High-Value Active,1.2085971475062827,0.11772991878913096,52.148823,9.766399
15289,30,3,939.78,4,3,4,11,Potential Loyalists,0,High-Spend Watchlist,0.468009178696438,-0.4553497445548225,30.674253,-45.075016
15290,5,18,7943.22,5,5,5,15,Champions,2,High-Value Active,3.053220852042503,0.6627677904392397,12.541044,55.952675
15291,26,15,4668.3,4,5,5,14,Champions,2,High-Value Active,2.535350235450264,0.6098126550721118,20.00164,51.414448
15292,202,1,178.39,1,1,1,3,Lost Customers,1,Dormant Customers,-1.8053289584589236,0.24038439929701974,-41.66121,21.662783
15296,51,6,3672.86,3,5,5,13,Loyal Customers,2,High-Value Active,1.542563071786404,0.3875575191451966,36.965343,16.42267
15297,11,3,641.94,5,3,3,11,Potential Loyalists,0,High-Spend Watchlist,0.37402093749961224,-0.7359287701200088,29.340885,-54.482353
15298,3,12,4799.9,5,5,5,15,Champions,2,High-Value Active,2.4704843565165344,0.3245545302999679,19.536964,47.311947
15299,68,7,4507.01,3,5,5,13,Loyal Customers,2,High-Value Active,1.6822140870617557,0.6572414965365774,36.08086,18.690851
15300,65,1,496.44,3,1,3,7,Needs Attention,0,High-Spend Watchlist,-0.6452133944243673,-0.6502258753732924,-41.85212,-11.158675
15301,51,12,5049.95,3,5,5,13,Loyal Customers,2,High-Value Active,2.2632528465896056,0.7593652643185956,19.027168,43.031944
15303,291,1,574.02,1,1,3,5,At Risk,1,Dormant Customers,-1.6668786389090164,1.3686922891273983,-15.495117,22.907082
15304,61,8,694.4000000000001,3,5,3,11,Loyal Customers,2,High-Value Active,0.9111416437836231,0.08629746676440558,64.18087,24.611673
15306,65,3,1174.35,3,3,4,10,Needs Attention,0,High-Spend Watchlist,0.4075037103435496,-0.082469679302333,24.106123,-33.334023
15307,96,1,205.3,2,1,1,4,Needs Attention,0,High-Spend Watchlist,-1.224724338253121,-0.6440463621353707,-50.07515,8.611901
15308,275,1,310.47,1,1,2,4,Lost Customers,1,Dormant Customers,-1.8888418372213334,1.0444088068870157,-23.403496,27.266682
15311,1,91,60632.75,5,5,5,15,Champions,2,High-Value Active,5.505115446895712,1.9425879439938718,4.2064195,66.520294
15312,76,4,924.85,2,4,3,9,At Risk,0,High-Spend Watchlist,0.4416169261807222,0.04139903973334417,38.65188,-15.886223
15313,111,1,52.0,2,1,1,4,Needs Attention,0,High-Spend Watchlist,-1.9606822346958963,-0.9217775331187593,-68.27863,10.944281
15314,200,1,327.97,1,1,2,4,Lost Customers,1,Dormant Customers,-1.4996286578631823,0.40532679273683536,-32.22495,14.354219
15315,65,2,570.5,3,3,3,9,Needs Attention,0,High-Spend Watchlist,-0.20720186329818546,-0.4276676432978898,-13.365334,-37.87369
15316,327,1,165.0,1,1,1,3,Lost Customers,1,Dormant Customers,-2.447411830733845,1.3095917289886108,-25.409485,43.06401
15318,4,1,312.62,5,1,2,8,New Customers,0,High-Spend Watchlist,-0.5755503073540938,-1.322156849356266,-59.25802,-23.525517
15319,284,1,204.5,1,1,1,3,Lost Customers,1,Dormant Customers,-2.135357139735247,0.9979707522620024,-29.043936,33.262463
15320,45,1,267.13,3,1,2,6,Needs Attention,0,High-Spend Watchlist,-0.8502344438825575,-1.0109451797852242,-59.347,-10.152179
15321,71,3,2748.31,3,3,5,11,Needs Attention,2,High-Value Active,0.7933468303219108,0.2256108048854409,23.43497,-15.495526
15322,86,1,679.68,2,1,3,6,At Risk,0,High-Spend Watchlist,-0.593620243124572,-0.3723337907932507,-35.66033,-10.654742
15325,104,1,161.74,2,1,1,4,Needs Attention,0,High-Spend Watchlist,-1.379178691776494,-0.6454730915572812,-51.9823,11.052615
15326,334,1,311.71,1,1,2,4,Lost Customers,1,Dormant Customers,-2.172090641263986,1.561284755685563,-14.706581,31.908943
15327,53,1,208.75,3,1,1,5,Needs Attention,0,High-Spend Watchlist,-1.0087787511890096,-1.0148922440680788,-61.076427,-5.7185516
15329,40,3,1049.7,3,3,4,10,Needs Attention,0,High-Spend Watchlist,0.4736170110975132,-0.33470402716251213,29.904827,-42.151608
15330,33,2,714.96,4,3,3,10,Potential Loyalists,0,High-Spend Watchlist,0.057492179452246175,-0.6395644419876981,-5.216694,-43.39995
15332,367,4,1661.06,1,4,4,9,At Risk,1,Dormant Customers,-0.6793574583715568,2.760855527456971,1.9989725,9.327585
15333,209,1,1028.56,1,1,4,6,At Risk,1,Dormant Customers,-0.9861605105170608,0.8272101138562689,-22.975807,10.756118
15334,157,3,350.82,2,3,2,7,At Risk,0,High-Spend Watchlist,-0.6260372443777469,0.3587840098024221,8.254348,-10.054349
15335,54,1,170.22,3,1,1,5,Needs Attention,0,High-Spend Watchlist,-1.1126963863749455,-1.0672099646825823,-64.31362,-1.8369633
15339,67,2,574.07,3,3,3,9,Needs Attention,0,High-Spend Watchlist,-0.2138292461820959,-0.4083136019975734,-13.546512,-37.639233
15341,81,1,2020.52,2,1,4,7,At Risk,0,High-Spend Watchlist,-0.038064448714392386,-0.08858101484020285,-27.615732,-13.877654
15342,130,1,406.09,2,1,2,5,Needs Attention,0,High-Spend Watchlist,-1.0572546439926227,-0.14240113267341756,-37.70023,3.0830398
15343,88,1,364.5,2,1,2,5,Needs Attention,0,High-Spend Watchlist,-0.9068490518257813,-0.5419154448299982,-45.505512,-3.9769893
15344,1,3,563.94,5,3,3,11,Potential Loyalists,0,High-Spend Watchlist,0.3592210630338197,-0.8622388605804988,28.403372,-56.293514
15345,46,1,393.54,3,1,2,6,Needs Attention,0,High-Spend Watchlist,-0.6665103162925973,-0.8860106377490417,-48.68574,-16.238905
15346,333,1,252.42000000000002,1,1,2,4,Lost Customers,1,Dormant Customers,-2.2698855209725504,1.4893020293657788,-20.47733,41.185425
15347,367,1,201.60000000000002,1,1,1,3,Lost Customers,1,Dormant Customers,-2.543492628592931,1.7191443732466611,-18.730415,53.65277
15348,73,1,158.04,2,1,1,4,Needs Attention,0,High-Spend Watchlist,-1.240561067329186,-0.9233424237343936,-62.52738,1.4569212
15349,159,2,463.90999999999997,2,3,2,7,At Risk,0,High-Spend Watchlist,-0.7623397770865965,0.331828326583486,-6.708951,-11.007906
15350,374,1,115.65,1,1,1,3,Lost Customers,1,Dormant Customers,-2.8468296045562935,1.614253334630937,-25.220316,53.519665
15351,13,7,1934.66,5,5,4,14,Champions,2,High-Value Active,1.5353589080341703,-0.0777995936256448,43.946785,32.565117
15353,255,2,770.12,1,3,3,7,At Risk,1,Dormant Customers,-0.9793573631390418,1.3231207562836123,0.5237217,3.8743467
15355,30,2,277.05,4,3,2,9,Potential Loyalists,0,High-Spend Watchlist,-0.38973628711477704,-0.9503151497789417,-23.469423,-52.287697
15356,32,10,2718.03,4,5,5,14,Champions,2,High-Value Active,1.900215989121743,0.3325024101300377,33.446404,45.89717
15358,5,22,8347.2,5,5,5,15,Champions,2,High-Value Active,3.2519005584588494,0.7628853019646544,11.781515,58.960342
15360,40,1,427.93,3,1,2,6,Needs Attention,0,High-Spend Watchlist,-0.5967095523707441,-0.9133116252293666,-48.141014,-18.370024
15361,362,1,418.92,1,1,2,4,Lost Customers,1,Dormant Customers,-2.1635254834802766,1.8946949010859238,-9.84232,50.444584
15363,373,1,326.0,1,1,2,4,Lost Customers,1,Dormant Customers,-2.338791350212303,1.9156005891986514,-11.578848,52.53228
15364,96,2,913.19,2,3,3,8,At Risk,0,High-Spend Watchlist,-0.1277136179375596,-0.015395856665746194,-4.6418843,-26.570253
15365,26,7,2314.32,4,5,5,14,Champions,2,High-Value Active,1.559953130081259,0.0897030340650265,40.787167,28.938759
15366,76,2,602.51,2,3,3,8,At Risk,0,High-Spend Watchlist,-0.23376783570893783,-0.31512925042768586,-13.816425,-36.474678
15367,58,4,1877.59,3,4,4,11,Loyal Customers,2,High-Value Active,0.8740405799951448,0.09692758466843053,37.514637,-6.167657
15368,22,1,446.94000000000005,4,1,2,7,New Customers,0,High-Spend Watchlist,-0.48853282420466615,-1.0575923871002462,-48.917187,-22.52764
15370,41,7,2386.05,3,5,5,13,Loyal Customers,2,High-Value Active,1.502342075807994,0.2299866585554517,40.376846,27.100618
15372,138,1,2007.3999999999999,2,1,4,7,At Risk,0,High-Spend Watchlist,-0.3167641617609724,0.4076601956687846,-29.39213,-4.2298193
15373,9,12,2415.91,5,5,5,15,Champions,2,High-Value Active,2.106439390920199,0.1705346622295587,31.872166,51.000683
15374,129,1,168.0,2,1,1,4,Needs Attention,0,High-Spend Watchlist,-1.481595053907525,-0.4156096251300787,-49.045097,12.710231
15376,41,3,1221.56,3,3,4,10,Needs Attention,0,High-Spend Watchlist,0.5427375029808298,-0.2803911971508945,31.017921,-38.779972
15379,170,7,3703.29,2,5,5,12,At Risk,2,High-Value Active,1.0933158799442861,1.4896855254533365,21.812298,0.7363611
15380,9,5,1690.2600000000002,5,4,4,13,Champions,2,High-Value Active,1.2261002384811888,-0.28164931896198003,62.391647,5.5278397
15381,214,2,596.85,1,3,3,7,At Risk,1,Dormant Customers,-0.9054187223281394,0.8882045419014122,-0.9032144,-0.592584
15382,15,6,5955.71,4,5,5,14,Champions,2,High-Value Active,1.9525004978238552,0.21828742343539226,26.157549,28.745117
15384,170,2,642.41,2,3,3,8,At Risk,1,Dormant Customers,-0.6568829623083648,0.5257225612649141,-3.1971302,-12.157514
15385,41,1,316.88,3,1,2,6,Needs Attention,0,High-Spend Watchlist,-0.7478108584891195,-0.994705139123083,-54.116917,-14.987903
15386,187,1,394.14,1,1,2,4,Lost Customers,1,Dormant Customers,-1.34732051324002,0.34683595964079433,-31.478798,11.341461
15388,271,1,140.54,1,1,1,3,Lost Customers,1,Dormant Customers,-2.254542623423737,0.7721785528793914,-33.736977,36.30655
15389,173,1,500.0,2,1,3,6,At Risk,1,Dormant Customers,-1.1637719808448324,0.2958772554460813,-29.855215,9.598415
15392,5,4,1535.53,5,4,4,13,Champions,2,High-Value Active,1.032105654700253,-0.42677578636853053,47.917538,-5.0893593
15393,17,2,231.86,4,3,1,8,Potential Loyalists,0,High-Spend Watchlist,-0.4134830262267526,-1.1172955366574409,-27.268204,-54.819397
15394,10,4,2183.54,5,4,5,14,Champions,2,High-Value Active,1.1797163456794513,-0.2772192634472553,41.88615,0.03993602
15395,326,1,107.45,1,1,1,3,Lost Customers,1,Dormant Customers,-2.6503945365411625,1.1727895550358443,-29.93516,44.90734
15396,113,1,288.18,2,1,2,5,Needs Attention,0,High-Spend Watchlist,-1.1420310293268259,-0.393865570071264,-41.98379,3.697271
15397,290,1,94.0,1,1,1,3,Lost Customers,1,Dormant Customers,-2.5410219650483845,0.8183036546835644,-34.38489,41.70094
15398,17,2,1345.53,4,3,4,11,Potential Loyalists,0,High-Spend Watchlist,0.4431944721221258,-0.589388797806817,3.858626,-37.59634
15399,2,3,815.77,5,3,3,11,Potential Loyalists,0,High-Spend Watchlist,0.5343481011162973,-0.7426020665232805,33.041073,-52.341034
15400,93,5,716.2,2,4,3,9,At Risk,0,High-Spend Watchlist,0.40127437764105933,0.19446796529900426,31.392704,-14.603137
15402,149,2,626.77,2,3,3,8,At Risk,0,High-Spend Watchlist,-0.5673884283198902,0.33477234217808916,-4.693356,-14.135912
15405,190,1,349.1,1,1,2,4,Lost Customers,1,Dormant Customers,-1.4209014850623098,0.3366504776609376,-32.79965,12.707345
15406,32,2,510.71000000000004,4,3,3,10,Potential Loyalists,0,High-Spend Watchlist,-0.10163642363664097,-0.7493425883502377,-10.50075,-48.71684
15407,34,4,1046.74,3,4,4,11,Loyal Customers,0,High-Spend Watchlist,0.7050094767381446,-0.28848979859955975,44.941463,-12.871611
15408,265,1,267.18,1,1,2,4,Lost Customers,1,Dormant Customers,-1.9135579380098184,0.911988082366676,-27.218674,27.89671
15410,85,8,3450.84,2,5,5,12,At Risk,2,High-Value Active,1.5772786342201843,0.7780443010454029,37.586674,19.100084
15411,27,4,1348.93,4,4,4,12,Champions,2,High-Value Active,0.8625579778550321,-0.27343737307516003,45.026253,-8.509635
15412,172,1,190.53,2,1,1,4,Needs Attention,1,Dormant Customers,-1.6283509348233247,-0.0021272642362839132,-43.862072,16.92929
15414,10,3,774.9000000000001,5,3,3,11,Potential Loyalists,0,High-Spend Watchlist,0.47061843695215627,-0.6881219056799778,32.127983,-51.82489
15415,314,1,559.61,1,1,3,5,At Risk,1,Dormant Customers,-1.790443416226547,1.562085552096898,-13.931999,25.090597
15416,65,4,3984.32,3,4,5,12,Loyal Customers,2,High-Value Active,1.2073609827845446,0.3843612204258898,33.88244,2.1657004
15417,86,1,508.8,2,1,3,6,At Risk,0,High-Spend Watchlist,-0.7347395399182387,-0.45929513611027106,-39.269398,-8.641273
15419,25,1,135.86,4,1,1,6,New Customers,0,High-Spend Watchlist,-1.08186624954915,-1.3880627175526508,-73.62187,-4.3746657
15421,59,4,950.36,3,4,4,11,Loyal Customers,0,High-Spend Watchlist,0.5370586768626147,-0.09901034059884968,40.775253,-15.507649
15422,324,2,97.7,1,3,1,5,At Risk,1,Dormant Customers,-2.3164579197282604,1.3077761390577745,-25.539639,36.995647
15423,39,1,43.5,3,1,1,5,Needs Attention,0,High-Spend Watchlist,-1.6979904027136015,-1.6036682521837695,-72.580765,9.409198
15424,255,2,383.34,1,3,2,6,At Risk,1,Dormant Customers,-1.3192832995215114,1.1136496392386608,-5.034883,3.3694117
15426,20,5,1404.07,4,4,4,12,Champions,2,High-Value Active,1.0824279219633992,-0.24127487149178534,63.019604,1.7914221
15427,34,3,1430.54,3,3,4,10,Needs Attention,0,High-Spend Watchlist,0.6536096508078185,-0.2941019427080297,32.586082,-36.762436
15428,16,1,93.78,4,1,1,6,New Customers,0,High-Spend Watchlist,-1.2177193453239905,-1.5772499181365096,-76.570045,1.2817975
15429,27,2,397.35,4,3,2,9,Potential Loyalists,0,High-Spend Watchlist,-0.1997207321607427,-0.8683796788137559,-16.904877,-52.41657
15432,24,1,171.19,4,1,1,6,New Customers,0,High-Spend Watchlist,-0.9649274848037821,-1.3277210415347198,-70.88436,-9.553311
15433,214,2,533.3,1,3,3,7,At Risk,1,Dormant Customers,-0.9602812728068235,0.8543968252705323,-1.5655096,-0.68961334
15434,9,5,1041.48,5,4,4,13,Champions,2,High-Value Active,0.989885198067956,-0.42721111075919455,67.226,-2.3191845
15435,23,1,149.29,4,1,1,6,New Customers,0,High-Spend Watchlist,-1.0265014108875106,-1.3773834833331995,-72.758156,-7.481965
15436,13,3,1067.75,5,3,4,12,Potential Loyalists,0,High-Spend Watchlist,0.6124421650541607,-0.5655694636577477,35.34189,-44.89566
15437,263,1,200.16,1,1,1,3,Lost Customers,1,Dormant Customers,-2.0442697428984955,0.8080020962876562,-31.203487,30.976864
15438,132,1,156.57999999999998,2,1,1,4,Needs Attention,0,High-Spend Watchlist,-1.5302517114183496,-0.4104361026869021,-49.149036,13.420041
15440,55,3,383.68,3,3,2,8,Needs Attention,0,High-Spend Watchlist,-0.08940920026102074,-0.5058702398124362,17.924969,-52.206585
15442,249,1,594.0,1,1,3,5,At Risk,1,Dormant Customers,-1.4471886682981292,1.011872795438891,-20.66489,18.704838
15443,2,7,3213.59,5,5,5,15,Champions,2,High-Value Active,1.8361583327702058,-0.021348270085868617,33.829365,30.866179
15444,10,2,1411.21,5,3,4,12,Potential Loyalists,0,High-Spend Watchlist,0.5002798077259468,-0.6362443623753413,4.525314,-37.918858
15445,265,1,113.5,1,1,1,3,Lost Customers,1,Dormant Customers,-2.3290376969133053,0.6559587539392121,-35.35409,38.055553
15447,331,1,155.17,1,1,1,3,Lost Customers,1,Dormant Customers,-2.496546272469239,1.3261898311502047,-25.811703,43.65683
15448,313,1,494.64,1,1,3,5,At Risk,1,Dormant Customers,-1.8457412666436555,1.5162905897692,-14.262,25.82727
15449,27,3,974.52,4,3,4,11,Potential Loyalists,0,High-Spend Watchlist,0.5002122539744505,-0.4706623881441424,31.476908,-44.775097
15450,31,1,429.84,4,1,2,7,New Customers,0,High-Spend Watchlist,-0.5510372316214238,-0.9906381888285181,-49.127357,-21.024498
15452,30,3,528.48,4,3,3,10,Potential Loyalists,0,High-Spend Watchlist,0.1873980160022997,-0.6282695703567795,23.515936,-53.7752
15453,2,7,1371.77,5,5,4,14,Champions,2,High-Value Active,1.4207832136565963,-0.2773131167797343,51.539135,36.05111
15454,363,1,179.1,1,1,1,3,Lost Customers,1,Dormant Customers,-2.5816267156378303,1.6487691559845905,-20.317284,53.317265
15456,284,3,434.59000000000003,1,3,2,6,At Risk,1,Dormant Customers,-1.1356516612735486,1.5330598188490878,-3.5074341,7.722373
15457,263,1,237.07,1,1,1,3,Lost Customers,1,Dormant Customers,-1.9620293600743532,0.8586807383463029,-29.306646,29.252022
15458,26,1,161.64,4,1,1,6,New Customers,0,High-Spend Watchlist,-1.0024499736611936,-1.3274053602617766,-71.428116,-8.287208
15460,355,1,214.26,1,1,1,3,Lost Customers,1,Dormant Customers,-2.4558983001269032,1.6324942225452688,-18.740532,52.56297
15462,95,3,234.6,2,3,1,6,At Risk,0,High-Spend Watchlist,-0.5220991330907184,-0.30374481414265564,10.759731,-22.35129
15463,30,1,126.14,4,1,1,6,New Customers,0,High-Spend Watchlist,-1.1419986257533958,-1.3665228232074842,-73.420334,-2.2763126
15464,339,1,1044.65,1,1,4,6,At Risk,1,Dormant Customers,-1.606971565114582,1.968120698788637,-12.010586,19.983269
15465,20,18,7354.62,4,5,5,14,Champions,2,High-Value Active,2.943135434071347,0.7707153605026424,13.543697,55.757214
15466,86,1,334.53,2,1,2,5,Needs Attention,0,High-Spend Watchlist,-0.9389476189076285,-0.585133413914945,-46.78693,-3.4549117
15467,10,3,524.88,5,3,3,11,Potential Loyalists,0,High-Spend Watchlist,0.2807415495992953,-0.8051289340876913,26.6845,-56.382397
15468,52,2,467.51,3,3,2,8,Needs Attention,0,High-Spend Watchlist,-0.2413680156066596,-0.6010687409478312,-17.041128,-42.784756
15469,51,2,538.55,3,3,3,9,Needs Attention,0,High-Spend Watchlist,-0.16761439931896113,-0.5673388656752304,-11.4666395,-43.962986
15471,3,1,454.48,5,1,2,8,New Customers,0,High-Spend Watchlist,-0.3885435718667856,-1.2186374851142947,-46.52404,-24.395336
15472,114,1,371.56,2,1,2,5,Needs Attention,0,High-Spend Watchlist,-1.023185591476412,-0.30891094765164334,-40.15783,2.5902297
15473,15,7,1771.2,4,5,4,13,Champions,2,High-Value Active,1.4826212518788986,-0.08685989031962735,44.98867,32.889523
15475,78,1,454.10999999999996,2,1,2,5,Needs Attention,0,High-Spend Watchlist,-0.751467971142716,-0.5633556475903081,-42.559017,-8.239661
15478,41,2,1399.92,3,3,4,10,Needs Attention,0,High-Spend Watchlist,0.34651658616860076,-0.3677081372235866,1.7148811,-33.99356
15480,117,1,905.5,2,1,3,6,At Risk,0,High-Spend Watchlist,-0.6036028128449245,-0.01519622480159294,-32.715282,-2.4334059
15482,16,12,10879.76,4,5,5,14,Champions,2,High-Value Active,2.807069399627351,0.6843139374864478,9.83048,49.502777
15483,162,4,225.26,2,4,1,7,At Risk,0,High-Spend Watchlist,-0.6619368236617021,0.36919502527297643,7.0706086,-11.832122
15484,2,4,3590.41,5,4,5,14,Champions,2,High-Value Active,1.4610782790844645,-0.19758881470288617,35.528053,5.9542394
15485,31,3,2564.5,4,3,5,12,Potential Loyalists,2,High-Value Active,0.9529147189795246,-0.14481945886517228,25.038723,-18.73589
15488,93,1,91.32000000000001,2,1,1,4,Needs Attention,0,High-Spend Watchlist,-1.60275232759143,-0.9121539535483665,-65.80139,8.955139
15489,23,3,1134.28,4,3,4,11,Potential Loyalists,0,High-Spend Watchlist,0.5935859667695939,-0.45999911206329036,33.89641,-42.28377
15491,96,6,3100.09,2,5,5,12,At Risk,2,High-Value Active,1.2423056613152905,0.7298862893071743,40.287285,13.819863
15492,29,2,659.4599999999999,4,3,3,10,Potential Loyalists,0,High-Spend Watchlist,0.03743705967329096,-0.6987989339832056,-6.0859957,-45.61248
15493,33,5,1953.41,4,4,4,12,Champions,2,High-Value Active,1.1806889328292984,-0.028376871187862338,52.753555,8.240649
15494,22,2,1280.58,4,3,4,11,Potential Loyalists,0,High-Spend Watchlist,0.394891826594144,-0.5605591187353979,3.2028148,-37.4628
15497,18,2,1262.2,4,3,4,11,Potential Loyalists,0,High-Spend Watchlist,0.4071746657430809,-0.5998661275512821,3.4858806,-37.94766
15498,3,27,13316.4,5,5,5,15,Champions,2,High-Value Active,3.6691887311933233,0.9736165006615458,8.615894,61.80925
15500,9,4,1131.56,5,4,4,13,Champions,2,High-Value Active,0.8638542504726031,-0.4835806244408941,49.58805,-10.416016
15502,16,12,10384.93,4,5,5,14,Champions,2,High-Value Active,2.7843476289596354,0.6703121971848477,10.06023,49.412807
15503,363,1,141.04,1,1,1,3,Lost Customers,1,Dormant Customers,-2.6975217584964164,1.577351645611844,-23.160173,53.338936
15504,82,1,52.83,2,1,1,4,Needs Attention,0,High-Spend Watchlist,-1.8129190684659842,-1.170573141572608,-69.299385,10.079454
15505,53,5,3610.96,3,4,5,12,Loyal Customers,2,High-Value Active,1.3838349880754257,0.33118701349872176,38.913685,11.097772
15506,23,3,972.08,4,3,4,11,Potential Loyalists,0,High-Spend Watchlist,0.5183244898183103,-0.5063771725761547,32.082333,-45.331406
15507,172,1,475.86,2,1,2,5,Needs Attention,1,Dormant Customers,-1.183046017938781,0.27228109470830053,-30.137144,9.589964
15508,190,6,1000.27,1,5,4,10,At Risk,2,High-Value Active,0.23606068068738756,1.2113984660030261,17.435446,-2.7272143
15510,331,1,250.0,1,1,2,4,Lost Customers,1,Dormant Customers,-2.2649023014584886,1.4689348122503074,-20.620556,41.067245
15511,12,5,900.53,5,4,3,12,Loyal Customers,2,High-Value Active,0.9044692712778116,-0.4446895968083376,67.060646,-4.682012
15512,156,2,121.0,2,3,1,6,At Risk,1,Dormant Customers,-1.4009335115335304,-0.09684658803058985,-13.279965,-4.063511
15513,34,19,14758.220000000001,3,5,5,13,Loyal Customers,2,High-Value Active,3.262271336447691,1.1254504287375915,7.962108,57.441895
15514,13,11,4023.7200000000003,5,5,5,15,Champions,2,High-Value Active,2.262965787726642,0.32321475098054414,25.143637,45.05471
15516,45,3,62.43,3,3,1,7,Needs Attention,0,High-Spend Watchlist,-0.9209996635896693,-1.1355077281811539,-33.87508,-49.26956
15517,234,1,267.03,1,1,2,4,Lost Customers,1,Dormant Customers,-1.7639862914412647,0.6408689007496869,-32.27709,24.573606
15518,65,8,1921.55,3,5,4,12,Loyal Customers,2,High-Value Active,1.3882444259995752,0.4271764999570907,41.32322,21.547224
15520,2,1,343.5,5,1,2,8,New Customers,0,High-Spend Watchlist,-0.5200371735431004,-1.3113862318463305,-58.375145,-24.07519
15521,41,8,3000.2,3,5,5,13,Loyal Customers,2,High-Value Active,1.7216678576950986,0.3513845422182206,38.25334,25.02164
15522,33,2,397.99,4,3,2,9,Potential Loyalists,0,High-Spend Watchlist,-0.22793925656257968,-0.8154546443595981,-17.301132,-51.012386
15523,85,1,412.01000000000005,2,1,2,5,Needs Attention,0,High-Spend Watchlist,-0.8326899695828486,-0.531373716319276,-43.77237,-5.9343233
15524,25,1,440.0,4,1,2,7,New Customers,0,High-Spend Watchlist,-0.5106565378302613,-1.036068581259228,-49.16293,-21.986374
15525,3,3,734.37,5,3,3,11,Potential Loyalists,0,High-Spend Watchlist,0.47826369892266385,-0.7654437169873284,31.885662,-53.47393
15526,34,2,148.44,3,3,1,7,Needs Attention,0,High-Spend Watchlist,-0.7121833577319656,-1.102139328904956,-30.699772,-51.07843
15527,19,8,2428.53,4,5,5,14,Champions,2,High-Value Active,1.7248504040742243,0.0955276506735999,37.67498,36.04218
15528,255,1,229.33,1,1,1,3,Lost Customers,1,Dormant Customers,-1.939494826483127,0.7788150770326511,-30.500715,28.524286
15529,23,11,3962.6,4,5,5,14,Champions,2,High-Value Active,2.2071583612287196,0.4060148040434836,24.608099,45.52279
15530,22,4,1497.31,4,4,4,12,Champions,2,High-Value Active,0.9376361016334097,-0.28576731282626866,44.828728,-6.186117
15531,9,2,1972.39,5,3,4,12,Potential Loyalists,0,High-Spend Watchlist,0.6684562118327357,-0.5443287333192779,5.638084,-33.81538
15532,26,4,1564.73,4,4,4,12,Champions,2,High-Value Active,0.9397881089235748,-0.2375651798543714,43.70404,-5.75912
15533,20,3,807.57,4,3,3,10,Potential Loyalists,0,High-Spend Watchlist,0.44241561101910687,-0.5883111867718829,31.228397,-49.49489
15535,174,4,502.9,2,4,3,9,At Risk,0,High-Spend Watchlist,-0.32906100503902397,0.7149497101327354,13.856434,-4.224754
15537,164,1,110.92,2,1,1,4,Needs Attention,1,Dormant Customers,-1.8519595617257367,-0.23367268064683538,-48.606964,20.800894
15539,8,1,538.46,5,1,3,9,New Customers,0,High-Spend Watchlist,-0.3301042524029482,-1.1240306579959798,-44.361874,-24.235632
15540,12,1,213.3,5,1,1,7,New Customers,0,High-Spend Watchlist,-0.8001203956026882,-1.3667907003989117,-69.00316,-15.121496
15541,115,1,85.13000000000001,2,1,1,4,Needs Attention,0,High-Spend Watchlist,-1.742974764761828,-0.7407445722739459,-65.997574,10.490423
15543,289,1,127.86,1,1,1,3,Lost Customers,1,Dormant Customers,-2.3873675547677515,0.9012704571191661,-32.31317,39.14713
15544,10,9,3546.71,5,5,5,15,Champions,2,High-Value Active,2.049391697151636,0.17774188986597003,28.737679,39.5392
15545,55,2,288.96999999999997,3,3,2,8,Needs Attention,0,High-Spend Watchlist,-0.4900868601902827,-0.7191786909297861,-23.767565,-46.57292
15547,8,14,4910.6,5,5,5,15,Champions,2,High-Value Active,2.588119569407075,0.4389261200431483,19.105345,50.000008
15549,78,3,1681.46,2,3,4,9,At Risk,0,High-Spend Watchlist,0.5197704322129438,0.13905900084947892,27.19132,-31.34911
15550,5,4,575.63,5,4,3,12,Loyal Customers,0,High-Spend Watchlist,0.5536522232713441,-0.7216111137400734,53.095806,-23.47525
15551,37,1,436.06,3,1,2,6,Needs Attention,0,High-Spend Watchlist,-0.5730420604601424,-0.9338841151300022,-48.208668,-19.453522
15552,218,1,90.12,1,1,1,3,Lost Customers,1,Dormant Customers,-2.213352183582607,0.17645402164583848,-45.03165,29.807856
15553,61,1,428.93,3,1,2,6,Needs Attention,0,High-Spend Watchlist,-0.6970804982476221,-0.7290637312782778,-44.923077,-11.5238085
15554,278,1,217.2,1,1,1,3,Lost Customers,1,Dormant Customers,-2.0770808608567766,0.9635680802762352,-29.02181,32.190094
15555,13,16,4794.86,5,5,5,15,Champions,2,High-Value Active,2.6666045658554625,0.5312673478195631,18.770527,53.73226
15556,25,1,279.77,4,1,2,7,New Customers,0,High-Spend Watchlist,-0.7310730463734785,-1.171894910815165,-60.63003,-18.854265
15557,29,1,468.91,4,1,2,7,New Customers,0,High-Spend Watchlist,-0.4989938835359976,-0.9820057426495968,-48.02326,-21.534925
15561,12,4,800.59,5,4,3,12,Loyal Customers,0,High-Spend Watchlist,0.6806202026261535,-0.5613371560636118,51.362732,-17.78676
15562,352,1,134.55,1,1,1,3,Lost Customers,1,Dormant Customers,-2.6671821772702002,1.4671386476858386,-23.55127,52.502144
15563,23,4,1400.44,4,4,4,12,Champions,2,High-Value Active,0.9001738297745184,-0.29713352695118966,45.355434,-7.3802724
15565,51,2,173.16,3,3,1,7,Needs Attention,0,High-Spend Watchlist,-0.7196263749819034,-0.9075028625589655,-29.21234,-49.082672
15567,19,1,186.01,4,1,1,6,New Customers,0,High-Spend Watchlist,-0.9004533032823692,-1.3465854036170133,-70.069496,-11.930186
15568,3,3,758.29,5,3,3,11,Potential Loyalists,0,High-Spend Watchlist,0.493890263174462,-0.7558142256215508,32.169807,-53.06773
15569,104,5,1375.71,2,4,4,10,At Risk,2,High-Value Active,0.6664427285060789,0.48678056200686654,30.456795,-10.562541
15570,8,12,4148.82,5,5,5,15,Champions,2,High-Value Active,2.375169632996219,0.32441415608137186,23.27382,46.87059
15571,12,4,650.4300000000001,5,4,3,12,Loyal Customers,0,High-Spend Watchlist,0.579358880136923,-0.6237369910423765,51.873837,-22.270023
15572,5,7,2533.42,5,5,5,15,Champions,2,High-Value Active,1.7056003694946333,-0.06664444168415753,38.72485,31.837204
15573,32,2,591.1899999999999,4,3,3,10,Potential Loyalists,0,High-Spend Watchlist,-0.030328610320230858,-0.7054008771987388,-7.9858074,-46.617626
15574,178,4,675.64,2,4,3,9,At Risk,0,High-Spend Watchlist,-0.20449989577332375,0.8385834844796951,14.399332,-4.4817777
15576,38,1,921.37,3,1,3,7,Needs Attention,0,High-Spend Watchlist,-0.21326780543180776,-0.700462950263929,-37.893566,-22.027235
15577,152,3,258.88,2,3,2,7,At Risk,0,High-Spend Watchlist,-0.7497375155963496,0.22396170336832397,7.0718684,-10.909512
15578,163,1,127.1,2,1,1,4,Needs Attention,1,Dormant Customers,-1.781208790035049,-0.2017932355554153,-47.547615,19.808184
15579,69,2,327.6,3,3,2,8,Needs Attention,0,High-Spend Watchlist,-0.49670540472566843,-0.5591911712520373,-23.360155,-44.017147
15581,121,13,3675.77,2,5,5,12,At Risk,2,High-Value Active,1.8375500072645439,1.308711055424051,22.038332,4.4220295
15582,25,3,682.9100000000001,4,3,3,10,Potential Loyalists,0,High-Spend Watchlist,0.3365062250794621,-0.5949802648467041,27.64393,-51.931034
15584,24,4,720.86,4,4,3,11,Loyal Customers,0,High-Spend Watchlist,0.5714713617351442,-0.48796945107103984,48.814484,-20.503416
15585,177,1,455.3,2,1,2,5,Needs Attention,1,Dormant Customers,-1.228729707722623,0.30272464176241737,-30.243496,10.048898
15587,51,4,913.6800000000001,3,4,3,10,Loyal Customers,0,High-Spend Watchlist,0.5565340089390122,-0.18076116067795622,41.88775,-15.593423
15589,256,3,478.53000000000003,1,3,2,6,At Risk,1,Dormant Customers,-0.9533916954652996,1.317241029449504,-3.9066284,7.070223
15592,47,1,388.58,3,1,2,6,Needs Attention,0,High-Spend Watchlist,-0.6775200941441265,-0.8810761437629097,-48.750366,-15.9109955
15593,71,1,199.8,3,1,1,5,Needs Attention,0,High-Spend Watchlist,-1.1170733244530264,-0.8706841013817375,-59.135326,-2.094042
15594,16,5,1771.78,4,4,4,12,Champions,2,High-Value Active,1.2152453325274046,-0.20630537294389978,60.976147,5.511237
15596,101,5,1406.59,2,4,4,10,At Risk,2,High-Value Active,0.6917727951017509,0.4672325934480226,30.51622,-10.537134
15597,36,1,324.57,3,1,2,6,Needs Attention,0,High-Spend Watchlist,-0.711973179265576,-1.0312160514758029,-54.326206,-16.461832
15598,54,1,240.68,3,1,1,5,Needs Attention,0,High-Spend Watchlist,-0.9444385999519008,-0.9635251830838938,-59.607132,-7.2472568
15599,27,2,761.74,4,3,3,10,Potential Loyalists,0,High-Spend Watchlist,0.1173925630571578,-0.672966298811003,-3.1674466,-43.839474
15601,12,14,6776.56,5,5,5,15,Champions,2,High-Value Active,2.7259863746887496,0.5707592069732782,14.255016,50.18771
15602,9,9,1297.8700000000001,5,5,4,14,Champions,2,High-Value Active,1.5637010127479178,-0.13327222185278584,45.403584,43.002064
15603,79,1,48.480000000000004,2,1,1,4,Needs Attention,0,High-Spend Watchlist,-1.8395529527055376,-1.2221426350064364,-69.71218,10.146314
15604,53,1,216.39,3,1,1,5,Needs Attention,0,High-Spend Watchlist,-0.9913134092249936,-1.0041296505169408,-60.77796,-6.1602874
15605,37,5,1198.23,3,4,4,11,Loyal Customers,2,High-Value Active,0.9229240512769975,-0.1403422194740608,61.987873,-2.058939
15606,62,9,2920.16,3,5,5,13,Loyal Customers,2,High-Value Active,1.7031757981398175,0.5737828743370106,38.33477,22.89991
15607,337,1,104.76,1,1,1,3,Lost Customers,1,Dormant Customers,-2.7158267462733985,1.261377571439614,-29.467108,45.709953
15608,29,4,1093.68,4,4,4,12,Champions,0,High-Spend Watchlist,0.7505731533694447,-0.3190073008493013,45.62305,-12.098963
15609,185,1,298.48,1,1,2,4,Lost Customers,1,Dormant Customers,-1.4729722176884916,0.24596813777969062,-34.472507,12.642739
15610,52,1,112.46000000000001,3,1,1,5,Needs Attention,0,High-Spend Watchlist,-1.303913454581343,-1.2084808523761748,-68.67835,3.3941624
15611,10,13,1591.45,5,5,4,14,Champions,2,High-Value Active,1.9656031971289065,0.0868114334991462,34.08167,52.33278
15612,37,2,195.15,3,3,1,7,Needs Attention,0,High-Spend Watchlist,-0.593907684372806,-0.9940978047129831,-28.61371,-50.660164
15615,11,23,10399.74,5,5,5,15,Champions,2,High-Value Active,3.369078936416251,0.9004369592444224,10.160925,59.786633
15618,33,4,776.851,4,4,3,11,Loyal Customers,0,High-Spend Watchlist,0.5644367344206797,-0.38683334563471244,46.738235,-19.725687
15619,11,1,336.40000000000003,5,1,2,8,New Customers,0,High-Spend Watchlist,-0.573706750076876,-1.238987783236849,-58.193123,-22.895681
15620,57,3,1553.18,3,3,4,10,Needs Attention,0,High-Spend Watchlist,0.5825613538848059,-0.06834667191829852,29.497236,-33.67296
15621,5,4,1293.03,5,4,4,13,Champions,2,High-Value Active,0.9482537442242494,-0.47844749327235125,49.262825,-7.566581
15622,44,9,3709.56,3,5,5,13,Loyal Customers,2,High-Value Active,1.9069554543465148,0.48841509904949165,35.747875,24.597527
15623,142,1,301.03,2,1,2,5,Needs Attention,0,High-Spend Watchlist,-1.2609839002685281,-0.1273163156301732,-38.387936,6.722401
15624,117,4,588.13,2,4,3,9,At Risk,0,High-Spend Watchlist,0.022747040197708915,0.263759736878954,33.984455,-18.84692
15625,104,4,1534.26,2,4,4,10,At Risk,2,High-Value Active,0.5531654571192447,0.43827019208530116,29.747355,-7.881582
15626,75,2,675.8,2,3,3,8,At Risk,0,High-Spend Watchlist,-0.17298256139162602,-0.289390801486559,-12.380205,-35.560463
15628,5,9,2870.2400000000002,5,5,5,15,Champions,2,High-Value Active,1.970282213977148,0.07039757549366561,35.2339,40.802696
15630,46,2,1186.35,3,3,4,10,Needs Attention,0,High-Spend Watchlist,0.2416009804265641,-0.3737648223450912,-0.7557854,-33.749268
15632,16,8,3285.31,4,5,5,14,Champions,2,High-Value Active,1.8868140508314761,0.1601768133101062,32.869186,35.241383
15634,18,1,243.55,4,1,1,6,New Customers,0,High-Spend Watchlist,-0.7646622588629554,-1.2746264673094085,-64.042175,-17.928028
15636,90,2,724.76,2,3,3,8,At Risk,0,High-Spend Watchlist,-0.21139204335336553,-0.1372746735869525,-7.3255258,-24.907444
15637,53,1,223.36,3,1,1,5,Needs Attention,0,High-Spend Watchlist,-0.9759070535085815,-0.9946358573223031,-60.48357,-6.625177
15639,135,1,425.32,2,1,2,5,Needs Attention,0,High-Spend Watchlist,-1.0588908661065748,-0.0848144015657254,-36.909557,2.8348436
15640,5,15,12416.11,5,5,5,15,Champions,2,High-Value Active,3.114327787544359,0.7204944787422524,9.786235,51.74548
15641,106,4,1887.2,2,4,4,10,At Risk,2,High-Value Active,0.6445137912669017,0.5179993936581508,29.677454,-6.6481133
15643,192,3,664.0,1,3,3,7,At Risk,1,Dormant Customers,-0.48441021629331005,0.8562233254328268,11.327984,-6.0041203
15644,167,4,803.54,2,4,3,9,At Risk,0,High-Spend Watchlist,-0.06681037765293728,0.7945222825455848,16.099707,-5.1246333
15645,19,1,612.01,4,1,3,8,New Customers,0,High-Spend Watchlist,-0.32087975194113333,-0.9894372539313714,-42.19766,-23.208185
15646,158,3,447.64000000000004,2,3,2,7,At Risk,0,High-Spend Watchlist,-0.5121944843275207,0.4406558533138687,9.227109,-9.600889
15648,205,2,639.5,1,3,3,7,At Risk,1,Dormant Customers,-0.8282754705139203,0.8302711765817579,-0.3307571,-1.3221515
15649,337,2,816.0,1,3,3,7,At Risk,1,Dormant Customers,-1.3475066997717722,2.057215871479182,0.78722245,12.433528
15651,37,3,646.3,3,3,3,9,Needs Attention,0,High-Spend Watchlist,0.2516440026467302,-0.5066465200401657,24.415094,-50.101368
15652,92,1,337.74,2,1,2,5,Needs Attention,0,High-Spend Watchlist,-0.963301661671411,-0.5298269863428106,-45.95444,-2.6824136
15653,93,2,877.4399999999999,2,3,3,8,At Risk,0,High-Spend Watchlist,-0.1326863074253606,-0.05361716399331483,-5.1727777,-26.650839
15654,10,2,922.53,5,3,3,11,Potential Loyalists,0,High-Spend Watchlist,0.29294703841247777,-0.7640081548364434,2.5242546,-42.53896
15655,244,1,560.67,1,1,3,5,At Risk,1,Dormant Customers,-1.4511620779214858,0.9508292647744192,-21.419756,18.468212
15656,46,4,748.5,3,4,3,10,Loyal Customers,0,High-Spend Watchlist,0.4834732256932754,-0.2843781103653851,44.018692,-19.416489
15657,23,1,30.0,4,1,1,6,New Customers,0,High-Spend Watchlist,-1.7971282607935266,-1.8522635963146878,-73.03076,10.177069
15658,191,5,1024.1000000000001,1,4,4,9,At Risk,0,High-Spend Watchlist,0.10194397338932511,1.1584751217232634,17.582363,-2.9619927
15659,44,1,306.45,3,1,2,6,Needs Attention,0,High-Spend Watchlist,-0.7785982861773763,-0.9785201370278959,-54.149593,-13.965387
15660,26,9,1600.86,4,5,4,13,Champions,2,High-Value Active,1.5838846160047118,0.07838847959367277,43.967323,44.379616
15661,318,2,309.8,1,3,2,6,At Risk,1,Dormant Customers,-1.727484666254957,1.6004026113138203,-2.3462617,14.454979
15663,107,1,138.14,2,1,1,4,Needs Attention,0,High-Spend Watchlist,-1.470164120140357,-0.6663836479228171,-52.8217,11.839409
15664,51,1,386.43,3,1,2,6,Needs Attention,0,High-Spend Watchlist,-0.6995565009153327,-0.8477795345262779,-48.42667,-14.846619
15665,169,2,2222.21,2,3,5,10,At Risk,0,High-Spend Watchlist,-0.04674580091327336,0.889985791991033,2.5358334,-16.180086
15667,40,1,301.32,3,1,2,6,Needs Attention,0,High-Spend Watchlist,-0.7674777513135255,-1.018543387680264,-54.619488,-14.71052
15668,218,1,76.32000000000001,1,1,1,3,Lost Customers,1,Dormant Customers,-2.2935229520388414,0.12705072926515837,-46.110786,29.581554
15669,41,4,684.34,3,4,3,10,Loyal Customers,0,High-Spend Watchlist,0.4639541315194662,-0.3550012922405483,44.763245,-20.343412
15670,297,1,173.05,1,1,1,3,Lost Customers,1,Dormant Customers,-2.2792832045368923,1.0616268388307806,-29.394514,37.88866
15671,19,7,2657.13,4,5,5,14,Champions,2,High-Value Active,1.6611941209369696,0.07005732152455701,38.205788,30.059534
15673,89,4,2726.23,2,4,5,11,At Risk,2,High-Value Active,0.9061712260414255,0.4800163988727758,32.198822,-4.0728984
15674,74,5,2446.6,2,4,5,11,At Risk,2,High-Value Active,1.092356614928649,0.3976695886517448,42.412994,10.930427
15675,82,3,323.69,2,3,2,7,At Risk,0,High-Spend Watchlist,-0.3026852172634692,-0.3208833426635406,16.173283,-49.93216
15676,19,3,3435.76,4,3,5,12,Potential Loyalists,2,High-Value Active,1.1536503907776832,-0.16174899976560583,26.05403,-18.181189
15677,50,1,657.23,3,1,3,7,Needs Attention,0,High-Spend Watchlist,-0.43597939495028837,-0.6970755358689129,-39.76185,-18.661282
15678,53,1,352.7,3,1,2,6,Needs Attention,0,High-Spend Watchlist,-0.75369007597904,-0.8577000324045712,-50.564373,-12.752416
15679,25,4,781.28,4,4,3,11,Loyal Customers,0,High-Spend Watchlist,0.6058780993643074,-0.45504813050946863,48.582798,-19.135054
15680,10,3,1333.68,5,3,4,12,Potential Loyalists,0,High-Spend Watchlist,0.7354171776969183,-0.5249461015439497,36.552135,-38.623795
15681,26,5,1426.16,4,4,4,12,Champions,2,High-Value Active,1.0610409489706287,-0.18414005910765796,62.245453,1.1562716
15683,118,1,193.75,2,1,1,4,Needs Attention,0,High-Spend Watchlist,-1.3591920013832444,-0.4690907408788344,-48.982937,10.727315
15687,9,9,2993.1,5,5,5,15,Champions,2,High-Value Active,1.9714018875379415,0.1179635578329989,34.78591,40.65988
15689,120,2,254.1,2,3,2,7,At Risk,0,High-Spend Watchlist,-0.8668237013146096,-0.18959846245538622,-11.672191,-13.471837
15690,5,2,239.76,5,3,1,9,Potential Loyalists,0,High-Spend Watchlist,-0.3391914515898405,-1.2121431868906831,-26.934042,-56.566338
15691,253,1,136.8,1,1,1,3,Lost Customers,1,Dormant Customers,-2.180608885279962,0.6067963786030156,-38.698208,32.347218
15692,29,1,191.04,4,1,1,6,New Customers,0,High-Spend Watchlist,-0.9358333215971351,-1.251197455508476,-68.212204,-10.347285
15694,1,14,6479.4,5,5,5,15,Champions,2,High-Value Active,2.7572697071901375,0.4611277728900519,14.838922,49.96908
15695,267,2,409.98,1,3,2,6,At Risk,1,Dormant Customers,-1.344571556303012,1.238694396051415,-4.877686,4.1983805
15696,34,8,2711.11,3,5,5,13,Loyal Customers,2,High-Value Active,1.7060585909545853,0.2597326913814045,38.90688,25.422085
15699,18,1,309.65,4,1,2,7,New Customers,0,High-Spend Watchlist,-0.6478672388117163,-1.2026543678109654,-59.321774,-20.999422
15700,173,2,696.68,2,3,3,8,At Risk,1,Dormant Customers,-0.631852251276981,0.5763041380769465,-2.4520829,-12.071304
15701,3,4,1529.0,5,4,4,13,Champions,2,High-Value Active,1.0396939646898922,-0.4455376796369024,48.244267,-5.1907535
15703,265,1,211.5,1,1,1,3,Lost Customers,1,Dormant Customers,-2.027164827228547,0.8419805911999141,-30.393553,30.613838
15704,141,4,2293.62,2,4,5,11,At Risk,2,High-Value Active,0.5705010998641156,0.8825559601786874,22.525204,-6.8424745
15705,202,1,143.1,1,1,1,3,Lost Customers,1,Dormant Customers,-1.912266512276072,0.1744867243784198,-43.433483,22.820961
15706,64,4,1060.56,3,4,4,11,Loyal Customers,0,High-Spend Watchlist,0.5663955121515786,-0.022337213785281657,39.881153,-14.647815
15707,36,4,916.98,3,4,3,10,Loyal Customers,0,High-Spend Watchlist,0.6307976305548978,-0.31078304427256415,44.26545,-14.547448
15708,41,7,3235.25,3,5,5,13,Loyal Customers,2,High-Value Active,1.6509222616763897,0.32154559588108395,35.802334,21.901949
15709,284,1,133.25,1,1,1,3,Lost Customers,1,Dormant Customers,-2.3431949054023034,0.8698957680412617,-32.471737,38.196102
15712,10,5,1072.3600000000001,5,4,4,13,Champions,2,High-Value Active,0.9993020896309596,-0.40968917697571855,66.968834,-1.9596182
15713,144,2,356.7,2,3,2,7,At Risk,0,High-Spend Watchlist,-0.8178095504690635,0.12186138361052488,-9.251931,-11.214801
15714,12,2,330.03000000000003,5,3,2,10,Potential Loyalists,0,High-Spend Watchlist,-0.21758757672915352,-1.0551747285600126,-20.001719,-57.03304
15716,146,4,1101.1100000000001,2,4,4,10,At Risk,0,High-Spend Watchlist,0.18833222439976421,0.7056486693895018,18.916729,-5.5930686
15717,235,1,150.3,1,1,1,3,Lost Customers,1,Dormant Customers,-2.0479765676074226,0.47758578085796904,-38.306725,29.007492
15719,33,13,5030.07,4,5,5,14,Champions,2,High-Value Active,2.416007286043169,0.6338990948370032,20.665514,46.422417
15720,25,1,598.73,4,1,3,8,New Customers,0,High-Spend Watchlist,-0.36057387847608485,-0.9435837810743323,-42.16867,-22.450579
15721,12,1,471.40000000000003,5,1,2,8,New Customers,0,High-Spend Watchlist,-0.4142409760182473,-1.1290018634386647,-46.892616,-23.965435
15722,36,5,2211.21,3,4,5,12,Loyal Customers,2,High-Value Active,1.2266747904122206,0.035117806644659945,52.9474,9.325639
15723,365,1,190.7,1,1,1,3,Lost Customers,1,Dormant Customers,-2.5608223815377835,1.6850273278147558,-19.477718,53.660477
15724,202,2,218.25,1,3,1,5,At Risk,1,Dormant Customers,-1.3371183405895568,0.48155208642358033,-9.558469,-2.602552
15725,16,1,415.25,4,1,2,7,New Customers,0,High-Spend Watchlist,-0.495349773567601,-1.1321071828530194,-49.799072,-23.289568
15727,17,7,5159.06,4,5,5,14,Champions,2,High-Value Active,1.9946819594039302,0.25212311148938527,27.361715,30.012243
15729,213,1,85.0,1,1,1,3,Lost Customers,1,Dormant Customers,-2.217414981492824,0.11535540761674098,-45.47851,29.463478
15730,66,3,1120.88,3,3,4,10,Needs Attention,0,High-Spend Watchlist,0.3799404070961083,-0.08773589401355734,23.70463,-33.44148
15732,213,2,294.12,1,3,2,6,At Risk,1,Dormant Customers,-1.245217673319698,0.6670926738616572,-7.4830246,-1.6827121
15733,283,1,162.3,1,1,1,3,Lost Customers,1,Dormant Customers,-2.2427344445957265,0.9200830887610991,-31.008398,36.24082
15734,115,2,1339.45,2,3,4,9,At Risk,0,High-Spend Watchlist,-0.03271762286446423,0.2658041727934504,-0.9960337,-25.289787
15737,15,8,1188.1200000000001,4,5,4,13,Champions,2,High-Value Active,1.3953901389884442,-0.15437026082030436,53.023033,37.926693
15738,19,16,4812.42,4,5,5,14,Champions,2,High-Value Active,2.6393865445827744,0.5848089180706071,18.559095,53.505615
15739,67,1,449.12,3,1,2,6,Needs Attention,0,High-Spend Watchlist,-0.7036793687398708,-0.6628161092547171,-43.519745,-10.510947
15740,50,1,154.88,3,1,1,5,Needs Attention,0,High-Spend Watchlist,-1.139183273216213,-1.1304078771968453,-65.88559,-1.5249739
15743,17,4,775.96,4,4,3,11,Loyal Customers,0,High-Spend Watchlist,0.641216462253615,-0.5270237424374675,50.449566,-18.900349
15744,78,1,34.8,2,1,1,4,Needs Attention,0,High-Spend Watchlist,-1.9927035370578403,-1.3282369722551606,-70.96922,10.512568
15745,20,4,1094.59,4,4,4,12,Champions,0,High-Spend Watchlist,0.79448212455998,-0.39742048586295936,47.637943,-11.854438
15746,135,1,196.88,2,1,1,4,Needs Attention,0,High-Spend Watchlist,-1.4335813915844584,-0.3157083537991974,-47.626755,12.123717
15747,13,3,946.64,5,3,4,12,Potential Loyalists,0,High-Spend Watchlist,0.5537289057038433,-0.6017500862732075,34.522194,-47.202477
15748,41,1,144.36,3,1,1,5,Needs Attention,0,High-Spend Watchlist,-1.1297903983601818,-1.2300907697596348,-70.00892,-4.4533734
15749,236,3,44534.3,1,3,5,9,At Risk,2,High-Value Active,1.3553268587440277,2.5055528120562203,9.620939,6.052595
15750,3,8,2463.05,5,5,5,15,Champions,2,High-Value Active,1.8090770997307388,-0.0400737327540542,36.511204,37.622284
15752,40,7,2626.6,3,5,5,13,Loyal Customers,2,High-Value Active,1.5540469529655998,0.25012953289436507,39.74114,26.943718
15753,305,1,79.2,1,2,1,4,Lost Customers,1,Dormant Customers,-2.6962019901257106,0.8984627664028985,-34.200607,43.34468
15754,52,3,458.57,3,3,2,8,Needs Attention,0,High-Spend Watchlist,0.011928632622240516,-0.4785802651481458,19.82505,-51.636005
15755,11,6,2364.25,5,5,5,15,Champions,2,High-Value Active,1.5209377822522998,-0.09452864777262661,49.492683,23.673964
15756,62,4,528.01,3,4,3,10,Loyal Customers,0,High-Spend Watchlist,0.23605348160907802,-0.24934048653757213,39.819862,-20.933943
15757,66,2,714.42,3,3,3,9,Needs Attention,0,High-Spend Watchlist,-0.10238833642374484,-0.3513598458239986,-10.617337,-36.046093
15758,25,1,205.25,4,2,1,7,Potential Loyalists,0,High-Spend Watchlist,-0.8816498023350772,-1.2646841860553812,-67.856544,-12.795911
15759,219,3,253.04,1,4,2,7,At Risk,1,Dormant Customers,-1.0846909920841168,0.8027279226200706,5.53788,-8.583911
15762,66,2,583.75,3,3,3,9,Needs Attention,0,High-Spend Watchlist,-0.20084657781505966,-0.41203235003478295,-13.168634,-37.564903
15763,32,2,1086.92,4,3,4,11,Potential Loyalists,0,High-Spend Watchlist,0.26657861686457573,-0.5224389967403342,0.9873971,-38.283096
15764,89,6,3279.97,2,5,5,12,At Risk,2,High-Value Active,1.3036676786523957,0.685666126171828,40.235256,13.8645115
15766,65,1,315.06,3,2,2,7,Needs Attention,0,High-Spend Watchlist,-0.866622773142873,-0.7866640371033542,-51.09097,-7.1256847
15768,116,3,621.8299999999999,2,4,3,9,At Risk,0,High-Spend Watchlist,-0.14903101335818242,0.1722484258132709,15.61206,-23.88867
15769,8,26,56252.72,5,5,5,15,Champions,2,High-Value Active,4.3151768010921545,1.4345335108889499,3.9579077,62.7377
15773,6,1,635.6800000000001,5,2,3,10,Potential Loyalists,0,High-Spend Watchlist,-0.23954656895083343,-1.091664686398666,-42.59982,-24.213638
15774,69,1,270.8,3,2,2,7,Needs Attention,0,High-Spend Watchlist,-0.9596067416565814,-0.7970871427198315,-53.3042,-5.316718
15775,246,1,104.9,1,2,1,4,Lost Customers,1,Dormant Customers,-2.2753140330489683,0.466403608703021,-41.360256,32.45061
15776,134,1,241.62,2,2,1,5,Needs Attention,0,High-Spend Watchlist,-1.3292397348160376,-0.2631293401645744,-46.02512,10.049791
15777,242,4,1047.11,1,4,4,9,At Risk,1,Dormant Customers,-0.300228249245286,1.5296093779654258,11.1892185,-1.5761962
15780,184,3,475.28000000000003,1,4,2,7,At Risk,1,Dormant Customers,-0.6086849958383248,0.6858899841812446,9.621514,-7.5724187
15781,26,3,345.46,4,4,2,10,Loyal Customers,0,High-Spend Watchlist,-0.00031688544109664623,-0.7908203380166653,19.266256,-57.018032
15782,10,3,2614.7400000000002,5,4,5,14,Champions,2,High-Value Active,1.0638900094714374,-0.3225326825416703,26.143145,-19.272717
15783,11,1,246.3,5,2,1,8,Potential Loyalists,0,High-Spend Watchlist,-0.7253673535587782,-1.3324449532343774,-64.71589,-18.620275
15785,33,5,2328.9700000000003,4,4,5,13,Champions,2,High-Value Active,1.2664944251430406,0.024498683160330444,53.6119,9.739672
15786,47,3,4919.0,3,4,5,12,Loyal Customers,2,High-Value Active,1.1934546983781729,0.19091151433946263,31.31137,5.327976
15787,27,3,933.26,4,4,4,12,Champions,0,High-Spend Watchlist,0.4791152334913967,-0.4836629155353009,31.139565,-45.576916
15789,359,1,351.3,1,2,2,5,Lost Customers,1,Dormant Customers,-2.2347391151908007,1.815654219075831,-11.448884,50.92593
15790,11,1,218.75,5,2,1,8,Potential Loyalists,0,High-Spend Watchlist,-0.783026784866774,-1.3679761798680312,-68.75369,-15.543911
15791,44,2,1612.69,3,3,4,10,Needs Attention,0,High-Spend Watchlist,0.4010409885711542,-0.29895178815661616,2.6495435,-33.05553
15793,15,3,965.61,4,4,4,12,Champions,0,High-Spend Watchlist,0.553737382695034,-0.5783068572063323,34.33632,-46.79883
15795,150,1,610.01,2,2,3,7,At Risk,0,High-Spend Watchlist,-0.9556900874972102,0.15456561617569667,-33.742847,0.8856463
15796,2,8,2708.61,5,5,5,15,Champions,2,High-Value Active,1.8602868611876298,-0.020235961461995647,35.680313,37.29662
15797,114,4,2207.4,2,4,5,11,At Risk,2,High-Value Active,0.6823143669509482,0.6350451032829746,29.460432,-5.9945865
15799,76,3,884.14,2,4,3,9,At Risk,0,High-Spend Watchlist,0.21589787072008082,-0.07163310333350346,21.28544,-33.15884
15800,108,2,696.89,2,3,3,8,At Risk,0,High-Spend Watchlist,-0.31751467972213887,0.008271872554092756,-6.68866,-20.935823
15801,47,3,1063.95,3,4,4,11,Loyal Customers,0,High-Spend Watchlist,0.44635744985725795,-0.2694690522460899,29.097826,-41.534977
15802,143,1,451.42,2,2,2,6,Needs Attention,0,High-Spend Watchlist,-1.0685526358684247,0.002983788367223528,-36.02476,2.7123961
15803,52,1,415.82000000000005,3,2,2,7,Needs Attention,0,High-Spend Watchlist,-0.6686950206772321,-0.8170428928798282,-47.290497,-15.323511
15804,1,13,4206.39,5,5,5,15,Champions,2,High-Value Active,2.4834044368422417,0.30042286979813326,21.707966,48.695187
15805,24,17,5488.18,4,5,5,14,Champions,2,High-Value Active,2.7315456143772727,0.6935189833635144,16.094522,54.703827
15806,47,3,784.58,3,4,3,10,Loyal Customers,0,High-Spend Watchlist,0.2978241914730471,-0.360999071647315,24.157604,-45.973003
15807,51,3,903.9,3,4,3,10,Loyal Customers,0,High-Spend Watchlist,0.347518710788614,-0.2835000182725016,25.23398,-44.342304
15808,307,4,3651.27,1,4,5,10,At Risk,1,Dormant Customers,-0.0049976036312212365,2.4732732787919263,6.801287,5.172059
15809,37,5,515.77,3,4,3,10,Loyal Customers,0,High-Spend Watchlist,0.5119582304571899,-0.39358994299451894,64.927704,-10.622978
15810,79,4,1391.98,2,4,4,10,At Risk,2,High-Value Active,0.6265306116679565,0.19050462331035026,35.353485,-9.732053
15811,23,6,2218.62,4,5,5,14,Champions,2,High-Value Active,1.4319107964133186,-0.008761337443607544,51.13095,21.957369
15812,108,5,1801.14,2,4,4,10,At Risk,2,High-Value Active,0.7785634740689762,0.6027482638293116,27.779684,-4.7263646
15813,208,2,1303.9099999999999,1,3,4,8,At Risk,1,Dormant Customers,-0.4953699062813119,1.0705731674829013,4.44128,0.9275258
15814,17,4,1945.33,4,4,4,12,Champions,2,High-Value Active,1.0895155983528204,-0.2507702684944591,42.600044,-2.37899
15815,64,5,2100.6,3,4,5,12,Loyal Customers,2,High-Value Active,1.06629101380919,0.26441726727007164,45.184353,10.500945
15819,50,4,1905.45,3,4,4,11,Loyal Customers,2,High-Value Active,0.9198968430103185,0.031433373694354186,38.38138,-5.772777
15820,320,1,206.98,1,2,1,4,Lost Customers,1,Dormant Customers,-2.3035143037534747,1.3162320726590662,-22.587318,41.13427
15821,45,2,570.96,3,3,3,9,Needs Attention,0,High-Spend Watchlist,-0.11013504045211059,-0.6022326202974267,-10.504156,-44.48357
15822,4,2,885.47,5,3,3,11,Potential Loyalists,0,High-Spend Watchlist,0.3019554592251092,-0.8287709498928183,3.0793607,-43.101223
15823,373,1,15.0,1,2,1,4,Lost Customers,1,Dormant Customers,-3.811803872741394,1.0078923342798511,-30.492193,51.56422
15825,173,1,532.94,2,2,3,7,At Risk,1,Dormant Customers,-1.132686127488231,0.3150331589237621,-29.556845,9.515911
15826,57,3,1654.31,3,4,4,11,Loyal Customers,0,High-Spend Watchlist,0.6133361675068348,-0.04938243913612167,29.569622,-33.384426
15827,74,14,1836.0900000000001,2,5,4,11,At Risk,2,High-Value Active,1.7890132892449617,0.7199504244057633,35.911774,49.961597
15829,100,2,636.14,2,3,3,8,At Risk,0,High-Spend Watchlist,-0.3233043939976469,-0.08904791980717429,-7.7062716,-22.166822
15830,38,1,576.0,3,2,3,8,Needs Attention,0,High-Spend Watchlist,-0.44227385935031827,-0.8415823789102707,-42.627323,-20.234138
15831,59,3,794.64,3,4,3,10,Loyal Customers,0,High-Spend Watchlist,0.24603158796440205,-0.2522869759270492,22.657335,-45.036274
15832,255,1,836.79,1,2,3,6,At Risk,1,Dormant Customers,-1.309133617433235,1.1672598894723785,-16.800953,18.873396
15834,71,4,2225.15,3,4,5,12,Loyal Customers,2,High-Value Active,0.894071606468249,0.2616182537179064,33.983402,-4.077952
15835,45,4,954.09,3,4,4,11,Loyal Customers,0,High-Spend Watchlist,0.6066407661406533,-0.22019810233311057,42.66529,-15.00956
15836,51,1,137.37,3,2,1,6,Needs Attention,0,High-Spend Watchlist,-1.2021858618916432,-1.1575126923540302,-67.39728,1.1638465
15837,65,1,391.98,3,2,2,7,Needs Attention,0,High-Spend Watchlist,-0.7602847268879924,-0.7211357941853881,-46.332813,-10.822537
15838,12,19,33643.08,5,5,5,15,Champions,2,High-Value Active,3.770855893546207,1.181035273204071,4.914286,59.804234
15839,34,3,1048.49,3,4,4,11,Loyal Customers,0,High-Spend Watchlist,0.5020567097665524,-0.3874927683367118,30.865196,-42.82405
15840,59,2,355.56,3,3,2,8,Needs Attention,0,High-Spend Watchlist,-0.40850316946547804,-0.6220287088032017,-20.527058,-43.530857
15841,73,4,1224.06,2,4,4,10,At Risk,0,High-Spend Watchlist,0.5928237477111888,0.09941956961504717,36.098454,-10.505148
15843,304,1,118.95000000000002,1,2,1,4,Lost Customers,1,Dormant Customers,-2.4948517591032604,1.0108209620210518,-30.598408,42.31088
15844,47,1,130.73999999999998,3,2,1,6,Needs Attention,0,High-Spend Watchlist,-1.2068210375893935,-1.2072450176545362,-68.21357,1.576863
15845,18,8,3711.77,4,5,5,14,Champions,2,High-Value Active,1.936710572634971,0.21436234049413339,31.673496,34.70459
15847,39,2,389.27,3,3,2,8,Needs Attention,0,High-Spend Watchlist,-0.26772899339946316,-0.7696600890331241,-17.873983,-50.048233
15850,20,2,234.88,4,3,1,8,Potential Loyalists,0,High-Spend Watchlist,-0.42169358365839255,-1.0871980856259909,-27.043358,-54.47967
15852,187,2,160.71,1,3,1,5,At Risk,1,Dormant Customers,-1.4132179200755477,0.2588725255935819,-11.688688,-3.0530665
15853,52,1,110.8,3,2,1,6,Needs Attention,0,High-Spend Watchlist,-1.3111085992099383,-1.2129146858126327,-68.758125,3.5428581
15854,5,12,2969.12,5,5,5,15,Champions,2,High-Value Active,2.2263936586673116,0.1975775608738359,30.03008,49.975937
15855,137,5,712.24,2,4,3,9,At Risk,0,High-Spend Watchlist,0.18588854682705128,0.577377786113252,32.33779,-17.909468
15856,5,27,16143.64,5,5,5,15,Champions,2,High-Value Active,3.7535036049848403,1.0490115028109235,7.801888,62.03262
15857,19,1,297.0,4,2,2,8,Potential Loyalists,0,High-Spend Watchlist,-0.6729961302541454,-1.2064204352678491,-60.019543,-20.469515
15858,16,5,1427.57,4,4,4,12,Champions,2,High-Value Active,1.109860042085407,-0.2712465031910307,63.46132,2.54269
15860,41,8,965.16,3,5,4,12,Loyal Customers,2,High-Value Active,1.168349034171968,0.010415232024195942,56.34165,36.40275
15861,13,8,3146.92,5,5,5,15,Champions,2,High-Value Active,1.8803120884200657,0.12101312861944455,33.419525,35.62559
15862,9,4,832.88,5,4,3,12,Loyal Customers,0,High-Spend Watchlist,0.7144005342247339,-0.5756778536847843,51.74357,-16.808043
15863,26,2,68.84,4,3,1,8,Potential Loyalists,0,High-Spend Watchlist,-1.0448644530453457,-1.4008980095931367,-33.797764,-50.823402
15864,23,6,1936.3200000000002,4,5,4,13,Champions,2,High-Value Active,1.3655038133366288,-0.04968303077685201,52.548325,22.159615
15865,41,3,895.13,3,4,3,10,Loyal Customers,0,High-Spend Watchlist,0.39110139986341064,-0.3738332693928034,28.228924,-45.249733
15866,102,1,211.89,2,2,1,5,Needs Attention,0,High-Spend Watchlist,-1.2383762145003367,-0.5821449839134454,-49.59743,8.886306
15867,6,15,3810.14,5,5,5,15,Champions,2,High-Value Active,2.532884822347058,0.37391335075364057,20.969368,54.187447
15869,278,2,149.64,1,3,1,5,At Risk,1,Dormant Customers,-1.8877023349668454,1.0329122507965318,-25.237791,36.218536
15870,33,1,351.44,4,2,2,8,Potential Loyalists,0,High-Spend Watchlist,-0.6587581880136646,-1.0335806112644357,-53.768745,-18.633379
15872,15,2,316.25,4,3,2,9,Potential Loyalists,0,High-Spend Watchlist,-0.25284544906491996,-1.0417445295962577,-20.834602,-56.427704
15874,64,7,4405.88,3,5,5,13,Loyal Customers,2,High-Value Active,1.6904727088117215,0.615454661312726,36.06922,18.70724
15877,2,2,490.33,5,3,3,11,Potential Loyalists,0,High-Spend Watchlist,0.02353411307550735,-1.0237793596662454,-7.335572,-55.62322
15880,370,1,329.03000000000003,1,2,2,5,Lost Customers,1,Dormant Customers,-2.3197875933820615,1.8921541856235216,-11.730499,52.093784
15881,313,5,501.39000000000004,1,4,3,8,At Risk,1,Dormant Customers,-0.8359205683771301,2.010257160606764,-2.4893816,9.22053
15882,199,4,516.36,1,4,3,8,At Risk,1,Dormant Customers,-0.43703466055320683,0.9413886292450031,13.379143,-3.7748609
15883,3,2,396.48,5,3,2,10,Potential Loyalists,0,High-Spend Watchlist,-0.08477922531399604,-1.0788058258094027,-15.334927,-58.0407
15885,93,3,379.35,2,4,2,8,At Risk,0,High-Spend Watchlist,-0.27861602796638535,-0.1771422590026047,16.009047,-49.28524
15886,61,1,181.09,3,2,1,6,Needs Attention,0,High-Spend Watchlist,-1.116484110122396,-0.9875110389684093,-62.19375,-2.0635457
15888,81,1,168.31,2,2,1,5,Needs Attention,0,High-Spend Watchlist,-1.248682687561689,-0.8345951539937608,-61.282406,1.0864828
15889,157,2,420.07,2,3,2,7,At Risk,0,High-Spend Watchlist,-0.8010237789837985,0.284552242952531,-7.5735135,-10.687907
15891,227,1,511.68,1,2,3,6,At Risk,1,Dormant Customers,-1.4135414855277613,0.7747889974779905,-25.532932,15.398287
15894,254,2,258.25,1,3,2,6,At Risk,1,Dormant Customers,-1.5066619907273973,0.9864630609763329,-6.992001,3.1506917
15895,150,1,179.17,2,2,1,5,Needs Attention,1,Dormant Customers,-1.5518584083215428,-0.21280865787609715,-46.801758,14.602701
15897,195,2,208.59,1,3,1,5,At Risk,1,Dormant Customers,-1.3252793994657088,0.40681452822185316,-9.997839,-3.000474
15898,2,5,1383.83,5,4,4,13,Champions,2,High-Value Active,1.1623512397840896,-0.402966112505153,65.61775,2.741624
15899,369,1,56.25,1,2,1,4,Lost Customers,1,Dormant Customers,-3.1701215248509915,1.3564375134043332,-28.78889,52.19288
15900,24,1,337.28,4,2,2,8,Potential Loyalists,0,High-Spend Watchlist,-0.635273283716233,-1.1245796323347035,-56.09081,-20.293594
15901,17,3,351.73,4,4,2,10,Loyal Customers,0,High-Spend Watchlist,0.051942151120971065,-0.8640879976862226,19.848783,-57.745182
15903,10,7,5126.76,5,5,5,15,Champions,2,High-Value Active,2.0254524681842825,0.189051672874244,27.466694,29.985489
15904,9,1,164.68,5,2,1,8,Potential Loyalists,0,High-Spend Watchlist,-0.9112364531000728,-1.470420284895611,-73.42547,-11.607546
15906,20,7,1567.69,4,5,4,13,Champions,2,High-Value Active,1.3989044535300388,-0.0798533243343577,48.80564,33.620407
15907,4,3,882.72,5,4,3,12,Loyal Customers,0,High-Spend Watchlist,0.5631406454272413,-0.7014213538188468,35.074337,-48.626
15909,174,1,191.94,2,2,1,5,Needs Attention,1,Dormant Customers,-1.6344376533649274,0.017559948356975996,-43.568363,17.073957
15910,1,8,1228.88,5,5,4,14,Champions,2,High-Value Active,1.4795150468228955,-0.26659636319896307,52.398247,38.177574
15912,179,2,264.62,2,3,2,7,At Risk,1,Dormant Customers,-1.1322843596957781,0.3382389998467291,-9.071235,-5.262611
15916,17,8,1502.8600000000001,4,5,4,13,Champions,2,High-Value Active,1.5003573295693367,-0.0662487691494881,45.86043,40.172127
15917,248,1,123.1,1,2,1,4,Lost Customers,1,Dormant Customers,-2.2075601943175953,0.5315932745065257,-39.976505,32.09627
15918,191,2,334.23,1,3,2,6,At Risk,1,Dormant Customers,-1.076665428212502,0.5131408498932287,-7.68471,-4.939924
15919,20,2,525.69,4,3,3,10,Potential Loyalists,0,High-Spend Watchlist,-0.029546084901946428,-0.845546696840899,-9.273397,-52.96392
15920,155,4,167.5,2,4,1,7,At Risk,0,High-Spend Watchlist,-0.7719907200487321,0.21934396115608507,6.6813293,-12.1244545
15921,173,1,323.03000000000003,2,2,2,6,Needs Attention,1,Dormant Customers,-1.3765050412007227,0.16478566455611487,-34.90956,10.569985
15922,374,1,369.5,1,2,2,5,Lost Customers,1,Dormant Customers,-2.282654979953607,1.9619122690494393,-10.384503,52.009216
15923,373,1,127.08,1,2,1,4,Lost Customers,1,Dormant Customers,-2.7963625099043807,1.6336334555098304,-24.463808,53.643642
15925,195,1,207.15,1,2,1,4,Lost Customers,1,Dormant Customers,-1.6989026421524855,0.2239340178512139,-40.407253,18.151154
15930,68,1,426.63,3,2,2,7,Needs Attention,0,High-Spend Watchlist,-0.7335350319942414,-0.6694949352436534,-44.299644,-10.17375
15932,5,8,2495.87,5,5,5,15,Champions,2,High-Value Active,1.8058690677619813,-0.018612599351886878,36.485416,37.453655
15933,22,3,1107.46,4,4,4,12,Champions,0,High-Spend Watchlist,0.5867484939826367,-0.47593154156211176,33.90456,-42.76543
15935,240,2,416.86,1,3,2,6,At Risk,1,Dormant Customers,-1.2059569219503206,1.0076992319541322,-4.317339,2.5094173
15937,65,1,145.35,3,2,1,6,Needs Attention,0,High-Spend Watchlist,-1.2424857075010152,-1.0182804578851068,-64.19289,1.475438
15938,113,5,404.58,2,4,2,8,At Risk,0,High-Spend Watchlist,0.026321349903753472,0.19779230567805672,35.46719,-21.37894
15939,90,15,6115.01,2,5,5,12,At Risk,2,High-Value Active,2.35775273116114,1.2503886692232544,15.344508,44.400364
15940,312,1,35.8,1,2,1,4,Lost Customers,1,Dormant Customers,-3.110340625875552,0.7252928912473406,-37.682877,44.54977
15942,134,1,337.44,2,2,2,6,Needs Attention,0,High-Spend Watchlist,-1.1667496993688362,-0.1629987952699296,-38.77862,4.8604116
15944,277,1,325.1,1,2,2,5,Lost Customers,1,Dormant Customers,-1.8761013834851106,1.0756978079457384,-22.658203,27.113752
15945,366,1,181.0,1,2,1,4,Lost Customers,1,Dormant Customers,-2.5910046768692876,1.6781472227272376,-20.05977,53.843002
15947,83,1,1708.24,2,2,4,8,At Risk,0,High-Spend Watchlist,-0.12964844755102634,-0.12157942841097555,-28.21557,-13.658966
15948,9,2,955.24,5,3,4,12,Potential Loyalists,0,High-Spend Watchlist,0.31477206894648746,-0.76227801156473,2.8428843,-42.123444
15949,17,2,364.72,4,3,2,9,Potential Loyalists,0,High-Spend Watchlist,-0.193104814185559,-0.9814928063924058,-17.753626,-55.801342
15950,32,4,1744.71,4,4,4,12,Champions,2,High-Value Active,0.963904076788461,-0.15239028335156915,41.646465,-4.9563665
15951,9,2,708.22,5,3,3,11,Potential Loyalists,0,High-Spend Watchlist,0.16888359810407036,-0.8521782447642257,-1.3436298,-50.128727
15952,34,4,781.91,3,4,3,10,Loyal Customers,0,High-Spend Watchlist,0.5627677678165894,-0.37614280317834664,46.568783,-19.69215
15953,16,8,1657.28,4,5,4,13,Champions,2,High-Value Active,1.5529083140383189,-0.04558450169317961,44.935818,39.916893
15955,25,14,4416.26,4,5,5,14,Champions,2,High-Value Active,2.454160693521949,0.5556002557878167,20.554462,50.563286
15957,32,1,428.89,4,2,2,8,Potential Loyalists,0,High-Spend Watchlist,-0.5569485511445273,-0.9825618935058126,-49.034073,-20.786379
15958,75,1,104.35,2,2,1,5,Needs Attention,0,High-Spend Watchlist,-1.4512929238963468,-1.0297628159806762,-66.30978,6.5478625
15963,20,2,470.76,4,3,2,9,Potential Loyalists,0,High-Spend Watchlist,-0.08331480123343939,-0.8786803646977652,-11.150349,-53.7389
15965,18,4,808.87,4,4,3,11,Loyal Customers,0,High-Spend Watchlist,0.6566347364704948,-0.5058036020925858,50.15533,-18.130709
15967,24,2,397.68,4,3,2,9,Potential Loyalists,0,High-Spend Watchlist,-0.18481537794026864,-0.8943516236344409,-16.524323,-53.308514
15969,3,3,666.1,5,4,3,12,Loyal Customers,0,High-Spend Watchlist,0.4306987136805175,-0.794754485965217,30.7802,-54.648815
15970,304,1,314.1,1,2,2,5,Lost Customers,1,Dormant Customers,-2.023362682844333,1.3013646743646894,-17.230349,29.775738
15971,18,12,4199.85,4,5,5,14,Champions,2,High-Value Active,2.332799077320373,0.4154943550215066,23.73379,46.466595
15973,367,1,307.82000000000005,1,2,2,5,Lost Customers,1,Dormant Customers,-2.3377136580610394,1.8459506748793086,-12.617317,52.38497
15974,40,7,3442.15,3,5,5,13,Loyal Customers,2,High-Value Active,1.686009048259174,0.3314479747964725,35.482693,21.976603
15975,85,1,371.01,2,2,2,6,Needs Attention,0,High-Spend Watchlist,-0.883729438251974,-0.5628255514727817,-45.567646,-4.587447
15976,166,2,427.64,2,3,2,7,At Risk,1,Dormant Customers,-0.8358286016212315,0.36857563878874855,-6.9742126,-10.118515
15977,18,2,1054.73,4,3,4,11,Potential Loyalists,0,High-Spend Watchlist,0.31958797091357005,-0.6538393047658911,2.3224924,-40.211483
15978,78,1,1098.78,2,2,4,8,At Risk,0,High-Spend Watchlist,-0.3207362241786831,-0.29792765129360527,-31.259823,-13.279281
15980,89,3,2398.86,2,4,5,11,At Risk,2,High-Value Active,0.6399775637588418,0.34204276062855493,23.071165,-13.69166
15981,25,8,3408.48,4,5,5,14,Champions,2,High-Value Active,1.8612729395178294,0.24990874665783655,32.715874,34.64533
15983,23,4,1465.12,4,4,4,12,Champions,2,High-Value Active,0.9221999914483987,-0.28356043882751947,44.93333,-6.6223435
15984,3,10,2780.63,5,5,5,15,Champions,2,High-Value Active,2.0515051965685402,0.08587963908985602,36.145916,43.544533
15985,124,2,1142.42,2,3,4,9,At Risk,0,High-Spend Watchlist,-0.15383217033541285,0.29664129321590604,-1.72772,-24.41068
15986,31,1,168.12,4,2,1,7,Potential Loyalists,0,High-Spend Watchlist,-1.007545710732293,-1.2719504713730672,-69.8127,-8.1729555
15987,13,7,1432.77,5,5,4,14,Champions,2,High-Value Active,1.388836850393373,-0.16809025932880292,51.326847,35.07339
15988,20,1,156.78,4,2,1,7,Potential Loyalists,0,High-Spend Watchlist,-0.988257846795776,-1.3889738221382082,-72.63195,-8.844101
15990,45,2,792.11,3,3,3,9,Needs Attention,0,High-Spend Watchlist,0.04944666655877542,-0.503894262291408,-5.1911964,-40.48322
15992,4,1,41.989999999999995,5,2,1,8,Potential Loyalists,0,High-Spend Watchlist,-1.5456635133606726,-1.9199655928868382,-73.614006,9.364648
15993,9,7,2777.67,5,5,5,15,Champions,2,High-Value Active,1.7311815813861036,-0.004004629400293287,37.27354,31.213238
15994,55,1,414.27,3,2,2,7,Needs Attention,0,High-Spend Watchlist,-0.6850148633090815,-0.791942592249437,-47.0744,-14.532676
15996,89,6,1032.58,2,5,4,11,At Risk,2,High-Value Active,0.7397687961181915,0.33817711111786714,30.241714,-12.590959
15998,37,5,3080.22,3,4,5,12,Loyal Customers,2,High-Value Active,1.3835906637822606,0.14353241196394123,54.5939,12.101675
16000,3,3,12393.7,5,4,5,14,Champions,2,High-Value Active,1.8571941953485396,0.08428877029390376,30.266327,6.752603
16003,30,5,2735.37,4,4,5,13,Champions,2,High-Value Active,1.3594831469414927,0.046643720536577275,54.862885,11.367298
16005,13,4,578.71,5,4,3,12,Loyal Customers,0,High-Spend Watchlist,0.5175832061484894,-0.6500857497693309,52.378517,-23.792673
16006,212,1,101.4,1,2,1,4,Lost Customers,1,Dormant Customers,-2.1273750821703095,0.15912130996076482,-44.326183,29.281702
16007,48,4,1693.81,3,4,4,11,Loyal Customers,2,High-Value Active,0.8721193236263227,-0.02144636962228966,38.70575,-6.691004
16008,24,3,478.78,4,4,2,10,Loyal Customers,0,High-Spend Watchlist,0.16828169416084676,-0.710363556210329,22.754223,-55.503307
16009,23,4,972.11,4,4,4,12,Champions,0,High-Spend Watchlist,0.7221070108461173,-0.40686288701862855,47.53031,-13.428235
16010,246,3,392.4,1,4,2,7,At Risk,1,Dormant Customers,-1.0017038128902793,1.1702798317447458,-4.348117,6.9539175
16011,9,16,3352.96,5,5,5,15,Champions,2,High-Value Active,2.5113616196107964,0.388726635292565,21.351805,55.2265
16012,36,3,1415.29,3,4,4,11,Loyal Customers,0,High-Spend Watchlist,0.6387138606985516,-0.2798431068989741,32.18925,-36.815086
16013,4,47,37130.6,5,5,5,15,Champions,2,High-Value Active,4.657124780688731,1.53117576702233,4.938564,65.01839
16014,38,3,646.83,3,4,3,10,Loyal Customers,0,High-Spend Watchlist,0.2472098494152408,-0.49765995680304775,24.280067,-49.985657
16015,4,3,704.55,5,4,3,12,Loyal Customers,0,High-Spend Watchlist,0.4532213401441599,-0.7691564607879883,31.403303,-54.02767
16016,4,8,1465.51,5,5,4,14,Champions,2,High-Value Active,1.5509179415506689,-0.1874390524430309,45.857468,40.824127
16017,48,1,211.88,3,2,1,6,Needs Attention,0,High-Spend Watchlist,-0.9773792185297906,-1.054138056641511,-61.813213,-7.0898933
16018,40,2,408.90000000000003,3,3,2,8,Needs Attention,0,High-Spend Watchlist,-0.24860567331106567,-0.7461568039959928,-17.314375,-49.78859
16019,47,9,3786.2400000000002,3,5,5,13,Loyal Customers,2,High-Value Active,1.9024398756924878,0.5207894911706418,35.778587,24.600843
16020,17,3,851.01,4,4,3,11,Loyal Customers,0,High-Spend Watchlist,0.4824635333142099,-0.5987896335793846,32.216522,-49.203236
16022,261,1,602.63,1,2,3,6,At Risk,1,Dormant Customers,-1.4981633314989555,1.1210889270434976,-19.291626,19.421598
16023,47,3,719.81,3,4,3,10,Loyal Customers,0,High-Spend Watchlist,0.2558181287573333,-0.38688428939021935,23.625917,-46.881805
16024,13,1,251.03,5,2,2,9,Potential Loyalists,0,High-Spend Watchlist,-0.7257857721154338,-1.3092647881990984,-64.227646,-18.74586
16025,30,1,439.65999999999997,4,2,2,8,Potential Loyalists,0,High-Spend Watchlist,-0.5352015673872818,-0.9925988473313803,-48.82403,-21.258131
16026,44,1,236.09,3,2,1,6,Needs Attention,0,High-Spend Watchlist,-0.9054622417169093,-1.0566969739071705,-61.115616,-8.959365
16027,92,6,934.62,2,5,4,11,At Risk,2,High-Value Active,0.6766577319376383,0.3344434558871302,30.231915,-12.756456
16029,39,63,80850.84,3,5,5,13,Loyal Customers,2,High-Value Active,5.130522387750474,2.1994612157342157,3.789737,65.77479
16030,310,1,331.24,1,2,2,5,Lost Customers,1,Dormant Customers,-2.02650733635049,1.3697408738610153,-16.370401,29.682892
16031,93,2,547.9,2,3,3,8,At Risk,0,High-Spend Watchlist,-0.36224261216801984,-0.19507567136961745,-9.0593405,-22.143185
16033,6,20,8778.82,5,5,5,15,Champions,2,High-Value Active,3.1886033743687907,0.7462238766248442,11.558149,57.577618
16034,197,3,437.7,1,4,2,7,At Risk,1,Dormant Customers,-0.711646479245892,0.7747895008784074,9.002007,-7.3909273
16036,88,2,758.92,2,3,3,8,At Risk,0,High-Spend Watchlist,-0.1792715136666294,-0.14091918123235414,-6.986627,-25.747252
16037,270,3,855.02,1,4,3,8,At Risk,1,Dormant Customers,-0.7381709384713185,1.61393164036635,-0.16585171,8.004157
16038,8,3,471.78000000000003,5,4,2,11,Loyal Customers,0,High-Spend Watchlist,0.23844594399580502,-0.8546305809420088,22.966953,-57.756504
16040,66,3,1313.55,3,4,4,11,Loyal Customers,0,High-Spend Watchlist,0.4573109350829373,-0.040058181932407205,24.873016,-32.82089
16041,31,3,3166.4,4,4,5,13,Champions,2,High-Value Active,1.0558018488562124,-0.0814177595003742,25.239126,-18.006905
16042,23,5,1177.47,4,4,4,12,Champions,2,High-Value Active,0.9820709903670247,-0.267960389519252,64.49743,-1.3202996
16043,38,4,773.99,3,4,3,10,Loyal Customers,0,High-Spend Watchlist,0.538469355769894,-0.3442400998521046,45.89926,-19.740461
16045,120,4,1340.7,2,4,4,10,At Risk,0,High-Spend Watchlist,0.4100383204653006,0.5375756067455421,28.70074,-8.203749
16048,374,2,256.44,1,3,2,6,At Risk,1,Dormant Customers,-2.0901265248105565,2.0331975071042856,-1.9114972,16.94772
16049,41,3,1074.81,3,4,4,11,Loyal Customers,0,High-Spend Watchlist,0.48031271989845303,-0.3188589562831118,29.859934,-41.825245
16050,174,1,137.9,2,2,1,5,Needs Attention,1,Dormant Customers,-1.7948649534692191,-0.08129948589208039,-46.24443,19.82155
16052,55,1,362.06,3,2,2,7,Needs Attention,0,High-Spend Watchlist,-0.7506067687518226,-0.8323620137517098,-49.61367,-12.670017
16053,33,2,1511.95,4,3,4,11,Potential Loyalists,0,High-Spend Watchlist,0.4227427773202907,-0.41448761627978675,2.9785745,-34.731754
16054,146,1,783.9,2,2,3,7,At Risk,0,High-Spend Watchlist,-0.8140946698385156,0.1949443487794506,-32.824425,-0.56072676
16055,221,1,134.8,1,2,1,4,Lost Customers,1,Dormant Customers,-2.033067633230538,0.32270701292572657,-40.809605,27.744482
16056,46,1,650.75,3,2,3,8,Needs Attention,0,High-Spend Watchlist,-0.4214743009202886,-0.735013133991254,-40.177795,-19.362413
16057,17,7,2263.12,4,5,5,14,Champions,2,High-Value Active,1.5925399532524431,0.0043128498314756155,40.936314,30.845367
16059,66,6,1453.16,3,5,4,12,Loyal Customers,2,High-Value Active,1.017607668034822,0.2398515186847266,46.25956,13.870138
16062,10,4,1153.62,5,4,4,13,Champions,2,High-Value Active,0.8684378455827337,-0.4690370924168341,49.365967,-10.104945
16063,261,1,335.32,1,2,2,5,Lost Customers,1,Dormant Customers,-1.7836974772055538,0.9451354323141627,-24.614874,24.714504
16065,366,1,367.14,1,2,2,5,Lost Customers,1,Dormant Customers,-2.2471048849604878,1.8900671318971272,-10.736569,51.329
16066,17,5,1521.04,4,4,4,12,Champions,2,High-Value Active,1.1359658493879143,-0.24344042969339777,62.795135,3.1955044
16070,23,2,852.15,4,3,3,10,Potential Loyalists,0,High-Spend Watchlist,0.19141210998577174,-0.6742295582180865,-1.1973344,-42.7506
16071,45,1,326.24,3,2,2,7,Needs Attention,0,High-Spend Watchlist,-0.7529788119900427,-0.9510137545217051,-53.391624,-14.110986
16072,289,1,584.3199999999999,1,2,3,6,At Risk,1,Dormant Customers,-1.648544189691868,1.3565524436258496,-15.628368,22.62044
16073,298,1,122.39999999999999,1,2,1,4,Lost Customers,1,Dormant Customers,-2.4520067271818027,0.9669091582170968,-31.029047,41.41697
16076,4,10,2234.73,5,5,5,15,Champions,2,High-Value Active,1.940019726051703,0.028898423429206378,38.586597,44.21645
16078,284,1,79.2,1,2,1,4,Lost Customers,1,Dormant Customers,-2.594694240551024,0.7149154001696266,-35.657516,42.20485
16079,17,3,1352.0,4,4,4,12,Champions,0,High-Spend Watchlist,0.7082364792948906,-0.45966252931544044,35.573013,-38.25665
16080,82,2,217.16,2,3,1,6,At Risk,0,High-Spend Watchlist,-0.759507081049974,-0.568789298233577,-27.605125,-44.68429
16081,57,5,2799.42,3,4,5,12,Loyal Customers,2,High-Value Active,1.2402682320601734,0.2895934914263668,40.164078,10.689954
16083,101,2,1317.62,2,3,4,9,At Risk,0,High-Spend Watchlist,0.026938511552737198,0.13849978202356952,-1.257845,-26.25633
16084,300,1,436.18,1,2,2,5,Lost Customers,1,Dormant Customers,-1.8441717648358555,1.364910722584137,-15.709681,26.352846
16085,24,5,981.51,4,4,4,12,Champions,2,High-Value Active,0.8884564961588822,-0.3139290492981572,65.18725,-4.1934443
16086,60,5,1121.39,3,4,4,11,Loyal Customers,2,High-Value Active,0.7794221104267542,0.04076524983006157,60.345978,-3.066799
16091,155,2,315.06,2,3,2,7,At Risk,0,High-Spend Watchlist,-0.9313983685615893,0.18077405763331114,-9.307045,-9.7356205
16092,115,3,817.86,2,4,3,9,At Risk,0,High-Spend Watchlist,-0.010612683606191529,0.2458263630105034,17.667315,-24.993952
16093,107,1,17.0,2,2,1,5,Needs Attention,1,Dormant Customers,-2.468540029703758,-1.2816085973121167,-71.54612,12.368621
16094,12,4,1078.23,5,4,4,13,Champions,0,High-Spend Watchlist,0.8258070135145826,-0.47186930379953906,49.271343,-11.414116
16096,265,1,320.62,1,2,2,5,Lost Customers,1,Dormant Customers,-1.8248500879590515,0.9666521443048122,-24.580515,25.7272
16097,241,1,185.04999999999998,1,2,1,4,Lost Customers,1,Dormant Customers,-1.9760476989715994,0.59222421827275,-35.708927,28.355267
16098,88,7,2005.63,2,5,4,11,At Risk,2,High-Value Active,1.1904096906487258,0.5885590139434782,41.54713,19.045837
16099,51,3,731.9,3,4,3,10,Loyal Customers,0,High-Spend Watchlist,0.24460350936959388,-0.34691901604468833,23.311853,-46.327637
16101,71,1,1290.7,3,2,4,9,Needs Attention,0,High-Spend Watchlist,-0.20837745244782452,-0.31072230091206815,-30.152,-14.021401
16102,43,3,1842.14,3,4,4,11,Loyal Customers,0,High-Spend Watchlist,0.7334784471755127,-0.13941370933624955,31.732376,-33.583923
16103,8,6,1429.64,5,5,4,14,Champions,2,High-Value Active,1.2900019316704174,-0.27199427481614913,55.839264,29.160736
16104,62,1,298.21,3,2,2,7,Needs Attention,0,High-Spend Watchlist,-0.878867148372095,-0.8293663444724775,-52.404022,-7.6160326
16105,249,1,336.96,1,2,2,5,Lost Customers,1,Dormant Customers,-1.7233183306576023,0.8417145855675389,-26.593132,22.118322
16106,66,1,108.38,3,2,1,6,Needs Attention,0,High-Spend Watchlist,-1.3894634635713154,-1.0971329340340918,-67.27506,5.342116
16107,18,7,3204.1600000000003,4,5,5,14,Champions,2,High-Value Active,1.7573849219825053,0.11761356793136862,35.084187,29.909336
16108,85,1,842.5,2,2,3,7,At Risk,0,High-Spend Watchlist,-0.4840883055673046,-0.3165563924569868,-33.65276,-11.852866
16109,219,2,611.88,1,3,3,7,At Risk,1,Dormant Customers,-0.9174661449742983,0.939375623092922,-0.7946047,-0.09373736
16110,46,3,1320.95,3,4,4,11,Loyal Customers,0,High-Spend Watchlist,0.5567253746218177,-0.21317649706121825,30.715221,-36.85678
16112,144,4,195.73999999999998,2,4,1,7,At Risk,0,High-Spend Watchlist,-0.6431782203464347,0.16981251183851673,6.848079,-12.048302
16113,184,1,161.38,1,2,1,4,Lost Customers,1,Dormant Customers,-1.7669559825807073,0.05308876741864676,-44.467766,19.383701
16114,171,1,135.75000000000003,2,2,1,5,Needs Attention,1,Dormant Customers,-1.787979320185754,-0.1122133893080456,-46.618767,19.693693
16115,10,8,1660.8799999999999,5,5,4,14,Champions,2,High-Value Active,1.5829691755553974,-0.0973742405661588,44.732224,40.2293
16116,212,1,612.78,1,2,3,6,At Risk,1,Dormant Customers,-1.2531714942128334,0.6978280766257189,-25.82339,12.68901
16117,190,1,232.21,1,2,1,4,Lost Customers,1,Dormant Customers,-1.6192379479940209,0.2144304408988569,-39.997776,17.198803
16119,9,2,423.36,5,3,2,10,Potential Loyalists,0,High-Spend Watchlist,-0.08183631521084035,-1.0066783128272763,-14.216161,-56.931576
16120,60,4,1309.14,3,4,4,11,Loyal Customers,2,High-Value Active,0.6884401487159449,0.005993823963195574,37.813637,-9.597619
16121,58,2,854.66,3,3,3,9,Needs Attention,0,High-Spend Watchlist,0.023666655360911015,-0.36743353455223293,-5.690744,-33.675026
16122,74,4,684.4200000000001,2,4,3,9,At Risk,0,High-Spend Watchlist,0.30449893542407397,-0.06653460307361561,38.799576,-18.710962
16123,52,1,307.78,3,2,2,7,Needs Attention,0,High-Spend Watchlist,-0.8151606498542181,-0.9072987859102287,-53.234844,-11.710734
16124,318,1,249.0,1,2,2,5,Lost Customers,1,Dormant Customers,-2.2040129852989594,1.3541093424948505,-21.26696,40.134575
16125,368,1,289.35,1,2,2,5,Lost Customers,1,Dormant Customers,-2.3726539880550166,1.8361385462860416,-13.323989,52.865498
16126,30,4,6287.77,4,4,5,13,Champions,2,High-Value Active,1.5992216538590969,0.2156707653909241,32.17708,7.5297565
16127,40,1,656.25,3,2,3,8,Needs Attention,0,High-Spend Watchlist,-0.3883697315951027,-0.7849272617199122,-40.581486,-20.297642
16128,18,5,1880.22,4,4,4,12,Champions,2,High-Value Active,1.2345617843213013,-0.17096407251230256,60.177845,6.0022
16131,52,6,3506.54,3,5,5,13,Loyal Customers,2,High-Value Active,1.5151131148719623,0.38236115136368576,37.18981,16.36017
16133,4,33,14589.04,5,5,5,15,Champions,2,High-Value Active,3.886206823780142,1.0963914495477596,8.072819,63.46238
16134,22,2,618.09,4,3,3,10,Potential Loyalists,0,High-Spend Watchlist,0.03969478031118266,-0.7794406870198601,-5.590921,-48.41837
16135,263,1,517.55,1,2,3,6,At Risk,1,Dormant Customers,-1.5819970729328967,1.0928664216979251,-20.521412,20.040693
16136,60,3,709.38,3,4,3,10,Loyal Customers,0,High-Spend Watchlist,0.18586454822016554,-0.27764445280115446,22.015547,-45.79385
16139,19,3,635.41,4,4,3,11,Loyal Customers,0,High-Spend Watchlist,0.3303678097240597,-0.6690769304678864,27.611397,-53.630196
16140,66,2,725.18,3,3,3,9,Needs Attention,0,High-Spend Watchlist,-0.09510075834543115,-0.3468690525151318,-10.372965,-35.90426
16141,89,1,620.4,2,2,3,7,At Risk,0,High-Spend Watchlist,-0.6526027567810957,-0.37352332685718204,-36.603313,-9.780391
16142,250,1,535.34,1,2,3,6,At Risk,1,Dormant Customers,-1.502691823861945,0.9893893241185773,-21.455862,18.953712
16143,4,6,2424.94,5,5,5,15,Champions,2,High-Value Active,1.5671418455793176,-0.14808953257340196,49.02388,24.382624
16144,247,1,175.2,1,2,1,4,Lost Customers,1,Dormant Customers,-2.031604684219378,0.6283025890311854,-35.46863,29.200394
16145,9,11,3799.4900000000002,5,5,5,15,Champions,2,High-Value Active,2.2543156634771875,0.27100831097448297,26.063753,44.919155
16146,158,3,734.13,2,4,3,9,At Risk,0,High-Spend Watchlist,-0.2711195176487264,0.5892124568469488,12.515374,-7.8801045
16147,134,1,375.0,2,2,2,6,Needs Attention,0,High-Spend Watchlist,-1.115372778457304,-0.13133901335331857,-38.017685,3.9869194
16148,297,1,76.32000000000001,1,2,1,4,Lost Customers,1,Dormant Customers,-2.6753854385340903,0.8175384403331811,-34.934654,42.92153
16149,5,2,280.52,5,3,2,10,Potential Loyalists,0,High-Spend Watchlist,-0.262839088776811,-1.165092894413232,-24.87948,-57.246944
16150,43,5,2053.02,3,4,4,11,Loyal Customers,2,High-Value Active,1.1566194470164197,0.07398091835954018,51.5562,9.09693
16152,269,1,1829.04,1,2,4,7,At Risk,1,Dormant Customers,-0.9953799420998155,1.524669022458803,-13.530069,17.651003
16153,50,5,1824.23,3,4,4,11,Loyal Customers,2,High-Value Active,1.0651332749148632,0.09963780145895332,49.242535,9.032259
16156,9,9,3092.04,5,5,5,15,Champions,2,High-Value Active,1.9872728960133352,0.1277436820251994,34.522438,40.58127
16157,16,3,656.69,4,4,3,11,Loyal Customers,0,High-Spend Watchlist,0.36092540607927015,-0.6854035605499741,28.543941,-53.72645
16159,282,1,348.2,1,2,2,5,Lost Customers,1,Dormant Customers,-1.8668586728023295,1.1399884176378072,-21.324049,27.063366
16160,66,2,1025.44,3,3,4,10,Needs Attention,0,High-Spend Watchlist,0.07383491508950407,-0.24276653948023064,-3.6720943,-30.993858
16161,2,19,5533.67,5,5,5,15,Champions,2,High-Value Active,2.938127838277547,0.5506967713823896,16.414467,57.008144
16162,253,1,37.4,1,2,1,4,Lost Customers,1,Dormant Customers,-2.804375545050609,0.22241529727669537,-38.925476,43.662827
16163,233,2,856.6,1,3,3,7,At Risk,1,Dormant Customers,-0.8211256876273588,1.1628091315164597,1.3502407,2.2519453
16164,18,3,822.48,4,4,3,11,Loyal Customers,0,High-Spend Watchlist,0.4610029966404798,-0.6002951663465824,31.760876,-49.566936
16168,11,27,3787.6,5,5,5,15,Champions,2,High-Value Active,3.0168435702416,0.6653766321531177,15.722743,61.80225
16169,9,4,1822.97,5,4,4,13,Champions,2,High-Value Active,1.0964878085155272,-0.34022583432401393,43.994633,-1.9254435
16170,51,6,1885.05,3,5,4,12,Loyal Customers,2,High-Value Active,1.217066800146962,0.18697833316167836,46.373756,15.111404
16171,60,1,73.2,3,2,1,6,Needs Attention,0,High-Spend Watchlist,-1.5499052755659548,-1.2663153268634615,-69.27496,7.8884997
16172,96,5,1140.21,2,4,4,10,At Risk,2,High-Value Active,0.6135266114563354,0.36042026648045616,30.857101,-11.422941
16173,16,6,1418.32,4,5,4,13,Champions,2,High-Value Active,1.2474542252805585,-0.2044612460352097,56.653885,28.785435
16174,127,3,1009.5500000000001,2,4,4,10,At Risk,0,High-Spend Watchlist,0.03406460086726348,0.4139856883592701,19.312527,-25.077106
16175,95,4,1037.59,2,4,4,10,At Risk,0,High-Spend Watchlist,0.4058716142917319,0.24203290850261078,34.875557,-13.7591915
16177,51,1,331.95,3,2,2,7,Needs Attention,0,High-Spend Watchlist,-0.7735362983806066,-0.8933677911292517,-52.09285,-12.70947
16178,139,1,197.9,2,2,1,5,Needs Attention,0,High-Spend Watchlist,-1.4504062860312712,-0.27920027644188683,-47.28141,12.540332
16179,61,1,215.83,3,2,1,6,Needs Attention,0,High-Spend Watchlist,-1.0312422031403885,-0.9349827804171922,-59.62328,-4.450311
16180,101,8,10254.18,2,5,5,12,At Risk,2,High-Value Active,2.0315038080744356,1.2454535946951715,21.611088,27.442913
16181,74,1,305.54,2,2,2,6,Needs Attention,0,High-Spend Watchlist,-0.9250564221017173,-0.7172013326244393,-50.329796,-4.981295
16182,73,4,6617.65,2,4,5,11,At Risk,2,High-Value Active,1.4163309699017659,0.6068859299717186,31.054482,8.047225
16183,68,1,338.71000000000004,3,2,2,7,Needs Attention,0,High-Spend Watchlist,-0.84589688079837,-0.7387352004399945,-49.68185,-7.066991
16184,65,6,1158.79,3,5,4,12,Loyal Customers,2,High-Value Active,0.9120207898255835,0.1630671622000924,61.899242,25.653458
16185,17,2,529.41,4,3,3,10,Potential Loyalists,0,High-Spend Watchlist,-0.011609111029061635,-0.8696504795501429,-8.900314,-53.48846
16186,23,12,4006.94,4,5,5,14,Champions,2,High-Value Active,2.285681594268216,0.44505436173527263,24.513695,46.770683
16187,32,15,6911.4400000000005,4,5,5,14,Champions,2,High-Value Active,2.697866611762576,0.780273447865983,15.17278,51.57687
16188,45,4,981.86,3,4,4,11,Loyal Customers,0,High-Spend Watchlist,0.6206324730135775,-0.21157605219116643,42.688824,-14.825867
16189,16,2,215.48,4,3,1,8,Potential Loyalists,0,High-Spend Watchlist,-0.4442566167488177,-1.1479780183972044,-28.217419,-54.574154
16190,41,1,215.08,3,2,1,6,Needs Attention,0,High-Spend Watchlist,-0.9362596548976302,-1.1108321411093403,-62.93401,-8.68785
16191,3,13,5180.52,5,5,5,15,Champions,2,High-Value Active,2.5754028768500796,0.38055268334598774,18.74552,48.59171
16193,237,1,314.45,1,2,2,5,Lost Customers,1,Dormant Customers,-1.6989626784257303,0.7160951338113777,-28.203629,21.07131
16198,76,1,400.68100000000004,2,2,2,6,Needs Attention,0,High-Spend Watchlist,-0.8027646016863474,-0.6184039578408526,-44.44546,-7.3931203
16200,5,2,1068.8700000000001,5,3,4,12,Potential Loyalists,0,High-Spend Watchlist,0.3889211431328906,-0.7634614529394925,3.9115703,-40.986546
16201,4,4,1863.47,5,4,4,13,Champions,2,High-Value Active,1.1313773725709755,-0.3773209996627277,44.031185,-1.126165
16202,361,1,365.27,1,2,2,5,Lost Customers,1,Dormant Customers,-2.2254224332452828,1.8448334037753251,-10.94994,50.88265
16203,59,4,592.9,3,4,3,10,Loyal Customers,0,High-Spend Watchlist,0.30703847995032707,-0.24075471027796616,40.276157,-20.451502
16204,24,1,384.18,4,2,2,8,Potential Loyalists,0,High-Spend Watchlist,-0.5718898921309568,-1.0855211539533223,-52.65797,-21.242369
16205,31,4,757.63,4,4,3,11,Loyal Customers,0,High-Spend Watchlist,0.5618895433749901,-0.4118409956884439,47.107372,-19.91233
16206,55,4,537.0600000000001,3,4,3,10,Loyal Customers,0,High-Spend Watchlist,0.2781702256815801,-0.3054200827349366,40.386963,-20.987854
16207,26,1,394.38,4,2,2,8,Potential Loyalists,0,High-Spend Watchlist,-0.5687980141583595,-1.0601778537864122,-51.835037,-21.301292
16208,45,2,664.26,3,3,3,9,Needs Attention,0,High-Spend Watchlist,-0.036367100226265395,-0.55677491558193,-7.6548443,-41.481083
16209,89,5,2262.62,2,4,5,11,At Risk,2,High-Value Active,0.9817036040607334,0.5052673933533856,42.87107,10.52176
16210,2,18,21086.3,5,5,5,15,Champions,2,High-Value Active,3.54429358876986,0.9302224507654502,6.295729,58.919968
16211,89,1,547.02,2,2,3,7,At Risk,0,High-Spend Watchlist,-0.7139486969392461,-0.41132627519308673,-38.27918,-8.797049
16212,20,2,690.34,4,3,3,10,Potential Loyalists,0,High-Spend Watchlist,0.10324773533815292,-0.7637157246050463,-3.2439682,-47.9049
16213,79,1,159.0,2,2,1,5,Needs Attention,0,High-Spend Watchlist,-1.2666253946445543,-0.8690899175526007,-61.96675,1.6229098
16214,171,3,1062.75,2,4,4,10,At Risk,0,High-Spend Watchlist,-0.1535720378820707,0.8139952760249122,13.517062,-6.6179852
16215,81,1,242.35,2,2,1,5,Needs Attention,0,High-Spend Watchlist,-1.0715868769285235,-0.7254641542468893,-54.60084,-2.5787776
16216,268,1,914.9300000000001,1,2,3,6,At Risk,1,Dormant Customers,-1.3284397642785957,1.3077099791647724,-16.06715,19.05841
16217,236,2,304.25,1,3,2,6,At Risk,1,Dormant Customers,-1.3399172996898705,0.8782733862884149,-6.5319424,1.583108
16218,30,7,3084.68,4,5,5,14,Champions,2,High-Value Active,1.6808346557137415,0.21106935420677586,37.41322,28.233961
16221,37,3,860.86,3,4,3,10,Loyal Customers,0,High-Spend Watchlist,0.3914008804870899,-0.4205247323722898,28.61845,-45.836777
16222,319,1,773.5500000000001,1,2,3,6,At Risk,1,Dormant Customers,-1.6568052964742004,1.7030318167541918,-13.080015,21.003279
16224,58,4,1295.3,3,4,4,11,Loyal Customers,2,High-Value Active,0.6929231343855715,-0.01468165013111252,38.066704,-9.63238
16225,45,5,1096.32,3,4,4,11,Loyal Customers,2,High-Value Active,0.8408999641774954,-0.09713555323003777,61.599148,-2.9937286
16226,204,3,255.12,1,4,2,7,At Risk,1,Dormant Customers,-1.0082046875012265,0.674075713516589,5.8534403,-8.833756
16227,226,1,314.22,1,2,2,5,Lost Customers,1,Dormant Customers,-1.6461480207821613,0.6197318568361049,-29.370314,18.906887
16229,88,2,1010.6,2,3,4,9,At Risk,0,High-Spend Watchlist,-0.0396159954706723,-0.054859853987952206,-4.084658,-27.734951
16230,190,2,542.03,1,3,3,7,At Risk,1,Dormant Customers,-0.8363604821781957,0.6495039442094331,-1.240165,-2.549289
16232,44,4,990.88,3,4,4,11,Loyal Customers,0,High-Spend Watchlist,0.6299258922928832,-0.21756821053559802,42.859566,-14.692022
16233,72,3,536.6800000000001,3,4,3,10,Loyal Customers,0,High-Spend Watchlist,-0.00811507789202453,-0.25655166254203066,18.733484,-47.67365
16235,41,5,867.31,3,4,3,10,Loyal Customers,2,High-Value Active,0.7459635139565409,-0.20251384966843175,63.920753,-5.703531
16236,79,1,432.2,2,2,2,6,Needs Attention,0,High-Spend Watchlist,-0.780388166756688,-0.5694580143255639,-43.28229,-7.494906
16239,57,2,414.2,3,3,2,8,Needs Attention,0,High-Spend Watchlist,-0.3245069475592198,-0.5937060788057817,-18.549627,-42.65879
16240,25,2,3718.8,4,3,5,12,Potential Loyalists,2,High-Value Active,0.9005809348117951,-0.2137834578616004,6.8620715,-31.489254
16241,10,13,2590.31,5,5,5,15,Champions,2,High-Value Active,2.203291803503995,0.2332812745948468,30.618528,51.730976
16242,9,7,3579.86,5,5,5,15,Champions,2,High-Value Active,1.8549983056052424,0.07229442505563867,32.438347,30.305511
16243,34,2,409.1,3,3,2,8,Needs Attention,0,High-Spend Watchlist,-0.21936532382929558,-0.7984521635180287,-17.069729,-50.66639
16244,212,2,1522.75,1,3,4,8,At Risk,1,Dormant Customers,-0.4390175323915241,1.1521749623243611,5.056709,1.4961151
16245,24,3,1413.66,4,4,4,12,Champions,0,High-Spend Watchlist,0.6961561249224361,-0.385073736175283,34.389095,-37.235935
16247,171,1,114.56,2,2,1,5,Needs Attention,1,Dormant Customers,-1.8701710946663508,-0.16286207765345564,-47.809193,20.945826
16248,62,1,152.94,3,2,1,6,Needs Attention,0,High-Spend Watchlist,-1.2033014225263479,-1.0292911002530845,-64.20445,0.35991058
16249,53,5,1800.07,3,4,4,11,Loyal Customers,2,High-Value Active,1.0441271680868283,0.12185030539342454,48.770763,9.183452
16250,262,2,389.44,1,3,2,6,At Risk,1,Dormant Customers,-1.3454320180810146,1.1795691440255445,-5.0489783,3.8514357
16253,67,2,3683.86,3,3,5,11,Needs Attention,2,High-Value Active,0.6929583248295561,0.1504722542501549,20.342564,-15.181463
16255,17,8,2619.91,4,5,5,14,Champions,2,High-Value Active,1.7715332554752274,0.10085682073198876,36.928127,36.02858
16256,267,1,752.4300000000001,1,2,3,6,At Risk,1,Dormant Customers,-1.4189489754788989,1.2402168694276055,-16.712606,19.624784
16257,177,1,46.95,2,2,1,5,Needs Attention,1,Dormant Customers,-2.3285893120143277,-0.37503717410672693,-50.891453,25.21266
16258,46,5,5203.51,3,4,5,12,Loyal Customers,2,High-Value Active,1.5959898993153578,0.37988931536977033,32.297737,9.777619
16260,51,1,1035.45,3,2,4,9,Needs Attention,0,High-Spend Watchlist,-0.21917944999942957,-0.5517588232825942,-31.661207,-15.703963
16261,18,4,728.54,4,4,3,11,Loyal Customers,0,High-Spend Watchlist,0.6056399495494611,-0.5372279032021056,50.28644,-20.34193
16265,10,9,5447.0,5,5,5,15,Champions,2,High-Value Active,2.2587935555412084,0.3067807083066997,23.53776,38.62598
16266,74,7,861.89,2,5,3,10,At Risk,2,High-Value Active,0.8460965376147823,0.21231834371584532,63.645363,24.57689
16268,72,2,667.65,3,3,3,9,Needs Attention,0,High-Spend Watchlist,-0.16439574975419088,-0.3192563949856903,-12.1586685,-35.96331
16270,354,1,1141.24,1,2,4,7,At Risk,1,Dormant Customers,-1.6363453855131456,2.1258048340636764,-11.657768,19.837376
16271,3,5,1404.64,5,4,4,13,Champions,2,High-Value Active,1.1647988626836678,-0.38973882157079304,65.3046,3.0674965
16272,117,1,411.7,2,2,2,6,Needs Attention,0,High-Spend Watchlist,-0.987735002387288,-0.2519083736086988,-38.774776,2.1618278
16274,374,1,351.75,1,2,2,5,Lost Customers,1,Dormant Customers,-2.306621489532045,1.9471434885718728,-10.883449,52.286667
16275,197,1,559.87,1,2,3,6,At Risk,1,Dormant Customers,-1.2246738853433659,0.5396039972389689,-26.838829,12.000842
16276,177,1,810.6000000000001,2,2,3,7,At Risk,1,Dormant Customers,-0.9476092810837647,0.4759582891235836,-25.13421,9.663359
16278,101,1,566.38,2,2,3,7,At Risk,0,High-Spend Watchlist,-0.7550048312630772,-0.29599809063536536,-36.406807,-3.5709422
16279,22,3,1502.78,4,4,4,12,Champions,0,High-Spend Watchlist,0.7356476136867536,-0.3841760689925294,34.71635,-36.566788
16281,73,1,2062.06,2,2,5,9,At Risk,0,High-Spend Watchlist,0.010534997969882998,-0.152384805384637,-27.56938,-14.169387
16282,340,1,168.3,1,2,1,4,Lost Customers,1,Dormant Customers,-2.500640433180955,1.4291379278410572,-25.017546,44.2192
16283,6,5,1570.81,5,4,4,13,Champions,2,High-Value Active,1.2048443084039562,-0.32990477852776495,63.488907,5.044252
16284,32,2,812.68,4,3,3,10,Potential Loyalists,0,High-Spend Watchlist,0.12478469776417901,-0.6098160616981623,-3.2358,-42.21794
16287,170,1,142.5,2,2,1,5,Needs Attention,1,Dormant Customers,-1.7596249411826055,-0.10645969334140816,-46.30379,19.125227
16292,122,1,302.25,2,2,2,6,Needs Attention,0,High-Spend Watchlist,-1.1623419135092734,-0.30091063605688717,-40.981365,4.3248463
16293,22,10,2248.9900000000002,4,5,5,14,Champions,2,High-Value Active,1.8561169032585902,0.18813739098344806,35.5918,46.354416
16295,10,4,1328.55,5,4,4,13,Champions,2,High-Value Active,0.9373046658073951,-0.42659958407806875,48.256516,-7.475552
16297,269,1,301.9,1,2,2,5,Lost Customers,1,Dormant Customers,-1.8734599223268824,0.9835735230379525,-24.562296,26.836731
16298,23,3,598.2,4,4,3,11,Loyal Customers,0,High-Spend Watchlist,0.2816214950501725,-0.6522396544144902,26.220665,-53.807854
16302,127,1,233.22,2,2,1,5,Needs Attention,0,High-Spend Watchlist,-1.3126050360793178,-0.334911629006935,-46.856064,10.041846
16303,26,3,5360.63,4,4,5,13,Champions,2,High-Value Active,1.3369259338037591,0.03322312888839773,31.54011,5.7325435
16305,139,1,361.21999999999997,2,2,2,6,Needs Attention,0,High-Spend Watchlist,-1.1577685556896653,-0.09886936990233866,-37.881493,4.836772
16306,214,6,632.27,1,5,3,9,At Risk,1,Dormant Customers,-0.10359571348490601,1.283349511729112,15.571421,-2.9334247
16308,38,4,2560.0,3,4,5,12,Loyal Customers,2,High-Value Active,1.1219892367272553,0.015339879783657048,37.351604,1.4980597
16309,107,2,706.57,2,3,3,8,At Risk,0,High-Spend Watchlist,-0.3059563009254723,0.0036754405999809728,-6.6788983,-21.18912
16311,18,2,616.26,4,3,3,10,Potential Loyalists,0,High-Spend Watchlist,0.05758442409929593,-0.8152926384096477,-4.7582283,-49.25126
16313,4,2,274.15000000000003,5,3,2,10,Potential Loyalists,0,High-Spend Watchlist,-0.2691783460674274,-1.1807183106912962,-25.293053,-57.227505
16315,331,1,226.37,1,2,1,4,Lost Customers,1,Dormant Customers,-2.3131704957105876,1.439190707768813,-21.26162,41.600933
16316,65,8,2938.91,3,5,5,13,Loyal Customers,2,High-Value Active,1.595586319734551,0.5549459151217316,38.26832,21.875637
16317,120,3,1341.65,2,4,4,10,At Risk,0,High-Spend Watchlist,0.20661638476255625,0.4382835231524634,21.548016,-26.22588
16318,36,1,328.15,3,2,2,7,Needs Attention,0,High-Spend Watchlist,-0.7066344314675188,-1.027926177579208,-54.22679,-16.70526
16319,218,1,404.40000000000003,1,2,2,5,Lost Customers,1,Dormant Customers,-1.4846512976059838,0.6254982758195575,-27.814775,15.974233
16320,173,2,1038.46,2,3,4,9,At Risk,0,High-Spend Watchlist,-0.4372178382211762,0.6962428763564374,0.21657729,-13.868875
16321,73,5,373.65000000000003,2,4,2,8,At Risk,0,High-Spend Watchlist,0.1809443409281821,-0.17568513135365282,37.913666,-22.038818
16322,2,2,326.75,5,3,2,10,Potential Loyalists,0,High-Spend Watchlist,-0.17411176650128274,-1.1455738411785343,-19.851198,-58.39257
16323,197,1,207.50000000000003,1,2,1,4,Lost Customers,1,Dormant Customers,-1.7077498758566696,0.24192012990216413,-40.247692,18.301062
16324,129,3,408.59000000000003,2,4,2,8,At Risk,0,High-Spend Watchlist,-0.4164725628752042,0.15979108946698403,13.238404,-22.082445
16325,47,3,594.24,3,4,3,10,Loyal Customers,0,High-Spend Watchlist,0.16237565779542673,-0.4444659466774932,22.424593,-49.769833
16326,6,14,3039.2200000000003,5,5,5,15,Champions,2,High-Value Active,2.3636229867790495,0.2771475384242282,29.273088,52.01298
16327,15,6,3820.27,4,5,5,14,Champions,2,High-Value Active,1.7357812297855582,0.0847394287037744,29.857742,25.20077
16330,18,3,251.91,4,4,2,10,Loyal Customers,0,High-Spend Watchlist,-0.11529313227270974,-0.9554236839196026,17.729364,-58.459816
16332,29,7,1582.8,4,5,4,13,Champions,2,High-Value Active,1.3600808723433326,0.001693608977673232,48.838844,32.83576
16333,8,22,26626.8,5,5,5,15,Champions,2,High-Value Active,3.803641209340369,1.138039109519763,5.605145,60.525852
16337,37,1,151.05,3,2,1,6,Needs Attention,0,High-Spend Watchlist,-1.08848956388082,-1.2515161424727945,-70.26278,-5.202191
16338,158,1,214.79999999999998,2,2,1,5,Needs Attention,1,Dormant Customers,-1.5024358295653648,-0.08860117062486673,-44.306175,14.869787
16339,285,1,94.05,1,2,1,4,Lost Customers,1,Dormant Customers,-2.51659658536664,0.7747601894208996,-34.679073,41.310196
16340,108,1,534.31,2,2,3,7,At Risk,0,High-Spend Watchlist,-0.8172444973916116,-0.2523187572897971,-36.396835,-2.7190845
16341,25,4,1971.87,4,4,4,12,Champions,2,High-Value Active,1.0574577502454363,-0.17677311886573338,41.66201,-3.3214672
16342,76,4,322.41,2,4,2,8,At Risk,0,High-Spend Watchlist,-0.07184383928939965,-0.27500870851439757,38.362457,-22.670252
16343,17,2,328.58,4,3,2,9,Potential Loyalists,0,High-Spend Watchlist,-0.24389913315570866,-1.0127935739873892,-20.172703,-56.011852
16344,159,1,101.10000000000001,2,2,1,5,Needs Attention,1,Dormant Customers,-1.8726211633854013,-0.3049999050609152,-49.646805,20.89136
16345,45,1,565.46,3,2,3,8,Needs Attention,0,High-Spend Watchlist,-0.4851097154235453,-0.785945918049019,-42.897053,-19.064476
16347,12,2,847.45,5,3,3,11,Potential Loyalists,0,High-Spend Watchlist,0.24188603344491158,-0.7720352558851598,1.7905976,-43.596066
16348,33,7,1415.65,3,5,4,12,Loyal Customers,2,High-Value Active,1.2862986165414132,0.0031030932886355563,49.75438,32.75051
16349,291,1,53.5,1,2,1,4,Lost Customers,1,Dormant Customers,-2.817124220243143,0.6598813364762875,-37.038715,43.34767
16350,22,4,1116.47,4,4,4,12,Champions,0,High-Spend Watchlist,0.794468022839232,-0.3739911703799126,46.999557,-11.702623
16351,333,1,153.9,1,2,1,4,Lost Customers,1,Dormant Customers,-2.510199845781269,1.3412141529439383,-25.833805,43.877754
16352,18,2,494.44,4,3,3,10,Potential Loyalists,0,High-Spend Watchlist,-0.049738481646110624,-0.8814277771114668,-10.039288,-53.860996
16353,4,23,6675.71,5,5,5,15,Champions,2,High-Value Active,3.186529440111876,0.705912239280206,13.682604,60.11345
16354,64,2,395.8,3,3,2,8,Needs Attention,0,High-Spend Watchlist,-0.3804709476145323,-0.5461595183914328,-19.33161,-42.10486
16356,198,3,211.77,1,4,1,6,At Risk,1,Dormant Customers,-1.0697273132874907,0.5658498709662538,5.721181,-9.176828
16357,34,3,658.88,3,4,3,10,Loyal Customers,0,High-Spend Watchlist,0.2755416139424255,-0.5270772044488102,25.004688,-50.2995
16358,2,4,2027.5,5,4,4,13,Champions,2,High-Value Active,1.1822077842421814,-0.3694359961423311,43.196663,-0.40359932
16359,8,9,1750.92,5,5,4,14,Champions,2,High-Value Active,1.71460601848711,-0.051999673308585126,42.434956,43.03858
16360,5,6,3450.41,5,5,5,15,Champions,2,High-Value Active,1.7344218023266513,-0.03328831214233323,30.586838,26.137447
16361,10,4,891.21,5,4,3,12,Loyal Customers,0,High-Spend Watchlist,0.7425734932499694,-0.5465979480545716,51.200626,-15.857015
16362,33,5,709.99,3,4,3,10,Loyal Customers,0,High-Spend Watchlist,0.6870511447796073,-0.33256919019356346,65.08648,-8.775811
16363,54,1,109.36000000000001,3,2,1,6,Needs Attention,0,High-Spend Watchlist,-1.3271046435487859,-1.1993338549977133,-68.53061,3.914549
16364,12,2,705.79,5,3,3,11,Potential Loyalists,0,High-Spend Watchlist,0.15270697711249076,-0.8269896872703202,-1.6472245,-49.637737
16365,18,9,1540.42,4,5,4,13,Champions,2,High-Value Active,1.603778256502904,-0.003104568062078295,44.14878,43.646706
16366,19,1,327.3,4,2,2,8,Potential Loyalists,0,High-Spend Watchlist,-0.625723795735492,-1.1772900052032145,-58.16095,-21.172712
16367,38,2,800.67,3,3,3,9,Needs Attention,0,High-Spend Watchlist,0.0885232289423664,-0.5618472967476269,-4.2733974,-41.4582
16368,3,2,479.91,5,3,2,10,Potential Loyalists,0,High-Spend Watchlist,0.008235909774694397,-1.0214875038935587,-7.7128386,-55.780243
16369,19,3,1545.41,4,4,4,12,Champions,0,High-Spend Watchlist,0.76379531811592,-0.4019877365480097,35.15306,-36.273113
16370,83,4,1301.91,2,4,4,10,At Risk,2,High-Value Active,0.5745635294296091,0.20535717943725482,35.13662,-10.413079
16372,34,2,355.73,3,3,2,8,Needs Attention,0,High-Spend Watchlist,-0.2874279136259437,-0.8403940843534977,-18.995348,-51.02094
16374,67,2,466.73,3,3,2,8,Needs Attention,0,High-Spend Watchlist,-0.31468697162158543,-0.47046473007934464,-17.263802,-40.403854
16376,9,2,974.96,5,3,4,12,Potential Loyalists,0,High-Spend Watchlist,0.32473707508400046,-0.7561373181266275,2.978621,-41.84389
16377,268,1,676.2,1,2,3,6,At Risk,1,Dormant Customers,-1.4758562983606949,1.2168681140405757,-17.097073,20.064102
16378,248,3,362.95,1,4,2,7,At Risk,1,Dormant Customers,-1.0493565007758083,1.16435302346573,-4.415571,6.9584455
16379,5,4,2157.4,5,4,5,14,Champions,2,High-Value Active,1.1980081421177058,-0.32454240067957063,42.257275,0.1548182
16380,62,1,1743.1499999999999,3,2,4,9,Needs Attention,0,High-Spend Watchlist,-0.018270481589439204,-0.2990445130918532,-28.230211,-14.638609
16383,75,2,643.76,2,3,3,8,At Risk,0,High-Spend Watchlist,-0.19665801949221245,-0.30398022854722545,-12.912633,-35.959934
16384,90,2,584.5,2,3,3,8,At Risk,0,High-Spend Watchlist,-0.3162296996397345,-0.20187833756265883,-8.8768015,-22.7804
16385,61,3,554.86,3,4,3,10,Loyal Customers,0,High-Spend Watchlist,0.06128895049289121,-0.3426921419948667,20.345322,-48.47166
16386,29,2,302.57,4,3,2,9,Potential Loyalists,0,High-Spend Watchlist,-0.34203510667937154,-0.932639456478444,-22.41595,-52.62025
16387,323,1,94.36,1,2,1,4,Lost Customers,1,Dormant Customers,-2.6986877038844432,1.107873053502505,-30.798815,45.098816
16389,54,4,1382.07,3,4,4,11,Loyal Customers,2,High-Value Active,0.7438877446312121,-0.030151955319337096,38.429855,-9.046905
16392,270,1,217.89,1,2,1,4,Lost Customers,1,Dormant Customers,-2.0368699453053294,0.8945950607948753,-29.628174,30.940313
16393,3,13,3040.96,5,5,5,15,Champions,2,High-Value Active,2.3154013532097637,0.2203330479456245,29.664263,51.17521
16394,57,5,1555.34,3,4,4,11,Loyal Customers,2,High-Value Active,0.9534969690353294,0.11287765314264941,47.77592,8.684577
16395,61,5,1482.06,3,4,4,11,Loyal Customers,2,High-Value Active,0.9106176617879757,0.13333033028142863,47.361156,8.589046
16398,155,2,1705.8,2,3,4,9,At Risk,0,High-Spend Watchlist,-0.10811478870297041,0.6881026038249549,2.0080965,-16.054598
16399,20,2,408.02,4,3,2,9,Potential Loyalists,0,High-Spend Watchlist,-0.15298080372063544,-0.9216103497302398,-15.605127,-54.521023
16400,95,1,303.93,2,2,2,6,Needs Attention,0,High-Spend Watchlist,-1.0291349189456382,-0.5352381270699833,-46.552723,-1.4940515
16401,2,12,4098.32,5,5,5,15,Champions,2,High-Value Active,2.3981946746931486,0.2682887638224286,22.99722,47.167084
16402,265,2,293.45,1,3,2,6,At Risk,1,Dormant Customers,-1.4976797470810503,1.1209071801517445,-6.4786263,3.7970626
16403,313,1,177.5,1,2,1,4,Lost Customers,1,Dormant Customers,-2.3442979222508846,1.209067137885441,-25.148035,41.51017
16404,71,1,443.05,3,2,2,7,Needs Attention,0,High-Spend Watchlist,-0.7296421846795086,-0.6319390544752701,-43.459225,-9.696177
16405,303,2,167.25,1,3,1,5,At Risk,1,Dormant Customers,-1.9545729368590494,1.2846799301904717,-24.789753,36.20333
16406,19,1,154.35,4,2,1,7,Potential Loyalists,0,High-Spend Watchlist,-0.9910011563820472,-1.4023833228245395,-72.91732,-8.830223
16407,13,10,2079.68,5,5,5,15,Champions,2,High-Value Active,1.8614296149019773,0.08594019676138008,39.073326,44.98513
16409,37,5,2022.98,3,4,4,11,Loyal Customers,2,High-Value Active,1.1784293541190325,0.01710672886688096,52.308197,8.70362
16411,20,2,211.7,4,3,1,8,Potential Loyalists,0,High-Spend Watchlist,-0.4721908868201772,-1.118315824429996,-28.31756,-54.020443
16412,54,1,135.99,3,2,1,6,Needs Attention,0,High-Spend Watchlist,-1.2215801302194569,-1.1343069320216195,-67.16712,1.4526942
16413,57,1,262.2,3,2,2,7,Needs Attention,0,High-Spend Watchlist,-0.9172983403741323,-0.9116436481245827,-54.834698,-8.210516
16414,22,2,126.25,4,3,1,8,Potential Loyalists,0,High-Spend Watchlist,-0.7326492072189535,-1.2553789444314918,-31.834648,-51.74062
16415,45,1,200.27,3,2,1,6,Needs Attention,0,High-Spend Watchlist,-0.9902557519676215,-1.0972299161804853,-63.92418,-7.523056
16416,27,3,1051.4,4,4,4,12,Champions,0,High-Spend Watchlist,0.5372443593664075,-0.44784225101211844,32.30557,-43.343063
16418,45,3,631.12,3,4,3,10,Loyal Customers,0,High-Spend Watchlist,0.20138963354205344,-0.44386253531494446,23.133684,-49.373245
16419,113,6,958.71,2,5,4,11,At Risk,2,High-Value Active,0.5875603032051417,0.5256383814604308,29.721245,-12.320775
16422,18,51,34684.4,4,5,5,14,Champions,2,High-Value Active,4.629276308338478,1.6687323774563365,5.0282245,65.27195
16423,25,1,346.12,4,2,2,8,Potential Loyalists,0,High-Spend Watchlist,-0.62751367573658,-1.108078959379863,-55.074326,-20.197996
16424,192,1,133.56,1,2,1,4,Lost Customers,1,Dormant Customers,-1.8973683252076106,0.06647734433106678,-44.846653,22.237835
16425,303,1,302.7,1,2,2,5,Lost Customers,1,Dormant Customers,-2.0365181595326294,1.2815389281369591,-17.509491,29.9366
16426,3,10,1863.76,5,5,4,14,Champions,2,High-Value Active,1.8562807495076663,-0.034422693340324606,40.434067,44.545685
16427,264,2,241.06,1,3,1,5,At Risk,1,Dormant Customers,-1.5884915069471368,1.0532276321343557,-7.1903257,3.785533
16429,107,1,284.55,2,2,2,6,Needs Attention,0,High-Spend Watchlist,-1.119195563009885,-0.4501077835620116,-42.54009,3.268633
16430,58,1,300.85,3,2,2,7,Needs Attention,0,High-Spend Watchlist,-0.8552439264549275,-0.86168511734656,-52.994553,-9.025258
16431,214,3,623.28,1,4,3,8,At Risk,1,Dormant Customers,-0.621598648073826,1.0295023389715647,10.365193,-4.2832346
16432,65,1,287.4,3,2,2,7,Needs Attention,0,High-Spend Watchlist,-0.9113318471145131,-0.8142149200002317,-52.636658,-6.7952332
16433,29,1,184.26,4,2,1,7,Potential Loyalists,0,High-Spend Watchlist,-0.9533800962927136,-1.2620102300061635,-68.62761,-9.760007
16434,30,7,1511.8,4,5,4,13,Champions,2,High-Value Active,1.3328570191639175,-0.0033634278588437223,49.219692,32.88681
16438,6,5,798.35,5,4,3,12,Loyal Customers,2,High-Value Active,0.8747464680485043,-0.5333195696709234,67.763016,-6.315372
16440,8,5,3640.67,5,4,5,14,Champions,2,High-Value Active,1.6053506489605889,-0.05966445081061997,32.16791,12.478289
16441,68,2,381.2,3,3,2,8,Needs Attention,0,High-Spend Watchlist,-0.41810671884409895,-0.5224756393073114,-19.808218,-41.805626
16442,2,3,609.3,5,4,3,12,Loyal Customers,0,High-Spend Watchlist,0.3920898418653564,-0.8302652698413009,29.58975,-55.551
16444,47,4,654.67,3,4,3,10,Loyal Customers,0,High-Spend Watchlist,0.4133464299420234,-0.3158730454119591,43.794693,-20.397566
16445,34,1,230.51,3,2,1,6,Needs Attention,0,High-Spend Watchlist,-0.8687520154074089,-1.1512652135888533,-63.275517,-10.265018
16446,1,2,168472.5,5,3,5,13,Potential Loyalists,2,High-Value Active,2.87806318316106,0.7235359711828439,19.071001,29.34481
16447,136,1,255.91,2,2,2,6,Needs Attention,0,High-Spend Watchlist,-1.310969042452145,-0.22843246362805994,-45.417725,9.665671
16448,199,1,182.99,1,2,1,4,Lost Customers,1,Dormant Customers,-1.7784675895911999,0.2217800586380464,-41.56271,21.201532
16449,198,2,707.69,1,3,3,7,At Risk,1,Dormant Customers,-0.7450510993407041,0.7995231589614552,0.54684895,-1.893033
16450,150,1,311.92,2,2,2,6,Needs Attention,1,Dormant Customers,-1.2823616820226713,-0.04673783404150408,-37.376854,7.454509
16451,88,1,266.97,2,2,2,6,Needs Attention,0,High-Spend Watchlist,-1.0583750402254388,-0.6352896615467356,-52.996765,-1.9726149
16454,45,2,6.9,3,3,1,7,Needs Attention,0,High-Spend Watchlist,-2.2006113408967947,-1.890437958408039,-72.613014,12.245411
16455,64,7,1841.18,3,5,4,12,Loyal Customers,2,High-Value Active,1.2646759410712785,0.3530677263176705,41.504204,20.450693
16456,100,5,2158.18,2,4,5,11,At Risk,2,High-Value Active,0.9054729492068084,0.5872011297511608,28.157461,-4.014638
16457,219,1,208.36,1,2,1,4,Lost Customers,1,Dormant Customers,-1.8120818837230614,0.43544611809849404,-35.933983,25.340652
16458,3,18,3482.7400000000002,5,5,5,15,Champions,2,High-Value Active,2.660464989154477,0.39730350668082437,20.46819,56.47039
16460,29,3,811.23,4,4,3,11,Loyal Customers,0,High-Spend Watchlist,0.40111704333810105,-0.508289403882763,29.902472,-48.011787
16461,178,1,142.92,2,2,1,5,Needs Attention,1,Dormant Customers,-1.7968678350643426,-0.03565770246356076,-45.723568,19.89981
16462,74,3,136.0,2,4,1,7,At Risk,0,High-Spend Watchlist,-0.6852589657006766,-0.6503871612291248,-31.993158,-46.657475
16463,22,4,1422.4,4,4,4,12,Champions,2,High-Value Active,0.9125977613007746,-0.30119658302037206,45.363346,-7.0310493
16464,20,3,1298.66,4,4,4,12,Champions,0,High-Spend Watchlist,0.6741000684325842,-0.4455412569076626,35.016037,-38.802715
16466,34,7,1595.96,3,5,4,12,Loyal Customers,2,High-Value Active,1.33995193040864,0.0478846498380305,48.890198,32.54106
16468,75,1,74.9,2,2,1,5,Needs Attention,0,High-Spend Watchlist,-1.6113523559095102,-1.1283955604372622,-68.46198,8.451271
16469,24,4,625.42,4,4,3,11,Loyal Customers,0,High-Spend Watchlist,0.50224285672949,-0.5306298388873143,48.92806,-22.266977
16470,52,4,752.77,3,4,3,10,Loyal Customers,0,High-Spend Watchlist,0.4572443297849403,-0.23022701558916522,42.440445,-18.46746
16471,275,1,223.95000000000002,1,2,1,4,Lost Customers,1,Dormant Customers,-2.047706901393942,0.9465120626556145,-28.992014,31.560122
16473,165,3,316.11,2,4,2,8,At Risk,1,Dormant Customers,-0.71541431966689,0.3974595753422924,7.7931933,-9.924048
16474,8,7,1810.65,5,5,4,14,Champions,2,High-Value Active,1.5272050378730104,-0.14141923174439078,44.390358,33.30755
16475,89,4,544.3,2,4,3,9,At Risk,0,High-Spend Watchlist,0.1203493360613757,-0.004227289161924667,36.946957,-19.836563
16477,64,7,2494.46,3,5,5,13,Loyal Customers,2,High-Value Active,1.4128492163739454,0.4443759148724155,39.552605,19.815733
16478,26,3,331.0,4,4,2,10,Loyal Customers,0,High-Spend Watchlist,-0.02112906069240042,-0.803645336439618,18.972216,-57.201122
16479,11,2,300.83,5,3,2,10,Potential Loyalists,0,High-Spend Watchlist,-0.25783464522376975,-1.0916950114229542,-21.590055,-57.1152
16480,76,1,769.29,2,2,3,7,At Risk,0,High-Spend Watchlist,-0.48490799350143526,-0.4225325292432472,-34.639713,-12.348693
16482,16,1,220.62,4,2,1,7,Potential Loyalists,0,High-Spend Watchlist,-0.8030586440469498,-1.3217253141139018,-68.022385,-15.1045685
16483,193,1,139.35,1,2,1,4,Lost Customers,1,Dormant Customers,-1.8816355502167375,0.08789128815308511,-44.45495,22.177721
16484,174,2,404.3,2,3,2,7,At Risk,1,Dormant Customers,-0.9018312102407142,0.4216551527172896,-7.0359964,-9.270958
16485,78,1,363.65,2,2,2,6,Needs Attention,0,High-Spend Watchlist,-0.8596486466399241,-0.6300193661056872,-46.823433,-5.47091
16488,34,3,498.8,3,4,3,10,Loyal Customers,0,High-Spend Watchlist,0.13990153458944946,-0.6106621148575444,22.481869,-53.459938
16491,47,1,731.5,3,2,3,8,Needs Attention,0,High-Spend Watchlist,-0.3692877669839542,-0.6911354450132864,-39.25243,-19.292692
16493,80,4,1351.63,2,4,4,10,At Risk,2,High-Value Active,0.607347182993105,0.19040230314067655,35.324375,-10.005402
16494,297,1,826.53,1,2,3,6,At Risk,1,Dormant Customers,-1.5181644930982179,1.5306477919994936,-14.230072,20.604141
16495,4,3,648.26,5,4,3,12,Loyal Customers,0,High-Spend Watchlist,0.41263212985549835,-0.7941685775732518,30.328777,-54.851208
16496,9,3,1599.52,5,4,4,13,Champions,0,High-Spend Watchlist,0.8289219635775203,-0.47904504686209454,36.755672,-35.768578
16497,50,6,2965.69,3,5,5,13,Loyal Customers,2,High-Value Active,1.4430263872828075,0.3145014478492313,38.11852,16.28524
16498,162,2,100.97,2,3,1,6,At Risk,1,Dormant Customers,-1.5174866269564713,-0.09835560368692498,-13.388967,-3.6081588
16499,361,2,365.45,1,3,2,6,At Risk,1,Dormant Customers,-1.8549249648739197,2.0257877315061568,-1.7574409,16.212357
16500,5,6,400.86,5,5,2,12,Loyal Customers,0,High-Spend Watchlist,0.6846283696523793,-0.6801980635692164,56.751133,-27.599874
16503,107,4,1431.93,2,4,4,10,At Risk,2,High-Value Active,0.5049906308819739,0.4437406313691655,29.63609,-8.171246
16504,26,1,465.88,4,2,2,8,Potential Loyalists,0,High-Spend Watchlist,-0.4876507577603434,-1.0101728243858308,-48.297855,-21.955986
16505,32,1,777.6,4,2,3,9,Potential Loyalists,0,High-Spend Watchlist,-0.26698676664214993,-0.8038799737133784,-39.57796,-22.02623
16506,20,2,90.30000000000001,4,3,1,8,Potential Loyalists,0,High-Spend Watchlist,-0.8850580964342273,-1.3727352326971534,-33.270004,-50.977146
16509,297,1,363.7,1,2,2,5,Lost Customers,1,Dormant Customers,-1.9181625304196581,1.2841586991541754,-17.58844,28.277159
16510,373,1,248.1,1,2,1,4,Lost Customers,1,Dormant Customers,-2.4716272247484596,1.8337437020224285,-15.724016,53.69164
16511,22,3,918.33,4,4,3,11,Loyal Customers,0,High-Spend Watchlist,0.495419389015559,-0.5322108882920543,31.911926,-46.92221
16513,5,4,874.59,5,4,3,12,Loyal Customers,0,High-Spend Watchlist,0.7575625194738672,-0.5959563373582843,51.8033,-15.616626
16515,53,5,1624.14,3,4,4,11,Loyal Customers,2,High-Value Active,0.9939488947613772,0.0909291609914195,48.27432,8.702492
16516,31,1,101.69999999999999,4,2,1,7,Potential Loyalists,0,High-Spend Watchlist,-1.2510468386297096,-1.4220021379366543,-74.468575,1.0156894
16517,278,1,162.7,1,2,1,4,Lost Customers,1,Dormant Customers,-2.217371614419541,0.8771173046378459,-31.473618,35.66827
16518,62,2,484.32,3,3,2,8,Needs Attention,0,High-Spend Watchlist,-0.27249628773185425,-0.5030607573303852,-16.926735,-40.973297
16519,26,2,215.07999999999998,4,3,1,8,Potential Loyalists,0,High-Spend Watchlist,-0.4934965024429144,-1.0611308775390345,-28.047813,-53.35009
16520,187,3,1046.57,1,4,4,9,At Risk,1,Dormant Customers,-0.23839367038632192,0.9492300440439487,13.198025,-6.08853
16523,2,21,9418.470000000001,5,5,5,15,Champions,2,High-Value Active,3.2847488152226876,0.7531619199492613,10.976818,58.392582
16525,3,26,13027.45,5,5,5,15,Champions,2,High-Value Active,3.625270304775521,0.9508003454857318,8.755027,61.391273
16526,172,1,290.36,2,2,2,6,Needs Attention,1,Dormant Customers,-1.4235531175715217,0.1240744254748381,-35.544315,10.895009
16527,82,1,228.06,2,2,1,5,Needs Attention,0,High-Spend Watchlist,-1.105963492493695,-0.7349289074902404,-55.146854,-2.13857
16528,4,1,244.41,5,2,1,8,Potential Loyalists,0,High-Spend Watchlist,-0.6952766818842279,-1.3959353249838258,-65.52882,-18.534122
16529,191,1,455.25,1,2,2,5,Lost Customers,1,Dormant Customers,-1.296455036733384,0.4250565869956205,-29.765852,11.042374
16531,23,7,1244.59,4,5,4,13,Champions,2,High-Value Active,1.27181423170504,-0.12301258433653535,53.42938,34.970284
16532,18,3,6748.8,4,4,5,13,Champions,2,High-Value Active,1.4879958787769418,0.032564298593714104,31.298527,6.283608
16533,20,3,1082.81,4,4,4,12,Champions,0,High-Spend Watchlist,0.5854372511241986,-0.5001775685100913,34.20419,-43.323463
16535,6,1,593.75,5,2,3,10,Potential Loyalists,0,High-Spend Watchlist,-0.27280415430295907,-1.1121588670665665,-43.272305,-24.19437
16536,111,1,548.12,2,2,3,7,At Risk,0,High-Spend Watchlist,-0.8193112486241368,-0.2184353346401406,-36.130135,-2.371663
16539,3,4,1388.81,5,4,4,13,Champions,2,High-Value Active,0.9927797813923063,-0.4744474076946633,49.196255,-6.5311275
16542,54,1,119.62,3,2,1,6,Needs Attention,0,High-Spend Watchlist,-1.2837069628938358,-1.1725910864384934,-68.13754,2.9815512
16545,165,1,339.3,2,2,2,6,Needs Attention,1,Dormant Customers,-1.3139188906756987,0.10960084115634164,-35.471504,9.162061
16546,291,2,787.15,1,3,3,7,At Risk,1,Dormant Customers,-1.1427066943972455,1.6443447870567227,0.36167252,11.065749
16549,11,10,4034.9,5,5,5,15,Champions,2,High-Value Active,2.194531413687148,0.26776809913154936,26.826332,42.238895
16550,109,5,2298.97,2,4,5,11,At Risk,2,High-Value Active,0.8928066023177864,0.684866824536507,27.910963,-4.120998
16551,96,3,922.12,2,4,3,9,At Risk,0,High-Spend Watchlist,0.13973382152385241,0.11581270115559768,20.747393,-30.701807
16552,243,2,379.73,1,3,2,6,At Risk,1,Dormant Customers,-1.2658858573825391,1.0059264864162187,-4.982487,2.59926
16553,164,12,5719.82,2,5,5,12,At Risk,2,High-Value Active,1.7778400453936225,1.7844886950041505,21.34739,3.6049068
16554,43,3,837.1,3,4,3,10,Loyal Customers,0,High-Spend Watchlist,0.3487514626182251,-0.376492386150941,27.370445,-45.692413
16555,36,2,285.89,3,3,2,8,Needs Attention,0,High-Spend Watchlist,-0.4034595675627301,-0.888457772664579,-23.23136,-50.892963
16556,67,7,3313.79,3,5,5,13,Loyal Customers,2,High-Value Active,1.5369520162811425,0.5560082645252801,37.37786,18.540838
16557,25,2,281.85,4,3,2,9,Potential Loyalists,0,High-Spend Watchlist,-0.35721224426219145,-0.9888680102086225,-23.46596,-53.29508
16558,1,20,8338.49,5,5,5,15,Champions,2,High-Value Active,3.187653283382227,0.6870433927721911,11.880864,57.641533
16560,27,2,841.41,4,3,3,10,Potential Loyalists,0,High-Spend Watchlist,0.1658928006669283,-0.643079203236062,-2.0970035,-42.5525
16561,6,2,511.12,5,3,3,11,Potential Loyalists,0,High-Spend Watchlist,0.02443082597425913,-0.9763507714293806,-7.0949035,-55.025677
16563,54,1,1077.74,3,2,4,9,Needs Attention,0,High-Spend Watchlist,-0.21415722970764428,-0.5135069937979077,-31.347687,-15.438268
16565,365,1,173.7,1,2,1,4,Lost Customers,1,Dormant Customers,-2.6061552336132627,1.6570920567844225,-20.70693,53.57398
16566,16,5,614.66,4,4,3,11,Loyal Customers,0,High-Spend Watchlist,0.6989443581026223,-0.5244633311012037,66.35839,-9.896291
16567,195,2,865.6,1,3,3,7,At Risk,1,Dormant Customers,-0.63234856313821,0.833816356517469,2.2757523,-1.4606628
16569,4,1,124.2,5,2,1,8,Potential Loyalists,0,High-Spend Watchlist,-1.0238287668394954,-1.598397581837307,-76.832214,-3.1981726
16570,16,10,3738.4,4,5,5,14,Champions,2,High-Value Active,2.1331129388258763,0.28851546635982633,27.36136,42.245785
16571,27,3,1421.69,4,4,4,12,Champions,0,High-Spend Watchlist,0.6844182123129819,-0.357149932254066,33.79348,-37.127388
16572,128,3,1009.6,2,4,4,10,At Risk,0,High-Spend Watchlist,0.029255051953435782,0.42274092310833544,19.34298,-25.028803
16573,85,2,663.61,2,3,3,8,At Risk,0,High-Spend Watchlist,-0.2301924072083142,-0.20745495532819838,-8.254641,-24.761213
16574,72,1,451.44,3,2,2,7,Needs Attention,0,High-Spend Watchlist,-0.7253381880191127,-0.6175678182172033,-43.036407,-9.571096
16581,183,1,105.84,1,2,1,4,Lost Customers,1,Dormant Customers,-1.9664766945039323,-0.08158003673650731,-47.385048,22.260784
16582,114,1,313.62,2,2,2,6,Needs Attention,0,High-Spend Watchlist,-1.1057034545783313,-0.35976058020416785,-41.45721,3.3809242
16583,374,1,233.45,1,2,1,4,Lost Customers,1,Dormant Customers,-2.5060503726125454,1.8242502743780122,-16.456425,53.842415
16584,81,2,936.08,2,3,4,9,At Risk,0,High-Spend Watchlist,-0.043135343284919365,-0.1390615853975223,-4.853598,-28.730703
16586,249,1,463.95,1,2,2,5,Lost Customers,1,Dormant Customers,-1.5675886065170515,0.9376792525181649,-22.796236,19.388302
16587,233,1,225.15,1,2,1,4,Lost Customers,1,Dormant Customers,-1.8420941322314834,0.5810178348657604,-33.732185,25.747852
16589,72,3,459.24,3,4,2,9,Loyal Customers,0,High-Spend Watchlist,-0.08403422660716318,-0.3033349973346094,17.899372,-48.84918
16591,69,1,213.5,3,2,1,6,Needs Attention,0,High-Spend Watchlist,-1.0751860407719294,-0.8683100836657789,-58.40065,-3.0409274
16592,5,16,4113.68,5,5,5,15,Champions,2,High-Value Active,2.6304893240974074,0.4152601843669677,20.12315,54.73442
16593,51,3,330.03,3,4,2,9,Loyal Customers,0,High-Spend Watchlist,-0.1434000087946677,-0.5860167772575644,17.636026,-53.406475
16594,76,1,181.09,2,2,1,5,Needs Attention,0,High-Spend Watchlist,-1.1889896455328863,-0.8564057773732151,-60.394405,-0.10592046
16595,62,1,360.16,3,2,2,7,Needs Attention,0,High-Spend Watchlist,-0.7870041698300017,-0.7727580110952981,-48.156284,-11.001948
16596,16,2,250.15,4,3,2,9,Potential Loyalists,0,High-Spend Watchlist,-0.37173678845550095,-1.1032894324005855,-26.27901,-55.155045
16597,5,1,90.04,5,2,1,8,Potential Loyalists,0,High-Spend Watchlist,-1.184202370760436,-1.6855049244519111,-77.3198,1.6138018
16598,286,1,145.04999999999998,1,2,1,4,Lost Customers,1,Dormant Customers,-2.3117356615602547,0.912719769679598,-31.578186,37.568893
16600,5,6,813.52,5,5,3,13,Loyal Customers,2,High-Value Active,1.0295233599414455,-0.46766488752532986,60.45614,32.87148
16601,41,1,242.7,3,2,1,6,Needs Attention,0,High-Spend Watchlist,-0.877537162065758,-1.0746458285847311,-61.018215,-9.650943
16602,37,1,528.08,3,2,3,8,Needs Attention,0,High-Spend Watchlist,-0.47976641455058155,-0.8764052597366875,-43.951866,-20.038528
16603,75,2,482.47,2,3,2,7,At Risk,0,High-Spend Watchlist,-0.3371988663854496,-0.3905851181371924,-16.821203,-39.12845
16607,18,14,3347.71,4,5,5,14,Champions,2,High-Value Active,2.352798616617979,0.41110531470068123,27.66053,51.68597
16609,16,7,5493.46,4,5,5,14,Champions,2,High-Value Active,2.030169347555255,0.2622723514091009,26.907146,30.031914
16610,220,1,75.66,1,2,1,4,Lost Customers,1,Dormant Customers,-2.3073753035255096,0.1419525588279993,-46.160706,29.673529
16611,187,1,129.49,1,2,1,4,Lost Customers,1,Dormant Customers,-1.888193498897343,0.01353609529151897,-45.466312,21.794441
16612,33,4,1187.66,3,4,4,11,Loyal Customers,2,High-Value Active,0.7714468497718985,-0.25926838085534243,44.71267,-11.176591
16613,71,1,618.59,3,2,3,8,Needs Attention,0,High-Spend Watchlist,-0.5670201414037745,-0.5317271629567234,-38.62905,-14.430611
16614,183,1,506.19,1,2,3,6,At Risk,1,Dormant Customers,-1.20611438831091,0.3869748000380538,-29.43951,10.266967
16616,16,2,500.42,4,3,3,10,Potential Loyalists,0,High-Spend Watchlist,-0.03421401410940971,-0.8952992056976814,-9.636961,-54.14816
16617,236,1,151.85,1,2,1,4,Lost Customers,1,Dormant Customers,-2.0478345572789194,0.48939229394326095,-38.1321,29.03401
16618,32,5,2647.59,4,4,5,13,Champions,2,High-Value Active,1.3338988152242148,0.05431600171541376,54.596256,11.121746
16619,264,1,226.21,1,2,1,4,Lost Customers,1,Dormant Customers,-1.9896560883239713,0.853375439515179,-29.794374,29.865015
16620,4,2,178.96,5,3,1,9,Potential Loyalists,0,High-Spend Watchlist,-0.47644958137656135,-1.3084441843140728,-30.479261,-54.11919
16621,52,4,813.48,3,4,3,10,Loyal Customers,0,High-Spend Watchlist,0.4950598154413695,-0.20692413936163037,41.897102,-17.303635
16623,246,1,129.45,1,2,1,4,Lost Customers,1,Dormant Customers,-2.1735316055029466,0.5291245620392301,-39.623814,31.719208
16624,81,2,810.5699999999999,2,3,3,8,At Risk,0,High-Spend Watchlist,-0.11333428274559765,-0.18231997991924595,-6.59708,-27.396029
16625,275,1,333.08,1,2,2,5,Lost Customers,1,Dormant Customers,-1.8546316056791605,1.0654900326733365,-22.751852,26.663544
16626,1,17,4413.1,5,5,5,15,Champions,2,High-Value Active,2.7363103412771346,0.42691806954272454,19.107788,55.626633
16627,80,1,322.8,2,2,2,6,Needs Attention,0,High-Spend Watchlist,-0.9273173582879081,-0.6482805637547515,-48.481724,-4.264296
16628,30,5,2188.05,4,4,5,13,Champions,2,High-Value Active,1.2505392518685727,-0.020490313538645062,53.728325,9.005249
16629,74,2,408.63,2,3,2,7,At Risk,0,High-Spend Watchlist,-0.413273220628966,-0.44918309723707767,-18.89751,-40.406487
16633,18,6,2883.1,4,5,5,14,Champions,2,High-Value Active,1.583921681727703,0.026316671924436146,47.175735,22.249966
16634,223,2,217.9,1,3,1,5,At Risk,1,Dormant Customers,-1.4394060154104549,0.6646188426325802,-9.299711,-1.2196369
16637,33,4,1154.47,3,4,4,11,Loyal Customers,0,High-Spend Watchlist,0.7576219420529575,-0.26778764506256547,44.821156,-11.548673
16638,23,10,1680.72,4,5,4,13,Champions,2,High-Value Active,1.7091705187663544,0.1093042468088649,42.591305,45.41467
16639,32,3,1257.51,4,4,4,12,Champions,0,High-Spend Watchlist,0.6003889180660857,-0.3503359342897316,32.395554,-38.871487
16641,106,1,231.10000000000002,2,2,1,5,Needs Attention,0,High-Spend Watchlist,-1.2155360547318046,-0.5211942785455781,-48.936687,8.792921
16642,5,2,688.33,5,3,3,11,Potential Loyalists,0,High-Spend Watchlist,0.17433187787443397,-0.8956968850983622,-1.3307045,-51.13967
16643,246,1,487.51,1,2,3,6,At Risk,1,Dormant Customers,-1.5289568572094736,0.9263281234411584,-22.464817,18.843557
16644,178,2,833.78,2,3,3,8,At Risk,1,Dormant Customers,-0.5684379936963379,0.6739766501960797,-0.97737414,-12.221609
16647,170,2,214.06,2,3,1,6,At Risk,1,Dormant Customers,-1.191859527192205,0.19605622326297456,-11.094923,-5.259788
16648,43,1,290.65999999999997,3,2,2,7,Needs Attention,0,High-Spend Watchlist,-0.7995031178221715,-1.0031212353702386,-54.755547,-13.605569
16650,72,1,518.42,3,2,3,8,Needs Attention,0,High-Spend Watchlist,-0.6579415661524821,-0.576036283972712,-40.682217,-10.306664
16652,59,7,6773.97,3,5,5,13,Loyal Customers,2,High-Value Active,1.9245906864773497,0.7011291757170207,23.094017,27.684425
16653,17,2,1212.66,4,3,4,11,Potential Loyalists,0,High-Spend Watchlist,0.39247756403691075,-0.6206418628207286,3.335902,-38.41483
16654,142,4,601.27,2,4,3,9,At Risk,0,High-Spend Watchlist,-0.08732682479011604,0.4889044528211016,32.620045,-18.703842
16655,18,6,3789.52,4,5,5,14,Champions,2,High-Value Active,1.7173358372078382,0.10852991071239576,29.883547,24.914642
16656,23,15,8625.8,4,5,5,14,Champions,2,High-Value Active,2.8495260977875345,0.768258905288187,11.699632,51.63455
16657,10,4,874.43,5,4,3,12,Loyal Customers,0,High-Spend Watchlist,0.733304792946572,-0.5523095599038158,51.348995,-16.161037
16658,369,1,123.24,1,2,1,4,Lost Customers,1,Dormant Customers,-2.791887766480469,1.5895148970048556,-24.609922,53.33519
16659,190,1,39.12,1,2,1,4,Lost Customers,1,Dormant Customers,-2.4784615817725757,-0.31504529218115096,-51.037617,25.638962
16660,17,4,1267.6499999999999,4,4,4,12,Champions,2,High-Value Active,0.8805794801787159,-0.3795220858189307,47.042336,-8.417888
16665,363,1,135.39999999999998,1,2,1,4,Lost Customers,1,Dormant Customers,-2.7173012236357574,1.5651630297581023,-23.587158,53.274483
16666,20,1,118.98,4,2,1,7,Potential Loyalists,0,High-Spend Watchlist,-1.1219582087095175,-1.4713634287020163,-75.449486,-1.8770995
16667,69,2,567.1800000000001,3,3,3,9,Needs Attention,0,High-Spend Watchlist,-0.22938089835506587,-0.3944589252843884,-13.942615,-37.611176
16668,16,6,306.71999999999997,4,5,2,11,Loyal Customers,0,High-Spend Watchlist,0.5011565120963228,-0.6643491183536714,56.48539,-27.882006
16669,24,3,1348.88,4,4,4,12,Champions,0,High-Spend Watchlist,0.673273532241448,-0.39917457914355253,34.271893,-38.114685
16670,17,11,4095.9,4,5,5,14,Champions,2,High-Value Active,2.2523084519606718,0.36352343684706456,24.633665,45.20024
16671,29,3,1692.27,4,4,4,12,Champions,0,High-Spend Watchlist,0.759748410520462,-0.287291518606594,33.532516,-34.873337
16672,3,20,8134.9400000000005,5,5,5,15,Champions,2,High-Value Active,3.165922634867457,0.6970904127948987,12.0949955,57.560257
16674,55,2,304.24,3,3,2,8,Needs Attention,0,High-Spend Watchlist,-0.46503316537258726,-0.7037399589065223,-23.224508,-46.285015
16676,34,4,1592.1200000000001,3,4,4,11,Loyal Customers,2,High-Value Active,0.9095845545007765,-0.16242536669848676,41.974957,-5.8093266
16678,3,12,3109.99,5,5,5,15,Champions,2,High-Value Active,2.258682543429643,0.19403679796212678,29.88108,49.94511
16679,367,1,129.75,1,2,1,4,Lost Customers,1,Dormant Customers,-2.7572882030786383,1.5873980337840576,-24.072998,53.376854
16680,44,1,183.7,3,2,1,6,Needs Attention,0,High-Spend Watchlist,-1.0273635187609667,-1.1318156804800463,-65.98467,-6.7420254
16681,73,6,1770.34,2,5,4,11,At Risk,2,High-Value Active,1.0800930113210732,0.3603896152173472,45.171562,14.201789
16682,5,5,1028.0,5,4,4,13,Champions,2,High-Value Active,1.0028663626512548,-0.4660877934565326,67.800514,-2.2408907
16684,5,28,66653.56,5,5,5,15,Champions,2,High-Value Active,4.477751845656488,1.4912134785274793,3.8118536,63.041843
16685,62,2,324.24,3,3,2,8,Needs Attention,0,High-Spend Watchlist,-0.4678868945202357,-0.6234654816642237,-22.639648,-44.73266
16686,48,7,2959.88,3,5,5,13,Loyal Customers,2,High-Value Active,1.5736733494146211,0.35597584518502245,36.872444,21.448208
16688,2,4,1260.86,5,4,4,13,Champions,2,High-Value Active,0.9504652018422143,-0.5122417441202787,49.732105,-7.935832
16689,76,2,422.59999999999997,2,3,2,7,At Risk,0,High-Spend Watchlist,-0.4065694498359462,-0.421614055687229,-18.552591,-39.96465
16690,73,2,225.57999999999998,2,3,1,6,At Risk,0,High-Spend Watchlist,-0.6975168017944858,-0.6360603155200336,-27.104486,-45.31286
16692,257,2,1276.0,1,3,4,8,At Risk,1,Dormant Customers,-0.7427759592088934,1.4923463160424881,2.6051478,4.362163
16693,69,2,477.86,3,3,2,8,Needs Attention,0,High-Spend Watchlist,-0.31287387311119236,-0.44590944675296357,-16.990864,-39.91609
16696,136,4,657.9000000000001,2,4,3,9,At Risk,0,High-Spend Watchlist,-0.01445409623809381,0.4634964890666275,32.84094,-18.508955
16697,242,1,112.75,1,2,1,4,Lost Customers,1,Dormant Customers,-2.2210707297911503,0.4529537185940847,-41.066853,31.801523
16698,227,2,1998.0,1,3,4,8,At Risk,1,Dormant Customers,-0.3789962558944285,1.3649466587439145,5.7895145,2.3676631
16700,9,13,5076.55,5,5,5,15,Champions,2,High-Value Active,2.536505508223659,0.4268971389473581,19.225515,48.41281
16701,9,13,5398.3,5,5,5,15,Champions,2,High-Value Active,2.5664993486576044,0.4453801159364908,18.542233,48.367844
16705,1,20,14034.99,5,5,5,15,Champions,2,High-Value Active,3.4418095060813028,0.8436610031824757,8.114999,58.685665
16706,38,3,531.35,3,4,3,10,Loyal Customers,0,High-Spend Watchlist,0.15136737421293822,-0.5567205585171532,22.55711,-52.388237
16708,46,1,656.63,3,2,3,8,Needs Attention,0,High-Spend Watchlist,-0.4170897794568587,-0.7323112789388674,-40.07747,-19.377274
16709,85,5,3029.87,2,4,5,11,At Risk,2,High-Value Active,1.1435297810527785,0.5581128409166489,41.138405,11.882341
16710,20,10,2467.99,4,5,5,14,Champions,2,High-Value Active,1.911127878213916,0.19859856527304542,34.860065,46.117496
16711,4,5,1651.03,5,4,4,13,Champions,2,High-Value Active,1.238811725567568,-0.3324111865419511,63.084103,5.804493
16712,10,11,3611.31,5,5,5,15,Champions,2,High-Value Active,2.2246910688743693,0.2644718754399788,26.722908,45.19605
16713,19,15,6910.78,4,5,5,14,Champions,2,High-Value Active,2.7606581290328216,0.6666201634275585,14.31337,51.23459
16714,219,3,1129.06,1,4,4,9,At Risk,1,Dormant Customers,-0.35606950433866585,1.2517232495587807,10.039249,-1.0492891
16715,79,1,301.71999999999997,2,2,2,6,Needs Attention,0,High-Spend Watchlist,-0.9553466621399311,-0.6772719453672846,-49.72222,-4.089438
16716,267,2,901.2,1,3,3,7,At Risk,1,Dormant Customers,-0.96072173831456,1.4752325402343105,1.2471759,4.686018
16717,24,6,3843.08,4,5,5,14,Champions,2,High-Value Active,1.6951832838096454,0.1651929527326076,29.856611,24.320526
16718,370,1,606.0500000000001,1,2,3,6,At Risk,1,Dormant Customers,-2.022278817120968,2.0754867561160792,-8.068609,49.712154
16719,15,7,1770.22,4,5,4,13,Champions,2,High-Value Active,1.4823512224408317,-0.08702628941417376,44.998955,32.892395
16720,27,1,152.95,4,2,1,7,Potential Loyalists,0,High-Spend Watchlist,-1.0340901287458395,-1.3351838360774468,-71.91451,-7.213987
16721,263,1,292.47,1,2,2,5,Lost Customers,1,Dormant Customers,-1.859897440308138,0.9216170577900279,-25.861856,26.404099
16722,18,13,4730.81,4,5,5,14,Champions,2,High-Value Active,2.4585753956560326,0.48434562040457685,20.505922,48.221973
16723,92,2,576.4,2,3,3,8,At Risk,0,High-Spend Watchlist,-0.3326978624998083,-0.18858843834028372,-8.85673,-22.519672
16725,303,7,758.27,1,5,3,9,At Risk,1,Dormant Customers,-0.323273726944984,2.175373878583128,-1.9863652,9.582896
16726,27,5,1358.74,4,4,4,12,Champions,2,High-Value Active,1.0325829022537028,-0.18995763778956434,62.466038,0.5197838
16727,365,1,256.32,1,2,2,5,Lost Customers,1,Dormant Customers,-2.4171084268250658,1.7735875681688456,-15.077117,52.983265
16728,47,4,1048.28,3,4,4,11,Loyal Customers,0,High-Spend Watchlist,0.6428883571579814,-0.1744233978379137,42.422142,-14.522445
16729,39,21,7205.33,3,5,5,13,Loyal Customers,2,High-Value Active,2.9751586386642783,0.9959875779696059,13.606559,57.859417
16730,53,3,743.11,3,4,3,10,Loyal Customers,0,High-Spend Watchlist,0.2423464453192995,-0.3248718717182759,23.14585,-46.00996
16732,32,1,603.75,4,2,3,9,Potential Loyalists,0,High-Spend Watchlist,-0.3903405457079257,-0.8798937494423102,-41.930416,-21.350077
16734,53,3,646.76,3,4,3,10,Loyal Customers,0,High-Spend Watchlist,0.174651562104184,-0.3665872022876472,22.406738,-48.028584
16735,79,5,2247.41,2,4,5,11,At Risk,2,High-Value Active,1.0267493347250551,0.4158357061422766,43.269413,10.619927
16737,54,1,417.59999999999997,3,2,2,7,Needs Attention,0,High-Spend Watchlist,-0.6762821374679074,-0.798280264331523,-47.048775,-14.931048
16738,298,1,3.75,1,2,1,4,Lost Customers,1,Dormant Customers,-4.042140350410163,-0.012972135493912913,-39.537136,45.40031
16739,177,1,323.0,2,2,2,6,Needs Attention,1,Dormant Customers,-1.395885050161292,0.19971921454116823,-34.497093,11.18818
16742,47,1,464.9,3,2,2,7,Needs Attention,0,High-Spend Watchlist,-0.5901842883756726,-0.8272575708495589,-45.723,-17.45485
16743,30,7,2213.13,4,5,5,14,Champions,2,High-Value Active,1.5188024750406233,0.11122095121631244,41.11829,28.523682
16744,12,7,1291.91,5,5,4,14,Champions,2,High-Value Active,1.3431872270518916,-0.20793973563521345,52.510067,35.47978
16745,87,17,7180.7,2,5,5,12,At Risk,2,High-Value Active,2.558223574933134,1.3250106464066371,15.272109,44.459667
16746,5,18,6680.11,5,5,5,15,Champions,2,High-Value Active,2.968687821213944,0.6106763596314119,14.487869,56.07635
16747,38,2,836.06,3,3,3,9,Needs Attention,0,High-Spend Watchlist,0.1096118579307546,-0.5488519404116106,-3.7984257,-41.1976
16748,18,5,1515.9,4,4,4,12,Champions,2,High-Value Active,1.1294807592510179,-0.23571770660080155,62.70818,2.9906976
16750,45,5,623.93,3,4,3,10,Loyal Customers,0,High-Spend Watchlist,0.5660626935335917,-0.26649735803974317,64.43585,-9.540356
16751,31,1,1764.72,4,2,4,10,Potential Loyalists,0,High-Spend Watchlist,0.13757458157340705,-0.5662978538269151,-27.915588,-15.976827
16752,373,1,207.5,1,2,1,4,Lost Customers,1,Dormant Customers,-2.558481491339756,1.780221865952443,-17.92604,53.88909
16753,59,1,223.92000000000002,3,2,1,6,Needs Attention,0,High-Spend Watchlist,-1.0036923006111271,-0.9414438262369419,-59.54837,-5.303519
16754,373,1,2002.4,1,2,4,7,At Risk,1,Dormant Customers,-1.4539010709151516,2.4608927703108208,-11.147087,18.787836
16755,115,3,1475.43,2,4,4,10,At Risk,0,High-Spend Watchlist,0.27715283397109003,0.42315488655720046,22.075487,-26.570715
16756,215,1,239.4,1,2,1,4,Lost Customers,1,Dormant Customers,-1.725257065227543,0.44207379684025894,-34.785004,23.888874
16757,319,1,106.83000000000001,1,2,1,4,Lost Customers,1,Dormant Customers,-2.6193574993553037,1.109882358088814,-30.357817,44.30154
16758,66,1,369.34000000000003,3,2,2,7,Needs Attention,0,High-Spend Watchlist,-0.794085517238719,-0.7302457091007905,-47.3285,-10.355361
16759,8,3,789.79,5,4,3,12,Loyal Customers,0,High-Spend Watchlist,0.48956550801855675,-0.6998842378194845,32.472534,-51.92822
16761,97,1,316.62,2,2,2,6,Needs Attention,0,High-Spend Watchlist,-1.0188976434934194,-0.5054916489410876,-46.07839,-1.578992
16762,20,3,1207.24,4,4,4,12,Champions,0,High-Spend Watchlist,0.6384934168506577,-0.46748299268831944,34.633904,-41.23484
16763,199,1,611.85,1,2,3,6,At Risk,1,Dormant Customers,-1.1910736112935567,0.5837473568351569,-26.256256,11.951486
16764,4,13,2790.9500000000003,5,5,5,15,Champions,2,High-Value Active,2.2687006946322548,0.20327390198314949,30.058784,51.442963
16765,295,1,34.0,1,2,1,4,Lost Customers,1,Dormant Customers,-3.052649676319829,0.5616204949611562,-38.0029,44.349644
16766,274,2,1145.6,1,3,4,8,At Risk,1,Dormant Customers,-0.8775317239649321,1.6085293883404326,2.0905557,5.0235333
16767,31,11,5575.56,4,5,5,14,Champions,2,High-Value Active,2.3351619722563424,0.5786459472934857,20.354862,41.657837
16768,48,3,478.09000000000003,3,4,2,9,Loyal Customers,0,High-Spend Watchlist,0.05157025538517163,-0.5010280868552053,20.597145,-51.80441
16769,261,1,361.54,1,2,2,5,Lost Customers,1,Dormant Customers,-1.7470491581621699,0.9677190704134923,-24.055685,23.57041
16770,58,5,757.1,3,4,3,10,Loyal Customers,0,High-Spend Watchlist,0.597528552418855,-0.09476025074525582,63.55294,-8.8597
16771,34,5,2242.61,3,4,5,12,Loyal Customers,2,High-Value Active,1.243222645347725,0.021877015731693848,53.271534,9.3938675
16773,58,1,171.59,3,2,1,6,Needs Attention,0,High-Spend Watchlist,-1.128140636694984,-1.029851098854834,-63.505405,-1.5651447
16774,68,4,661.52,3,4,3,10,Loyal Customers,0,High-Spend Watchlist,0.31691237267512196,-0.1291991393018997,39.254307,-19.069117
16775,11,11,1691.51,5,5,4,14,Champions,2,High-Value Active,1.8497530864822798,0.04514443654582154,41.09729,46.02933
16776,61,1,371.54,3,2,2,7,Needs Attention,0,High-Spend Watchlist,-0.7670255737082372,-0.7721656882647059,-47.741272,-11.432295
16777,81,2,222.62,2,3,1,6,At Risk,0,High-Spend Watchlist,-0.742605904913024,-0.5700933608588751,-27.404144,-44.656315
16778,75,2,245.94,2,3,1,6,At Risk,0,High-Spend Watchlist,-0.6651778558251341,-0.5926942187734688,-26.474852,-44.79971
16779,3,22,10611.720000000001,5,5,5,15,Champions,2,High-Value Active,3.378734117851052,0.8176054026284969,9.978491,59.226643
16780,101,2,422.24,2,3,2,7,At Risk,0,High-Spend Watchlist,-0.5278270668843958,-0.20336105581071554,-10.892042,-16.835226
16781,373,1,311.25,1,2,2,5,Lost Customers,1,Dormant Customers,-2.361323676574261,1.9017155893575384,-12.142344,52.868435
16782,11,13,2267.9500000000003,5,5,5,15,Champions,2,High-Value Active,2.133605506819942,0.20205778641886316,31.574215,52.00147
16784,20,1,107.6,4,2,1,7,Potential Loyalists,0,High-Spend Watchlist,-1.1706068699113703,-1.5013419867171587,-75.78788,-0.15434292
16788,124,2,594.39,2,3,3,8,At Risk,0,High-Spend Watchlist,-0.4723983791691357,0.10033259042220947,-6.7936606,-18.32966
16789,9,1,80.8,5,2,1,8,Potential Loyalists,0,High-Spend Watchlist,-1.2557827675948803,-1.6827385979346703,-76.99966,2.3178895
16790,4,6,1545.6200000000001,5,5,4,14,Champions,2,High-Value Active,1.3473901727245836,-0.28350617325475663,55.027782,28.29974
16791,30,7,1705.78,4,5,4,13,Champions,2,High-Value Active,1.3917538230167805,0.03293029960641019,48.2678,32.510555
16792,283,2,110.38000000000001,1,3,1,5,At Risk,1,Dormant Customers,-2.059273621038744,0.9857806186889946,-25.532793,36.509064
16793,58,1,243.84,3,2,1,6,Needs Attention,0,High-Spend Watchlist,-0.9574317903449716,-0.9246559110002711,-58.805023,-6.589421
16794,2,10,1196.5,5,5,4,14,Champions,2,High-Value Active,1.6449024875016194,-0.17639842525656146,45.89229,43.485424
16795,366,1,414.88,1,2,2,5,Lost Customers,1,Dormant Customers,-2.1875797282459177,1.9267480665794618,-9.741972,50.817993
16796,90,1,305.62,2,2,2,6,Needs Attention,0,High-Spend Watchlist,-1.0022682732477872,-0.5772772213368957,-47.008728,-1.9904647
16800,12,1,1162.65,5,2,4,11,Potential Loyalists,0,High-Spend Watchlist,0.025846456646803264,-0.8578086526503302,-37.91165,-23.363983
16801,164,4,1594.23,2,4,4,10,At Risk,2,High-Value Active,0.2818493839789005,0.9742183996655234,20.392334,-5.013293
16803,66,1,332.3,3,2,2,7,Needs Attention,0,High-Spend Watchlist,-0.8455289269162332,-0.7619464631074673,-50.16797,-7.2962127
16804,24,3,536.99,4,4,3,11,Loyal Customers,0,High-Spend Watchlist,0.22418401353101505,-0.6759151072084932,24.558033,-54.529392
16805,174,2,460.59,2,3,2,7,At Risk,1,Dormant Customers,-0.8383439760188429,0.4607776216058851,-6.159138,-10.008137
16806,104,4,762.16,2,4,3,9,At Risk,0,High-Spend Watchlist,0.21193565118149252,0.22799559703825142,34.804226,-17.660534
16807,143,3,1121.59,2,4,4,10,At Risk,0,High-Spend Watchlist,0.00805417860113186,0.5854614388536283,20.278076,-24.673595
16808,100,2,288.42,2,3,2,7,At Risk,0,High-Spend Watchlist,-0.7085302951412353,-0.3264340418723132,-26.424448,-42.46078
16809,24,5,914.69,4,4,3,11,Loyal Customers,2,High-Value Active,0.854072872545057,-0.3351171237448724,65.34931,-4.823002
16810,193,1,309.54,1,2,2,5,Lost Customers,1,Dormant Customers,-1.4939380443296966,0.3268004767191633,-33.50508,13.63019
16811,5,2,547.07,5,3,3,11,Potential Loyalists,0,High-Spend Watchlist,0.06238445647921954,-0.9646817694514433,-5.74097,-54.268288
16812,361,1,479.35,1,2,2,5,Lost Customers,1,Dormant Customers,-2.093055946212357,1.9264010422826319,-9.064471,49.97534
16813,9,10,1652.18,5,5,4,14,Champions,2,High-Value Active,1.7684865253145763,-0.018209739514127955,41.722603,44.859634
16814,15,21,6416.7,4,5,5,14,Champions,2,High-Value Active,3.0345877315698107,0.75135325173975,14.323681,58.22518
16816,104,4,417.06,2,4,2,8,At Risk,0,High-Spend Watchlist,-0.08187037005658462,0.04694475955809416,35.616535,-20.87764
16817,3,9,1604.75,5,5,4,14,Champions,2,High-Value Active,1.6962438363083994,-0.12190993621523702,43.246372,42.841896
16818,11,11,3349.57,5,5,5,15,Champions,2,High-Value Active,2.1831381392470073,0.25058489264018347,28.083982,46.291866
16820,96,1,497.61,2,2,3,7,At Risk,0,High-Spend Watchlist,-0.7939113018652295,-0.37856827320201647,-37.686253,-4.7855234
16823,228,1,358.38,1,2,2,5,Lost Customers,1,Dormant Customers,-1.5918107236353958,0.6766539041621371,-27.994682,18.318317
16824,16,2,460.64,4,3,2,9,Potential Loyalists,0,High-Spend Watchlist,-0.07456612591301919,-0.9201652162898074,-11.401671,-54.80665
16825,39,2,775.1800000000001,3,3,3,9,Needs Attention,0,High-Spend Watchlist,0.06791524589419143,-0.562827464012603,-4.8114834,-41.515476
16826,52,1,341.7,3,2,2,7,Needs Attention,0,High-Spend Watchlist,-0.7642796877189959,-0.8759446265653682,-51.34642,-12.709993
16828,94,2,128.5,2,3,1,6,At Risk,0,High-Spend Watchlist,-1.0721193818651646,-0.6208010175994784,-30.296856,-44.811855
16829,157,1,197.22,2,2,1,5,Needs Attention,1,Dormant Customers,-1.5390847705391706,-0.12290419463702672,-44.968807,15.140081
16830,39,1,325.91,3,2,2,7,Needs Attention,0,High-Spend Watchlist,-0.7244691409820355,-1.0037593769384427,-54.040462,-15.718967
16832,185,3,199.15,1,4,1,6,At Risk,1,Dormant Customers,-1.036738635244099,0.4338313094018847,5.8224854,-9.62694
16833,2,4,1106.53,5,4,4,13,Champions,2,High-Value Active,0.8867802583210781,-0.5514860465712317,50.37105,-10.603737
16834,228,1,413.46,1,2,2,5,Lost Customers,1,Dormant Customers,-1.5221985102312867,0.7195507429762357,-26.394262,17.18342
16835,129,2,180.85,2,3,1,6,At Risk,0,High-Spend Watchlist,-1.0755621102354278,-0.21275742227625868,-13.326963,-5.938979
16836,40,2,251.87,3,3,2,8,Needs Attention,0,High-Spend Watchlist,-0.48441375997835073,-0.8914678204135571,-24.616703,-49.911903
16837,32,11,3170.98,4,5,5,14,Champions,2,High-Value Active,2.0548907259203713,0.41765458936951644,31.117353,46.049885
16838,198,2,588.85,1,3,3,7,At Risk,1,Dormant Customers,-0.8346560244155337,0.7443062962886554,-0.7541157,-1.9121724
16839,9,34,16594.35,5,5,5,15,Champions,2,High-Value Active,3.951377952336935,1.1917610302332,7.5624785,63.6346
16841,37,6,1869.82,3,5,4,12,Loyal Customers,2,High-Value Active,1.2807805604395843,0.06217435596341326,51.921467,20.460897
16842,101,3,1264.19,2,4,4,10,At Risk,0,High-Spend Watchlist,0.2694477818330871,0.254340797694392,22.343813,-28.589808
16843,43,16,10196.57,3,5,5,13,Loyal Customers,2,High-Value Active,2.8898727669326485,1.0204210436609835,10.508724,52.630386
16846,51,1,214.32,3,2,1,6,Needs Attention,0,High-Spend Watchlist,-0.9863167304343978,-1.0244885736795581,-61.205273,-6.495149
16847,44,1,193.44,3,2,1,6,Needs Attention,0,High-Spend Watchlist,-1.0022757189411515,-1.1163559320760768,-64.95307,-7.3709064
16848,53,1,281.42,3,2,2,7,Needs Attention,0,High-Spend Watchlist,-0.8635562390969402,-0.9254023918028117,-54.138103,-10.155598
16849,187,1,124.57,1,2,1,4,Lost Customers,1,Dormant Customers,-1.9069557296735684,0.0019743254519587554,-45.80036,21.98178
16850,334,1,332.41,1,2,2,5,Lost Customers,1,Dormant Customers,-2.1408000715137794,1.5805668106776072,-14.573595,31.728394
16851,5,3,342.45,5,4,2,11,Loyal Customers,0,High-Spend Watchlist,0.09693111062548426,-0.9769926740747612,20.212095,-58.59386
16852,11,2,144.91000000000003,5,3,1,9,Potential Loyalists,0,High-Spend Watchlist,-0.6126780748005304,-1.3103586719853935,-31.326244,-52.749615
16855,24,2,328.4,4,3,2,9,Potential Loyalists,0,High-Spend Watchlist,-0.27800174042274434,-0.9517754602804244,-20.478504,-54.120342
16856,15,1,35.400000000000006,4,2,1,7,Potential Loyalists,0,High-Spend Watchlist,-1.6800663498900905,-1.8738790531054366,-73.2933,9.766008
16858,369,1,375.69000000000005,1,2,2,5,Lost Customers,1,Dormant Customers,-2.2503977967673734,1.9231949628201825,-10.345015,51.522026
16859,145,2,747.81,2,3,3,8,At Risk,0,High-Spend Watchlist,-0.46198236861155956,0.35285026032891803,-4.1122146,-15.718834
16861,60,2,173.76,3,3,1,7,Needs Attention,0,High-Spend Watchlist,-0.7614507628135685,-0.8278051035895719,-29.019459,-47.914375
16863,32,2,502.8,4,3,3,10,Potential Loyalists,0,High-Spend Watchlist,-0.10924159003058027,-0.754029087758917,-10.691067,-49.01904
16866,141,3,207.73999999999998,2,4,1,7,At Risk,0,High-Spend Watchlist,-0.8035413589667832,0.06189736002919239,6.4938407,-11.388559
16869,23,4,817.12,4,4,3,11,Loyal Customers,0,High-Spend Watchlist,0.6374140412444642,-0.45905287621777957,49.12927,-18.185448
16871,23,6,2812.34,4,5,5,14,Champions,2,High-Value Active,1.5476265978331554,0.06254571973808461,47.086052,21.733084
16872,78,3,680.02,2,4,3,9,At Risk,0,High-Spend Watchlist,0.07825273677779132,-0.133015574695277,19.735384,-45.390106
16873,5,6,7123.62,5,5,5,15,Champions,2,High-Value Active,2.0882398624024217,0.18474348932443937,25.253187,29.247824
16875,68,5,2095.53,3,4,5,12,Loyal Customers,2,High-Value Active,1.0457770790999468,0.2986520630036887,44.88513,10.382837
16877,13,6,846.62,5,5,3,13,Loyal Customers,2,High-Value Active,1.01029952562434,-0.3857590880494351,60.503235,32.401794
16878,85,1,13.3,2,2,1,5,Needs Attention,0,High-Spend Watchlist,-2.4745341613526297,-1.5431203942097778,-71.91356,12.164191
16880,31,7,1491.43,4,5,4,13,Champions,2,High-Value Active,1.3214053037014817,0.0012987327890148128,49.341576,32.835598
16881,67,1,432.0,3,2,2,7,Needs Attention,0,High-Spend Watchlist,-0.7226091724620163,-0.6744811418595196,-44.16209,-10.413052
16882,67,3,705.12,3,4,3,10,Loyal Customers,0,High-Spend Watchlist,0.14909232113127927,-0.21827142758646398,21.017017,-45.34236
16883,188,2,272.48,1,3,2,6,At Risk,1,Dormant Customers,-1.1615515606833078,0.4256748207691936,-8.598707,-4.591336
16884,38,2,429.84000000000003,3,3,2,8,Needs Attention,0,High-Spend Watchlist,-0.21461553110209372,-0.7486492082519275,-16.702715,-49.72684
16885,16,3,450.41,4,4,2,10,Loyal Customers,0,High-Spend Watchlist,0.17719609649683382,-0.7986222932001004,22.267496,-57.02627
16887,36,1,192.32999999999998,3,2,1,6,Needs Attention,0,High-Spend Watchlist,-0.9664009443418797,-1.188000993292712,-66.4679,-8.549223
16889,195,3,1578.67,1,4,4,9,At Risk,1,Dormant Customers,-0.07654795622256784,1.1427155628750467,9.524567,0.6654317
16891,2,5,742.43,5,4,3,12,Loyal Customers,0,High-Spend Watchlist,0.8586765611150834,-0.5900982708688828,67.90162,-6.7367897
16892,2,5,518.19,5,4,3,12,Loyal Customers,0,High-Spend Watchlist,0.6834185795899637,-0.6980967529847169,66.73851,-10.613581
16893,367,1,145.93,1,2,1,4,Lost Customers,1,Dormant Customers,-2.700332947163613,1.6224953294040005,-22.75569,53.648605
16895,65,1,202.27,3,2,1,6,Needs Attention,0,High-Spend Watchlist,-1.082102772249769,-0.919448362401147,-59.785995,-3.1686141
16897,300,2,289.78,1,3,2,6,At Risk,1,Dormant Customers,-1.6729821686317072,1.4230464061626018,-2.9147913,13.8770485
16898,27,3,501.03,4,4,3,11,Loyal Customers,0,High-Spend Watchlist,0.17591074874104823,-0.6705053282961586,23.21041,-54.642567
16899,8,6,1271.06,5,5,4,14,Champions,2,High-Value Active,1.2326487706441553,-0.30733676981397906,56.522266,30.064383
16900,17,3,887.11,4,4,3,11,Loyal Customers,0,High-Spend Watchlist,0.5027215991123771,-0.586306091672957,32.563675,-48.45703
16902,117,1,1706.88,2,2,4,8,At Risk,0,High-Spend Watchlist,-0.294382913107265,0.17535304160594636,-29.64996,-4.8157034
16903,30,1,363.2,4,2,2,8,Potential Loyalists,0,High-Spend Watchlist,-0.6282337455758429,-1.0499276716443222,-53.577187,-19.636332
16904,5,16,3653.75,5,5,5,15,Champions,2,High-Value Active,2.5726240100980506,0.3796020875162349,20.85877,55.07788
16905,6,7,3037.6,5,5,5,15,Champions,2,High-Value Active,1.7893377012881568,-0.0033243384522545004,35.233337,31.003965
16906,82,4,559.59,2,4,3,9,At Risk,0,High-Spend Watchlist,0.1676851630342429,-0.05709075205471071,37.533722,-19.858326
16907,30,5,928.76,4,4,3,11,Loyal Customers,2,High-Value Active,0.8325146844855261,-0.2780878184946546,64.59037,-4.873549
16909,73,1,379.14,2,2,2,6,Needs Attention,0,High-Spend Watchlist,-0.8151711662213446,-0.6612062104375009,-45.955822,-7.455492
16910,5,8,1508.96,5,5,4,14,Champions,2,High-Value Active,1.560337911850941,-0.1699152214623549,45.601242,40.743046
16912,29,11,2555.58,4,5,5,14,Champions,2,High-Value Active,1.9640990137221235,0.3265493899148202,33.87574,47.656445
16913,291,1,113.44,1,2,1,4,Lost Customers,1,Dormant Customers,-2.4549698388204604,0.8830501938652028,-33.091812,40.605186
16914,37,1,183.76,3,2,1,6,Needs Attention,0,High-Spend Watchlist,-0.9933690430213344,-1.1929004276192055,-67.05893,-8.025458
16915,10,6,621.6800000000001,5,5,3,13,Loyal Customers,2,High-Value Active,0.8742468819279329,-0.504755239222352,67.69826,-9.493905
16916,24,2,562.41,4,3,3,10,Potential Loyalists,0,High-Spend Watchlist,-0.01597995229921276,-0.7903108858720848,-7.6475143,-48.757545
16917,277,1,391.52,1,2,2,5,Lost Customers,1,Dormant Customers,-1.7856013947036524,1.1314662319275963,-20.75864,25.930914
16918,50,6,1068.82,3,5,4,12,Loyal Customers,2,High-Value Active,0.9451067115620946,0.00767051937743528,62.095337,26.186237
16919,157,11,2592.25,2,5,5,12,At Risk,2,High-Value Active,1.3523374837684643,1.4495985196834222,21.60523,2.7040782
16921,62,1,154.18,3,2,1,6,Needs Attention,0,High-Spend Watchlist,-1.199384864476473,-1.0268776163088773,-64.12031,0.22513989
16923,13,19,7069.08,5,5,5,15,Champions,2,High-Value Active,3.0044823923004444,0.7204951858784848,13.65612,56.615982
16924,22,3,829.89,4,4,3,11,Loyal Customers,0,High-Spend Watchlist,0.4460413548212715,-0.5626389047306806,31.210918,-48.83291
16926,372,1,230.25,1,2,1,4,Lost Customers,1,Dormant Customers,-2.503091974716762,1.8026353100305663,-16.686657,53.671543
16927,116,3,543.05,2,4,3,9,At Risk,0,High-Spend Watchlist,-0.21504843995754255,0.1315667872146746,14.773745,-23.53637
16928,81,17,2814.7,2,5,5,12,At Risk,2,High-Value Active,2.1301329831548523,0.9908961819805998,26.990452,53.886196
16929,4,7,1295.39,5,5,4,14,Champions,2,High-Value Active,1.3831690603157185,-0.2770539215223902,52.054543,36.037067
16930,27,3,378.89,4,4,2,10,Loyal Customers,0,High-Spend Watchlist,0.03981756274605315,-0.7543694546878045,19.883984,-56.607304
16931,6,21,4554.87,5,5,5,15,Champions,2,High-Value Active,2.910820346959781,0.5696135776521547,17.357359,58.656086
16932,54,1,150.23000000000002,3,2,1,6,Needs Attention,0,High-Spend Watchlist,-1.1733023512586245,-1.1045569211957424,-65.53745,-0.66287833
16933,2,2,563.23,5,3,3,11,Potential Loyalists,0,High-Spend Watchlist,0.0910714878087529,-0.9821610898801509,-4.8121142,-53.787872
16934,55,2,931.03,3,3,3,9,Needs Attention,0,High-Spend Watchlist,0.07990297615824982,-0.367936273258377,-4.534483,-33.706936
16936,26,1,261.9,4,2,2,8,Potential Loyalists,0,High-Spend Watchlist,-0.7680103177466353,-1.1829376061189973,-61.456295,-18.192585
16938,9,4,2711.6800000000003,5,4,5,14,Champions,2,High-Value Active,1.2902559753764413,-0.2208208992606315,39.981884,1.9124984
16940,53,3,3049.88,3,4,5,12,Loyal Customers,2,High-Value Active,0.9311630257389759,0.09959464612120957,23.775618,-16.503353
16942,13,9,1904.99,5,5,4,14,Champions,2,High-Value Active,1.731585602741067,0.01705859714699304,41.713943,43.03172
16943,212,3,816.73,1,4,3,8,At Risk,1,Dormant Customers,-0.4801559466653402,1.0932249692151916,10.5770235,-3.1273005
16945,22,19,4345.5,4,5,5,14,Champions,2,High-Value Active,2.723480344607758,0.6528055106424624,18.547562,57.971962
16947,236,1,406.48,1,2,2,5,Lost Customers,1,Dormant Customers,-1.5691596348379409,0.7843641097811073,-25.478601,18.489105
16948,139,3,435.02,2,4,2,8,At Risk,0,High-Spend Watchlist,-0.4342831441512723,0.2660057771927246,13.617052,-21.485256
16949,4,6,1286.27,5,5,4,14,Champions,2,High-Value Active,1.2577860874153102,-0.338722518442392,56.29606,30.086014
16950,57,3,1178.56,3,4,4,11,Loyal Customers,0,High-Spend Watchlist,0.4479188133513565,-0.15131687321408382,24.460772,-34.113888
16951,135,3,1277.75,2,4,4,10,At Risk,0,High-Spend Watchlist,0.11030622881060968,0.5547197644642522,20.859955,-25.087116
16952,110,2,167.61,2,3,1,6,At Risk,0,High-Spend Watchlist,-1.0206249571047235,-0.40156478417219277,-29.868452,-44.206833
16953,31,1,20.8,4,2,1,7,Potential Loyalists,0,High-Spend Watchlist,-2.0076740256626344,-1.8882552980839828,-72.69145,10.887711
16954,1,9,2085.08,5,5,5,15,Champions,2,High-Value Active,1.833665199158704,-0.06066535836373597,39.771786,42.56469
16955,185,4,518.67,1,4,3,8,At Risk,1,Dormant Customers,-0.3671879788700133,0.8203639161655735,13.717272,-4.0486712
16956,18,1,308.74,4,2,2,8,Potential Loyalists,0,High-Spend Watchlist,-0.6492993758375535,-1.2035368875320436,-59.386555,-20.982134
16957,240,2,416.64,1,3,2,6,At Risk,1,Dormant Customers,-1.2062140111868935,1.007540806945031,-4.3216686,2.50874
16959,88,1,117.35000000000001,2,2,1,5,Needs Attention,0,High-Spend Watchlist,-1.457327614142042,-0.8811345129153033,-64.317444,7.3917627
16960,39,3,507.05,3,4,3,10,Loyal Customers,0,High-Spend Watchlist,0.12372538958153294,-0.5620352587236739,22.056185,-52.5689
16961,117,1,234.17,2,2,1,5,Needs Attention,0,High-Spend Watchlist,-1.2622919620451405,-0.42109744356918094,-47.896103,9.359278
16963,188,1,110.55000000000001,1,2,1,4,Lost Customers,1,Dormant Customers,-1.9695849736235056,-0.02490042506960537,-46.703556,22.428396
16965,227,1,201.19,1,2,1,4,Lost Customers,1,Dormant Customers,-1.8677632197526621,0.49488586602899554,-35.801636,26.191242
16966,9,7,2154.97,5,5,5,15,Champions,2,High-Value Active,1.6073155226451081,-0.08033408505924083,42.0965,32.299778
16967,190,1,319.02,1,2,2,5,Lost Customers,1,Dormant Customers,-1.464757064123702,0.30962554031015305,-33.518524,13.074564
16968,5,2,439.43,5,3,2,10,Potential Loyalists,0,High-Spend Watchlist,-0.04435625927903923,-1.0304581476884445,-13.325168,-57.257496
16969,40,3,650.41,3,4,3,10,Loyal Customers,0,High-Spend Watchlist,0.24023275515863726,-0.4785214166576621,24.04966,-49.717793
16971,39,1,357.21,3,2,2,7,Needs Attention,0,High-Spend Watchlist,-0.6798328838554623,-0.9762533656569478,-52.84991,-17.584982
16976,268,1,251.51999999999998,1,2,2,5,Lost Customers,1,Dormant Customers,-1.9574316747202165,0.9201089637947687,-28.14806,29.09481
16978,78,1,344.33,2,2,2,6,Needs Attention,0,High-Spend Watchlist,-0.8862238072062993,-0.6463956645097729,-47.72615,-4.9999175
16979,4,6,1852.0,5,5,4,14,Champions,2,High-Value Active,1.4356204461696167,-0.22913640632141552,52.83254,24.99026
16980,256,2,1028.46,1,3,4,8,At Risk,1,Dormant Customers,-0.8431343228472582,1.4187839049007198,1.8569156,4.1490192
16982,61,1,384.06,3,2,2,7,Needs Attention,0,High-Spend Watchlist,-0.750888991253514,-0.7622219105463864,-47.164707,-11.556335
16983,13,7,1905.87,5,5,4,14,Champions,2,High-Value Active,1.528043472578703,-0.0823075533678011,44.128307,32.665543
16984,89,2,4459.52,2,3,5,10,At Risk,2,High-Value Active,0.6798747756973706,0.4002278928906282,20.418123,-14.771073
16985,18,10,5464.12,4,5,5,14,Champions,2,High-Value Active,2.308689770559567,0.4201484375129791,22.012762,40.246624
16986,30,2,1873.2,4,3,4,11,Potential Loyalists,0,High-Spend Watchlist,0.5417726785432958,-0.3762953334321278,4.3972054,-33.21415
16987,4,7,1616.8,5,5,4,14,Champions,2,High-Value Active,1.4912924064428152,-0.2104255308414345,45.660484,34.161808
16988,6,1,126.12,5,2,1,8,Potential Loyalists,0,High-Spend Watchlist,-1.026066568812234,-1.5763385677225956,-76.6755,-3.3106213
16989,8,6,1133.25,5,5,4,14,Champions,2,High-Value Active,1.1766714247903005,-0.3418314520674256,57.904465,31.45298
16990,219,1,179.0,1,2,1,4,Lost Customers,1,Dormant Customers,-1.8858447100508555,0.3899915646986887,-37.040707,26.043743
16992,11,5,1614.31,5,4,4,13,Champions,2,High-Value Active,1.1940025839911605,-0.27799071503119915,62.714622,4.7430935
16996,31,6,1456.96,4,5,4,13,Champions,2,High-Value Active,1.1880612882264472,-0.06527566360806202,57.909336,27.340105
16997,289,3,702.0,1,4,3,8,At Risk,1,Dormant Customers,-0.9261514003068773,1.720754288808688,-0.6020632,8.38351
16998,150,4,295.0,2,4,2,8,At Risk,0,High-Spend Watchlist,-0.472771493944182,0.345135541579662,7.59003,-11.72443
16999,24,2,484.82,4,3,2,9,Potential Loyalists,0,High-Spend Watchlist,-0.0883129131039679,-0.8348843193093403,-10.789283,-52.625217
17001,1,11,3989.57,5,5,5,15,Champions,2,High-Value Active,2.3168103269450726,0.215767110893783,25.699202,44.17629
17002,86,3,1493.73,2,4,4,10,At Risk,0,High-Spend Watchlist,0.4233438531487839,0.173390480597955,25.94433,-30.994698
17004,47,2,1312.1399999999999,3,3,4,10,Needs Attention,0,High-Spend Watchlist,0.2859254147646285,-0.3347319616338177,0.12968752,-33.39448
17006,5,4,781.78,5,4,3,12,Loyal Customers,0,High-Spend Watchlist,0.7028640690655826,-0.6296629312992642,52.4185,-18.122341
17007,51,6,889.9300000000001,3,5,3,11,Loyal Customers,2,High-Value Active,0.8509463940832359,-0.038634490758970894,62.847393,26.137007
17010,19,1,195.36,4,2,1,7,Potential Loyalists,0,High-Spend Watchlist,-0.8766362912804878,-1.3319087473965427,-69.30636,-12.801349
17011,31,1,270.9,4,2,2,8,Potential Loyalists,0,High-Spend Watchlist,-0.7757464759349793,-1.1291098127287496,-60.65579,-17.889791
17014,9,3,583.4300000000001,5,4,3,12,Loyal Customers,0,High-Spend Watchlist,0.3371091922488282,-0.7821127435596489,28.031937,-55.671227
17015,29,3,1838.6100000000001,4,4,4,12,Champions,2,High-Value Active,0.8002144215766239,-0.26235532036148496,33.45159,-34.198723
17017,3,20,8694.26,5,5,5,15,Champions,2,High-Value Active,3.1983799706151754,0.717091459045538,11.599707,57.6389
17018,41,2,920.1,3,3,3,9,Needs Attention,0,High-Spend Watchlist,0.14181607586254277,-0.49384986388852753,-3.2759287,-40.058342
17019,12,4,1258.08,5,4,4,13,Champions,2,High-Value Active,0.9010514896205978,-0.42550171964539857,48.206486,-8.36181
17022,32,1,71.0,4,2,1,7,Potential Loyalists,0,High-Spend Watchlist,-1.4292547878014,-1.5200994634316367,-75.350876,3.863203
17024,46,3,95.85,3,4,1,8,Loyal Customers,0,High-Spend Watchlist,-0.7192237795866583,-0.9994492289067965,-33.40333,-49.086227
17025,61,3,357.77,3,4,2,9,Loyal Customers,0,High-Spend Watchlist,-0.15245217291333132,-0.47440492729986367,17.500467,-51.84223
17026,186,2,154.82999999999998,1,3,1,5,At Risk,1,Dormant Customers,-1.4264657899105344,0.23898984432920656,-11.886599,-3.0688272
17027,79,6,877.5600000000001,2,5,3,10,At Risk,2,High-Value Active,0.7087771989268766,0.20188926408401278,62.97183,24.835976
17029,111,2,716.0,2,3,3,8,At Risk,0,High-Spend Watchlist,-0.318827995124265,0.042619581767743005,-6.3551407,-20.51384
17030,64,1,146.87,3,2,1,6,Needs Attention,0,High-Spend Watchlist,-1.232607914076113,-1.0239125098300297,-64.243416,1.1755421
17031,12,2,380.35,5,3,2,10,Potential Loyalists,0,High-Spend Watchlist,-0.1485062858763028,-1.012605057896306,-16.739326,-56.855072
17033,87,3,1030.14,2,4,4,10,At Risk,0,High-Spend Watchlist,0.2372593549413645,0.07043942272076024,21.931456,-31.156506
17034,17,3,745.52,4,4,3,11,Loyal Customers,0,High-Spend Watchlist,0.4179382689602804,-0.6385517633705947,30.859987,-50.902843
17035,246,2,433.53000000000003,1,3,2,6,At Risk,1,Dormant Customers,-1.21586234978878,1.0719092681781066,-4.159232,2.9341068
17037,88,1,1267.32,2,2,4,8,At Risk,0,High-Spend Watchlist,-0.2994674360010742,-0.16763124959219583,-30.356289,-12.825628
17038,31,1,112.4,4,2,1,7,Potential Loyalists,0,High-Spend Watchlist,-1.2026639316148178,-1.3921873444962145,-73.94016,-0.11095933
17040,138,1,449.73,2,2,2,6,Needs Attention,0,High-Spend Watchlist,-1.0462111090714326,-0.04184380071421102,-36.324375,2.4732
17041,27,3,1071.49,4,4,4,12,Champions,0,High-Spend Watchlist,0.5464756852579371,-0.442153670238073,32.54931,-42.963852
17042,3,5,1036.58,5,4,4,13,Champions,2,High-Value Active,1.0165874077684298,-0.4810705373861488,67.994576,-2.0740232
17043,33,4,1735.18,3,4,4,11,Loyal Customers,2,High-Value Active,0.9563980659074585,-0.1452966779160666,41.51776,-5.0813265
17044,26,1,948.48,4,2,4,10,Potential Loyalists,0,High-Spend Watchlist,-0.14112184381906578,-0.7966327825045288,-38.30192,-22.774038
17045,114,3,339.44,2,4,2,8,At Risk,0,High-Spend Watchlist,-0.4342396975242236,-0.026942516458840163,12.258994,-22.503225
17046,158,1,642.02,2,2,3,7,At Risk,0,High-Spend Watchlist,-0.9694321472128099,0.23984942634823345,-33.244457,0.96028805
17047,86,3,1100.9,2,4,4,10,At Risk,0,High-Spend Watchlist,0.2744938673248932,0.0816652855908477,22.539598,-31.014067
17048,118,3,925.35,2,4,3,9,At Risk,0,High-Spend Watchlist,0.035097522499500065,0.3091511773031466,18.577915,-25.285913
17049,3,9,5655.03,5,5,5,15,Champions,2,High-Value Active,2.3109232675211886,0.25687136082538103,23.330828,38.573708
17050,97,6,3185.64,2,5,5,12,At Risk,2,High-Value Active,1.2507569292699845,0.7468131809528535,40.268986,13.80112
17051,195,1,240.89000000000001,1,2,1,4,Lost Customers,1,Dormant Customers,-1.6255666310791062,0.26912555669830357,-39.328514,17.224258
17052,29,1,399.09,4,2,2,8,Potential Loyalists,0,High-Spend Watchlist,-0.5775180298503467,-1.0303943440564656,-51.26397,-21.095774
17053,131,1,498.48,2,2,3,7,At Risk,0,High-Spend Watchlist,-0.9622398300997476,-0.07213155451192954,-35.96751,1.3497856
17054,29,5,1356.33,4,4,4,12,Champions,2,High-Value Active,1.0220494853782693,-0.17301059523764378,62.204365,0.25640374
17058,82,3,1179.89,2,4,4,10,At Risk,0,High-Spend Watchlist,0.3276263833340219,0.06753089977011464,23.304922,-31.262646
17059,30,5,3080.39,4,4,5,13,Champions,2,High-Value Active,1.4174535137514432,0.0823665536349114,54.95062,11.990766
17060,267,1,234.24,1,2,1,4,Lost Customers,1,Dormant Customers,-1.9872020283472904,0.8900447024688134,-29.126062,29.865719
17061,74,11,5232.2300000000005,2,5,5,12,At Risk,2,High-Value Active,2.096292309458486,0.9353654233323884,18.348396,42.64096
17062,314,4,533.33,1,4,3,8,At Risk,1,Dormant Customers,-0.9771546685682645,1.9562380753902937,-2.2338796,8.951577
17063,22,7,1461.14,4,5,4,13,Champions,2,High-Value Active,1.3548987681771607,-0.08353275572148329,49.604523,33.65895
17064,59,3,855.45,3,4,3,10,Loyal Customers,0,High-Spend Watchlist,0.2819854216334667,-0.23013129760236417,22.997559,-44.482857
17068,13,21,4552.14,5,5,5,15,Champions,2,High-Value Active,2.8766918137140176,0.6306157151032845,17.585531,58.634777
17069,29,9,2709.7000000000003,4,5,5,14,Champions,2,High-Value Active,1.8261850517503349,0.2628572567184611,34.045353,44.60911
17070,115,1,304.24,2,2,2,6,Needs Attention,0,High-Spend Watchlist,-1.125312924058774,-0.3601254376912455,-41.527702,3.6417458
17071,29,9,2429.03,4,5,5,14,Champions,2,High-Value Active,1.7728256513220393,0.22997581986338161,34.389713,44.48588
17073,18,4,1446.09,4,4,4,12,Champions,2,High-Value Active,0.9399905573440124,-0.3311924472297763,45.76647,-6.500827
17075,18,4,834.12,4,4,3,11,Loyal Customers,0,High-Spend Watchlist,0.6716226055208608,-0.49656769116000204,50.084557,-17.55389
17076,37,3,841.0799999999999,3,4,3,10,Loyal Customers,0,High-Spend Watchlist,0.38006646428334073,-0.42750929156338474,28.434893,-46.042435
17078,37,2,378.2,3,3,2,8,Needs Attention,0,High-Spend Watchlist,-0.2721089111281537,-0.795797112472164,-18.178013,-50.465282
17079,79,1,118.80000000000001,2,2,1,5,Needs Attention,0,High-Spend Watchlist,-1.407879586075262,-0.9561343884192778,-64.79363,6.446994
17080,23,2,287.62,4,3,2,9,Potential Loyalists,0,High-Spend Watchlist,-0.33768647681776304,-1.0002737347352315,-23.184591,-53.711887
17081,26,2,288.91,4,3,2,9,Potential Loyalists,0,High-Spend Watchlist,-0.3500105148505964,-0.9727111163959982,-23.083944,-53.14365
17082,34,2,2003.85,3,3,4,10,Needs Attention,0,High-Spend Watchlist,0.5553348465550135,-0.3210619655464086,4.47933,-32.74282
17083,110,3,1405.78,2,4,4,10,At Risk,0,High-Spend Watchlist,0.27773085346205617,0.36491606373842655,22.121656,-27.110348
17084,36,2,2747.9900000000002,3,3,5,11,Needs Attention,0,High-Spend Watchlist,0.6997676292844388,-0.2086207595278994,5.7943773,-31.713423
17085,124,5,1562.4,2,4,4,10,At Risk,2,High-Value Active,0.631848414395303,0.6998427079151615,27.17299,-5.601469
17086,8,6,2050.08,5,5,4,14,Champions,2,High-Value Active,1.4658651944452332,-0.16362280280478222,51.44952,24.295567
17088,29,4,1991.01,4,4,4,12,Champions,2,High-Value Active,1.0428362172963779,-0.13890727340428763,41.17656,-3.7070584
17090,5,7,1974.65,5,5,4,14,Champions,2,High-Value Active,1.584011317426703,-0.1415707471851569,43.19527,33.033985
17091,3,9,3827.76,5,5,5,15,Champions,2,High-Value Active,2.120445606794696,0.13949412039146947,28.34832,39.81919
17092,51,4,1774.03,3,4,4,11,Loyal Customers,2,High-Value Active,0.8801948021167697,0.018686956203354865,38.28866,-6.3468504
17094,323,1,302.0,1,2,2,5,Lost Customers,1,Dormant Customers,-2.1343187085616115,1.4556517641649236,-15.578173,31.352968
17095,23,3,1324.16,4,4,4,12,Champions,0,High-Spend Watchlist,0.6690844995079728,-0.41347497166886926,34.494568,-38.41949
17096,16,4,1022.13,4,4,4,12,Champions,0,High-Spend Watchlist,0.7804126760228646,-0.4529664530738172,48.64126,-12.390654
17097,3,8,954.42,5,5,4,14,Champions,2,High-Value Active,1.3465726731400733,-0.325080872565754,54.74692,37.761997
17100,19,2,971.74,4,3,4,11,Potential Loyalists,0,High-Spend Watchlist,0.274786737338566,-0.6697279761207147,1.7340621,-41.1522
17101,11,4,1621.73,5,4,4,13,Champions,2,High-Value Active,1.0297497680765326,-0.35791352840396784,45.280727,-3.623553
17102,262,1,25.5,1,2,1,4,Lost Customers,1,Dormant Customers,-3.028950073586452,0.18949771267797014,-39.05922,44.257057
17105,160,2,665.78,2,3,3,8,At Risk,0,High-Spend Watchlist,-0.5911287460694447,0.4490519762273671,-3.6000185,-13.206528
17107,34,6,10797.48,3,5,5,13,Loyal Customers,2,High-Value Active,2.151070570092481,0.5633124668900986,21.61821,29.79745
17109,30,6,881.29,4,5,3,12,Loyal Customers,2,High-Value Active,0.9476968252872313,-0.22511343910054626,60.994473,30.887959
17110,166,1,163.29999999999998,2,2,1,5,Needs Attention,1,Dormant Customers,-1.6742109331826849,-0.10070139236350724,-45.574074,17.484993
17111,48,1,231.61,3,2,1,6,Needs Attention,0,High-Spend Watchlist,-0.9341098083987424,-1.0274743316828223,-60.858547,-8.041941
17114,6,8,801.12,5,5,3,13,Loyal Customers,2,High-Value Active,1.2466928494436758,-0.35147238441698486,55.38538,37.659393
17115,9,3,837.5,5,4,3,12,Loyal Customers,0,High-Spend Watchlist,0.5133302797306776,-0.6735207707477656,33.00637,-50.9502
17117,289,1,116.19999999999999,1,2,1,4,Lost Customers,1,Dormant Customers,-2.4336685766758452,0.8727385749020391,-33.10327,40.149696
17118,318,1,157.02,1,2,1,4,Lost Customers,1,Dormant Customers,-2.4279591452399827,1.2161079508387804,-26.415432,42.292973
17119,4,2,606.91,5,3,3,11,Potential Loyalists,0,High-Spend Watchlist,0.11780496920470433,-0.9422492247766372,-3.2708452,-52.672565
17120,234,1,307.46,1,2,2,5,Lost Customers,1,Dormant Customers,-1.6954006579060978,0.6831331346082128,-28.610752,20.635994
17122,120,1,138.32,2,2,1,5,Needs Attention,0,High-Spend Watchlist,-1.5323711228923558,-0.5523701705836415,-51.84856,12.727385
17123,162,1,345.29999999999995,2,2,2,6,Needs Attention,1,Dormant Customers,-1.2908854826587848,0.08863761242911185,-35.671383,8.644883
17124,186,1,294.24,1,2,2,5,Lost Customers,1,Dormant Customers,-1.484766867082496,0.25041897370639726,-34.502106,12.907375
17125,51,1,230.5,3,2,1,6,Needs Attention,0,High-Spend Watchlist,-0.9509460426601556,-1.00269224487462,-60.49095,-7.3872533
17126,153,5,989.45,2,4,4,10,At Risk,0,High-Spend Watchlist,0.26883816481541073,0.8159975197595477,18.188183,-4.7987676
17128,335,1,157.09,1,2,1,4,Lost Customers,1,Dormant Customers,-2.5099158795071235,1.364827145602402,-25.579092,43.968056
17131,6,5,2463.17,5,4,5,14,Champions,2,High-Value Active,1.4243421494160442,-0.19464455556547738,58.43368,10.294027
17133,16,7,4892.240000000001,4,5,5,14,Champions,2,High-Value Active,1.9735965927047192,0.22741076279669653,27.874,30.019953
17134,107,2,413.2,2,3,2,7,At Risk,0,High-Spend Watchlist,-0.5673692482030605,-0.1574139503979381,-10.789393,-16.336592
17135,17,7,1139.73,4,5,4,13,Champions,2,High-Value Active,1.2578856843227477,-0.20190972995334866,54.060177,35.5088
17138,276,1,380.5,1,2,2,5,Lost Customers,1,Dormant Customers,-1.7946693444721014,1.1141593250651813,-21.089514,26.006063
17139,16,12,10650.77,4,5,5,14,Champions,2,High-Value Active,2.796685858507272,0.6779153320124075,9.930623,49.46431
17140,248,1,454.12,1,2,2,5,Lost Customers,1,Dormant Customers,-1.573186645999254,0.9225105937442626,-23.108137,19.382904
17142,240,1,579.0,1,2,3,6,At Risk,1,Dormant Customers,-1.4161501278171795,0.925528519534442,-21.36746,18.16856
17144,2,2,984.57,5,3,4,12,Potential Loyalists,0,High-Spend Watchlist,0.3633564231815984,-0.8143720998017704,3.830633,-42.031826
17146,106,3,749.78,2,4,3,9,At Risk,0,High-Spend Watchlist,-0.009483385937907084,0.1410512413500293,16.817274,-25.123222
17147,23,4,1714.59,4,4,4,12,Champions,2,High-Value Active,0.9989110098635211,-0.23628913353061587,43.026905,-4.3927503
17148,52,1,124.88,3,2,1,6,Needs Attention,0,High-Spend Watchlist,-1.2532022118899548,-1.1772312785238557,-68.09215,2.3243616
17152,195,3,1689.5,1,4,4,9,At Risk,1,Dormant Customers,-0.04344543879694106,1.1631141866927484,9.453535,0.7916006
17153,25,1,213.78,4,2,1,7,Potential Loyalists,0,High-Spend Watchlist,-0.8618663045821059,-1.2524930852012572,-67.32672,-13.4954
17154,76,1,329.34,2,2,2,6,Needs Attention,0,High-Spend Watchlist,-0.8982207653647875,-0.6772265044442124,-48.7389,-5.1010504
17155,18,2,251.70000000000002,4,3,2,9,Potential Loyalists,0,High-Spend Watchlist,-0.37840061138239034,-1.0839578463932933,-26.106083,-54.822506
17157,8,2,319.0,5,3,2,10,Potential Loyalists,0,High-Spend Watchlist,-0.2147961275657214,-1.1003305763427944,-20.555647,-57.68608
17158,33,3,1266.97,3,4,4,11,Loyal Customers,0,High-Spend Watchlist,0.5992110370098401,-0.33934277227050935,32.252068,-38.678825
17159,22,3,1538.88,4,4,4,12,Champions,0,High-Spend Watchlist,0.7472284277649855,-0.377039673085017,34.637093,-36.199196
17160,32,6,3518.03,4,5,5,14,Champions,2,High-Value Active,1.6133837200725967,0.20853797605534088,30.260483,23.380667
17162,29,10,1715.46,4,5,4,13,Champions,2,High-Value Active,1.690150043903535,0.1678973562915931,42.857533,45.55563
17163,22,2,293.1,4,3,2,9,Potential Loyalists,0,High-Spend Watchlist,-0.32367069396330594,-1.003355851016658,-22.838453,-53.97148
17164,33,7,2467.35,3,5,5,13,Loyal Customers,2,High-Value Active,1.5573615450546205,0.17013905126640871,40.200123,27.849487
17165,285,1,158.68,1,2,1,4,Lost Customers,1,Dormant Customers,-2.263345413389859,0.9308200842658497,-30.996964,36.647102
17166,39,2,206.34,3,3,1,7,Needs Attention,0,High-Spend Watchlist,-0.576490868174871,-0.9599271086621495,-28.125637,-50.289043
17169,58,2,835.78,3,3,3,9,Needs Attention,0,High-Spend Watchlist,0.012774486061063173,-0.374145569810745,-5.940048,-33.80023
17171,290,1,224.91,1,2,1,4,Lost Customers,1,Dormant Customers,-2.118133516501257,1.0788984084857685,-28.155216,33.05482
17172,79,1,317.76,2,2,2,6,Needs Attention,0,High-Spend Watchlist,-0.9301419742512818,-0.6617401675247598,-48.927177,-4.3488984
17173,6,8,3766.6,5,5,5,15,Champions,2,High-Value Active,2.0018716645365577,0.11388825163698992,30.456678,34.696617
17174,218,1,59.9,1,2,1,4,Lost Customers,1,Dormant Customers,-2.4100604048654217,0.055237349324385975,-47.09837,29.252468
17175,45,4,1443.69,3,4,4,11,Loyal Customers,2,High-Value Active,0.8086702788451995,-0.09570231318375698,39.39304,-8.484631
17176,202,1,306.13,1,2,2,5,Lost Customers,1,Dormant Customers,-1.542831628393518,0.4021420148978797,-32.549133,14.79828
17179,179,3,711.79,2,4,3,9,At Risk,1,Dormant Customers,-0.38769266924298423,0.7634761343350931,11.890742,-6.722239
17180,57,4,783.97,3,4,3,10,Loyal Customers,0,High-Spend Watchlist,0.4528754234356078,-0.17432423488963558,41.275955,-17.540367
17181,58,2,239.92000000000002,3,3,1,7,Needs Attention,0,High-Spend Watchlist,-0.5950533602084501,-0.7487047437416348,-25.942041,-46.785732
17183,8,6,3347.31,5,5,5,15,Champions,2,High-Value Active,1.7051156895719053,-0.016190485632745725,30.664345,26.020992
17186,47,2,144.0,3,3,1,7,Needs Attention,0,High-Spend Watchlist,-0.789745520007885,-0.9975880963480082,-30.591894,-49.655636
17187,227,1,203.95,1,2,1,4,Lost Customers,1,Dormant Customers,-1.8611444142310234,0.498964544463703,-35.630074,26.063675
17188,12,7,2474.23,5,5,5,15,Champions,2,High-Value Active,1.6602280923511452,-0.012570988813817475,39.195168,31.252068
17189,107,2,383.75,2,3,2,7,At Risk,0,High-Spend Watchlist,-0.6033748577394251,-0.17960153434557952,-10.893342,-15.939269
17190,59,2,444.74,3,3,2,8,Needs Attention,0,High-Spend Watchlist,-0.2995257224592169,-0.5548739991624996,-17.806358,-41.985218
17191,29,7,2093.68,4,5,5,14,Champions,2,High-Value Active,1.4965624681618104,0.08579708350633371,41.56782,28.811752
17193,36,7,1699.3000000000002,3,5,4,12,Loyal Customers,2,High-Value Active,1.3608946560893673,0.08422810212458991,48.502907,32.347446
17194,274,2,262.62,1,3,2,6,At Risk,1,Dormant Customers,-1.595175750013403,1.1662986560321167,-6.9625225,4.2055545
17197,30,1,1013.01,4,2,4,10,Potential Loyalists,0,High-Spend Watchlist,-0.12835724224114578,-0.7418908955972343,-37.922417,-22.667768
17198,24,3,692.22,4,4,3,11,Loyal Customers,0,High-Spend Watchlist,0.3479406125680693,-0.5996531034383307,27.91421,-51.854168
17201,54,1,289.78,3,2,2,7,Needs Attention,0,High-Spend Watchlist,-0.8541490049438915,-0.9078864091640836,-53.737045,-10.259617
17203,36,6,3560.08,3,5,5,13,Loyal Customers,2,High-Value Active,1.5998477190314444,0.24707275423712266,30.319345,23.175844
17204,176,4,1564.56,2,4,4,10,At Risk,0,High-Spend Watchlist,0.21467974781094615,1.0734547718141756,19.80918,-4.213741
17205,54,1,384.08,3,2,2,7,Needs Attention,0,High-Spend Watchlist,-0.7170277194741739,-0.8233887413966449,-48.210068,-13.786101
17206,54,1,204.24,3,2,1,6,Needs Attention,0,High-Spend Watchlist,-1.024223633190147,-1.0126907754883512,-61.115932,-5.179463
17211,27,8,2317.2200000000003,4,5,5,14,Champions,2,High-Value Active,1.663286157342416,0.15134219751064745,38.278408,35.51404
17212,254,1,226.85,1,2,1,4,Lost Customers,1,Dormant Customers,-1.939945910686924,0.7668181046649752,-30.770628,28.42483
17213,41,7,2781.23,3,5,5,13,Loyal Customers,2,High-Value Active,1.5771281527787935,0.2760717653560606,39.343616,26.703194
17214,61,6,1059.1200000000001,3,5,4,12,Loyal Customers,2,High-Value Active,0.8874895190898827,0.10107435069843126,62.14002,25.785969
17217,235,1,113.5,1,2,1,4,Lost Customers,1,Dormant Customers,-2.184026626092325,0.39374823074882376,-41.640858,31.213474
17218,5,10,1951.97,5,5,4,14,Champions,2,High-Value Active,1.8691763825900143,-0.0030380667717595368,39.988792,44.544678
17219,32,1,114.23,4,2,1,7,Potential Loyalists,0,High-Spend Watchlist,-1.1996825291742714,-1.37863112486082,-73.70279,-0.25041062
17220,25,14,3187.55,4,5,5,14,Champions,2,High-Value Active,2.2950376489593403,0.4575445373956195,27.721092,51.75086
17221,8,2,334.48,5,3,2,10,Potential Loyalists,0,High-Spend Watchlist,-0.1917339703543354,-1.0861190810860752,-19.61476,-57.73616
17222,66,1,328.65,3,2,2,7,Needs Attention,0,High-Spend Watchlist,-0.8509044921411424,-0.7652590248507488,-50.348537,-7.197069
17223,311,2,416.89,1,3,2,6,At Risk,1,Dormant Customers,-1.5491147424244758,1.628285733785611,-1.5769446,13.654637
17226,309,1,393.49,1,2,2,5,Lost Customers,1,Dormant Customers,-1.9378359077307765,1.4126634893119885,-15.451176,28.034977
17227,19,6,939.32,4,5,4,13,Champions,2,High-Value Active,1.0319641790292164,-0.30209475465232366,60.214676,31.567528
17228,16,8,1906.09,4,5,4,13,Champions,2,High-Value Active,1.6211543414444676,-0.003529541878163885,43.852814,39.058258
17229,97,2,318.76,2,3,2,7,At Risk,0,High-Spend Watchlist,-0.6453619080800536,-0.3226650628061393,-25.971802,-42.273346
17230,265,8,3638.41,1,5,5,11,At Risk,2,High-Value Active,0.7330437051043645,2.3672254732153393,19.900572,1.7098513
17231,13,10,3124.72,5,5,5,15,Champions,2,High-Value Active,2.060103115763846,0.20836792497668716,30.008554,43.923637
17232,3,2,417.77,5,3,2,10,Potential Loyalists,0,High-Spend Watchlist,-0.05930748380897393,-1.0631094826503038,-14.348573,-57.782497
17233,36,1,190.88,3,2,1,6,Needs Attention,0,High-Spend Watchlist,-0.9700761374090567,-1.1902657419180456,-66.64896,-8.503969
17234,183,1,149.89000000000001,1,2,1,4,Lost Customers,1,Dormant Customers,-1.7979487270262844,0.022271237386742443,-45.04194,20.05423
17235,26,2,550.06,4,3,3,10,Potential Loyalists,0,High-Spend Watchlist,-0.03646727606251009,-0.7794976971147634,-8.170288,-48.64519
17236,13,6,916.13,5,5,3,13,Loyal Customers,2,High-Value Active,1.0487761087071674,-0.36204882656069637,59.986362,32.162266
17237,12,2,314.69,5,3,2,10,Potential Loyalists,0,High-Spend Watchlist,-0.24075075735419932,-1.0694484770461623,-20.864454,-57.001083
17238,3,17,3719.1,5,5,5,15,Champions,2,High-Value Active,2.643138527557025,0.39294120354539763,20.393465,55.786953
17239,313,1,382.5,1,2,2,5,Lost Customers,1,Dormant Customers,-1.970963764479006,1.4391252614042105,-15.2100935,28.511889
17242,109,2,1135.04,2,3,4,9,At Risk,0,High-Spend Watchlist,-0.08448770091103847,0.16358810134445462,-2.0007272,-25.288025
17243,2,26,8540.05,5,5,5,15,Champions,2,High-Value Active,3.423970382727223,0.8150351462266239,11.627538,61.10031
17244,54,1,954.9,3,2,4,9,Needs Attention,0,High-Spend Watchlist,-0.2731757611935674,-0.5498757329658394,-32.237507,-15.541186
17245,205,1,171.45,1,2,1,4,Lost Customers,1,Dormant Customers,-1.8390910397492006,0.25473634322821953,-41.81706,22.09909
17247,16,1,280.09000000000003,4,2,2,8,Potential Loyalists,0,High-Spend Watchlist,-0.6870136549954016,-1.250215403035076,-61.65768,-20.17622
17248,121,1,318.65,2,2,2,6,Needs Attention,0,High-Spend Watchlist,-1.131796347604488,-0.29380667428580787,-40.70958,3.951149
17250,4,2,381.97,5,3,2,10,Potential Loyalists,0,High-Spend Watchlist,-0.10776724957848483,-1.0812526357716084,-16.210217,-58.126118
17251,363,1,269.83,1,2,2,5,Lost Customers,1,Dormant Customers,-2.3824605596761494,1.7715004709611015,-14.39017,52.694275
17252,117,2,348.91,2,3,2,7,At Risk,0,High-Spend Watchlist,-0.6980486024916017,-0.12075190762193179,-10.82674,-14.679657
17253,19,1,178.26,4,2,1,7,Potential Loyalists,0,High-Spend Watchlist,-0.9211153261506734,-1.359317874274275,-70.85686,-11.110556
17254,5,2,271.19,5,3,2,10,Potential Loyalists,0,High-Spend Watchlist,-0.27929220031028124,-1.1752317255023177,-25.443365,-57.085358
17255,41,2,291.48,3,3,2,8,Needs Attention,0,High-Spend Watchlist,-0.4182075146074117,-0.8389508241614595,-23.034962,-49.820293
17256,108,2,240.0,2,3,1,6,At Risk,0,High-Spend Watchlist,-0.8365764007547624,-0.3115873287680513,-27.51605,-42.63757
17259,149,2,581.23,2,3,3,8,At Risk,0,High-Spend Watchlist,-0.6041522371156131,0.3121175363188437,-5.170865,-13.843955
17262,53,5,1253.3600000000001,3,4,4,11,Loyal Customers,2,High-Value Active,0.8675263360129927,0.013024324183354108,60.483257,-2.88158
17263,209,1,63.440000000000005,1,2,1,4,Lost Customers,1,Dormant Customers,-2.3389743855692653,-0.006428638681440697,-47.131393,28.938925
17265,139,2,550.01,2,3,3,8,At Risk,0,High-Spend Watchlist,-0.5827199392266367,0.2081346436499905,-6.3528614,-14.842147
17266,3,3,296.58,5,4,2,11,Loyal Customers,0,High-Spend Watchlist,0.03661416400037398,-1.0375995354196828,19.335203,-58.82294
17267,128,2,317.2,2,3,2,7,At Risk,0,High-Spend Watchlist,-0.797594160879285,-0.05318541527439175,-10.752696,-13.536413
17268,108,4,763.64,2,4,3,9,At Risk,0,High-Spend Watchlist,0.19354664978319425,0.26353983140731535,34.4976,-17.69425
17272,43,4,2148.63,3,4,5,12,Loyal Customers,2,High-Value Active,1.0123398517508062,0.006366117975891965,39.3388,-4.431343
17274,36,1,107.82,3,2,1,6,Needs Attention,0,High-Spend Watchlist,-1.2469581667134622,-1.360887579678637,-73.475464,0.71741813
17277,228,2,1065.3500000000001,1,3,4,8,At Risk,1,Dormant Customers,-0.690603293231598,1.1846453793283334,2.6763618,1.8306353
17278,242,1,246.04,1,2,1,4,Lost Customers,1,Dormant Customers,-1.8424661164328389,0.6862596325897294,-32.05787,25.834635
17279,58,1,187.82999999999998,3,2,1,6,Needs Attention,0,High-Spend Watchlist,-1.0842396738658977,-1.0027981948575035,-61.73186,-3.058239
17282,131,3,1685.46,2,4,4,10,At Risk,0,High-Spend Watchlist,0.2647434572312272,0.6030119516099195,22.068247,-25.32057
17284,61,6,1647.48,3,5,4,12,Loyal Customers,2,High-Value Active,1.1030059447932334,0.2338811230031536,46.202194,14.325672
17286,22,1,151.37,4,2,1,7,Potential Loyalists,0,High-Spend Watchlist,-1.0149577041633222,-1.3819889565962624,-72.74958,-8.012619
17287,27,7,1049.06,4,5,4,13,Champions,2,High-Value Active,1.169117270727974,-0.1394210860743001,55.3683,35.291267
17288,10,7,1417.63,5,5,4,14,Champions,2,High-Value Active,1.3981556021853698,-0.19750481245302873,51.477654,35.358135
17289,32,3,931.02,4,4,3,11,Loyal Customers,0,High-Spend Watchlist,0.4537748526417518,-0.4406832975588342,30.246626,-45.0383
17290,4,2,513.01,5,3,3,11,Potential Loyalists,0,High-Spend Watchlist,0.03589655315580195,-0.9927233003583292,-6.8452196,-55.09224
17291,309,1,550.8000000000001,1,2,3,6,At Risk,1,Dormant Customers,-1.7740075439008447,1.5136187466257178,-14.324698,24.799805
17293,9,9,1854.06,5,5,4,14,Champions,2,High-Value Active,1.7376983628023055,-0.026050573317720694,41.87906,42.99277
17295,29,3,547.0,4,4,3,11,Loyal Customers,0,High-Spend Watchlist,0.20901520538070084,-0.6266675041582561,24.073826,-53.69542
17297,18,1,128.18,4,2,1,7,Potential Loyalists,0,High-Spend Watchlist,-1.0762234194414744,-1.466618478948005,-75.35648,-3.3365283
17298,102,2,498.42,2,3,3,8,At Risk,0,High-Spend Watchlist,-0.4518634903926499,-0.1448313408146348,-9.213113,-20.152079
17299,12,4,656.61,5,4,3,12,Loyal Customers,0,High-Spend Watchlist,0.5839683018393116,-0.6208965466702702,51.80807,-22.087378
17301,22,1,163.24,4,2,1,7,Potential Loyalists,0,High-Spend Watchlist,-0.9783361011728623,-1.3594217816168366,-71.90734,-9.062249
17302,15,5,1135.63,4,4,4,12,Champions,2,High-Value Active,1.0030933661353643,-0.34875788143011943,65.863266,-1.472228
17303,362,1,250.04,1,2,2,5,Lost Customers,1,Dormant Customers,-2.4146692836446495,1.7399336230287128,-15.392368,52.710587
17306,11,19,8631.31,5,5,5,15,Champions,2,High-Value Active,3.1116096998180542,0.7630717865879851,11.960392,56.753414
17309,96,1,82.75,2,2,1,5,Needs Attention,0,High-Spend Watchlist,-1.6648139374028446,-0.91524090796736,-66.31107,9.442434
17311,79,2,1384.85,2,3,4,9,At Risk,0,High-Spend Watchlist,0.15755601688732515,-0.038828405630261895,-0.88844013,-29.580715
17312,139,3,644.3,2,4,3,9,At Risk,0,High-Spend Watchlist,-0.24290432290684846,0.38393833594784693,16.250265,-22.785078
17313,32,1,2328.84,4,2,5,11,Potential Loyalists,0,High-Spend Watchlist,0.268083694937757,-0.4741557741489431,-27.289381,-15.8074
17314,25,8,2527.92,4,5,5,14,Champions,2,High-Value Active,1.715421423757646,0.1600312861318189,37.65109,35.47382
17315,2,38,6281.23,5,5,5,15,Champions,2,High-Value Active,3.609816704308644,0.8866105125810592,12.310112,63.819458
17317,47,3,2600.34,3,4,5,12,Loyal Customers,2,High-Value Active,0.882348115285891,-0.0008003749441322203,24.058918,-17.036047
17320,101,3,1200.6200000000001,2,4,4,10,At Risk,0,High-Spend Watchlist,0.24428142587723503,0.2388326409761244,22.178013,-28.93727
17321,9,2,657.16,5,3,3,11,Potential Loyalists,0,High-Spend Watchlist,0.13240810050367088,-0.874655385839243,-2.3947587,-51.063606
17323,16,7,906.52,4,5,3,12,Loyal Customers,2,High-Value Active,1.1510692714105755,-0.2794517573895142,55.626266,35.962475
17324,18,4,986.48,4,4,4,12,Champions,0,High-Spend Watchlist,0.7534317712646396,-0.4461547761725928,48.30323,-13.006714
17325,281,1,96.8,1,2,1,4,Lost Customers,1,Dormant Customers,-2.483338220499224,0.7483788397930548,-34.76095,40.753887
17329,15,2,523.11,4,3,3,10,Potential Loyalists,0,High-Spend Watchlist,-0.007774794645053425,-0.8907256803652104,-8.802054,-53.872196
17330,23,2,363.9,4,3,2,9,Potential Loyalists,0,High-Spend Watchlist,-0.2232028254234291,-0.9297259601341972,-17.932726,-54.26029
17331,124,1,175.2,2,2,1,5,Needs Attention,0,High-Spend Watchlist,-1.437059293853357,-0.4467605560494073,-49.25645,12.000636
17333,86,1,494.25,2,2,3,7,At Risk,0,High-Spend Watchlist,-0.7488751099330363,-0.46800583842554005,-39.593067,-8.419889
17334,303,2,307.02,1,3,2,6,At Risk,1,Dormant Customers,-1.6593653571392593,1.4665944441052448,-2.7069185,13.9394865
17337,152,4,1981.06,2,4,4,10,At Risk,2,High-Value Active,0.4458462926399853,0.9346494866857737,21.705942,-6.1676674
17338,18,8,6493.54,4,5,5,14,Champions,2,High-Value Active,2.2096913613975335,0.38258013335348073,24.59769,31.60051
17339,95,2,243.36,2,3,1,6,At Risk,0,High-Spend Watchlist,-0.7669791541995434,-0.4210467475344406,-27.14083,-43.318893
17340,30,11,12353.29,4,5,5,14,Champions,2,High-Value Active,2.728307238145921,0.8091931832209643,9.0278845,49.413204
17341,157,3,682.29,2,4,3,9,At Risk,0,High-Spend Watchlist,-0.3019852454611476,0.5584731977358032,12.319717,-8.064405
17343,356,1,193.64,1,2,1,4,Lost Customers,1,Dormant Customers,-2.509888976755855,1.6109427796996418,-19.62745,52.745926
17344,47,1,157.62,3,2,1,6,Needs Attention,0,High-Spend Watchlist,-1.1161757121012343,-1.1513870334507539,-66.2083,-2.2173502
17345,16,4,519.6899999999999,4,4,3,11,Loyal Customers,0,High-Spend Watchlist,0.45066496776921294,-0.6561654837979327,52.81209,-24.881393
17346,4,15,2622.88,5,5,5,15,Champions,2,High-Value Active,2.3603281927494866,0.24414150594432357,29.810596,53.071526
17347,87,1,228.96,2,2,1,5,Needs Attention,0,High-Spend Watchlist,-1.1282176641149373,-0.690047487899611,-54.740906,-1.7271595
17348,15,5,1156.6,4,4,4,12,Champions,2,High-Value Active,1.0120178113723937,-0.3432584084193172,65.77134,-1.1867814
17349,180,1,98.25,1,2,1,4,Lost Customers,1,Dormant Customers,-1.9879496081864352,-0.12996920718843424,-48.05021,22.40815
17350,9,4,1281.32,5,4,4,13,Champions,2,High-Value Active,0.9244811863242931,-0.4462207450771226,48.69174,-7.9958076
17351,37,3,587.15,3,4,3,10,Loyal Customers,0,High-Spend Watchlist,0.20486301372094648,-0.5354741702955017,23.519499,-51.341103
17353,130,2,1740.0,2,3,4,9,At Risk,0,High-Spend Watchlist,0.022412911216065673,0.47556206777119664,0.017483987,-24.569218
17354,51,1,1393.06,3,2,4,9,Needs Attention,0,High-Spend Watchlist,-0.07447442485330955,-0.46258785980168354,-29.404848,-15.276887
17356,312,1,178.22,1,2,1,4,Lost Customers,1,Dormant Customers,-2.3374990616859246,1.201537768212009,-25.12867,41.41211
17357,25,2,384.39,4,3,2,9,Potential Loyalists,0,High-Spend Watchlist,-0.206199895833247,-0.895810311671019,-17.108023,-53.067493
17358,304,2,360.81,1,3,2,6,At Risk,1,Dormant Customers,-1.5856247134054948,1.5237543306825656,-2.264784,13.743112
17359,12,1,127.86,5,2,1,8,Potential Loyalists,0,High-Spend Watchlist,-1.04843200085403,-1.5198067070054204,-76.10437,-3.3678968
17360,18,3,568.24,4,4,3,11,Loyal Customers,0,High-Spend Watchlist,0.28074978020598557,-0.7113718408695746,26.298449,-54.952965
17361,50,3,488.2,3,4,3,10,Loyal Customers,0,High-Spend Watchlist,0.052097426229469855,-0.47726522527669824,20.56721,-51.53095
17362,240,2,312.23,1,3,2,6,At Risk,1,Dormant Customers,-1.346653894853566,0.9209981334956563,-6.2932506,2.034197
17364,1,11,4462.68,5,5,5,15,Champions,2,High-Value Active,2.3715054582949042,0.24947165954545938,24.529835,43.725685
17365,13,8,4767.36,5,5,5,15,Champions,2,High-Value Active,2.083032882384106,0.24593490308536303,28.625063,33.61281
17367,239,1,167.55,1,2,1,4,Lost Customers,1,Dormant Customers,-2.014603927900841,0.5450268716355408,-36.767273,28.635231
17368,24,8,1878.87,4,5,4,13,Champions,2,High-Value Active,1.5754667358658827,0.06206860015223663,44.09224,38.660885
17370,73,4,446.18,2,4,2,8,At Risk,0,High-Spend Watchlist,0.10084643078180672,-0.20374952431964713,38.68682,-21.652458
17371,18,3,418.4,4,4,2,10,Loyal Customers,0,High-Spend Watchlist,0.13162280578454277,-0.8032677233845416,21.407398,-57.06658
17372,41,8,1337.18,3,5,4,12,Loyal Customers,2,High-Value Active,1.3273661356789532,0.10840566557687516,48.60099,35.724155
17373,41,4,646.92,3,4,3,10,Loyal Customers,0,High-Spend Watchlist,0.4365440286095347,-0.37189210362129627,44.471817,-20.718536
17374,219,2,495.77,1,3,3,7,At Risk,1,Dormant Customers,-1.020003908362722,0.8761892123563869,-2.084439,-0.36075577
17375,200,3,400.1,1,4,2,7,At Risk,1,Dormant Customers,-0.7698907387592007,0.7740548960318112,8.668535,-7.5401115
17376,71,2,203.2,3,3,1,7,Needs Attention,0,High-Spend Watchlist,-0.7386189561746799,-0.6848265269923293,-27.739487,-45.73222
17377,24,20,4058.32,4,5,5,14,Champions,2,High-Value Active,2.724996953033221,0.6714797072077877,18.519617,58.286106
17379,12,1,389.71999999999997,5,2,2,9,Potential Loyalists,0,High-Spend Watchlist,-0.5069140790652285,-1.1861094164011168,-56.38254,-23.705776
17381,9,29,20275.61,5,5,5,15,Champions,2,High-Value Active,3.908416667983703,1.1832910026846748,6.823857,62.627625
17382,66,1,65.4,3,2,1,6,Needs Attention,0,High-Spend Watchlist,-1.633127933792637,-1.2472852563446726,-69.335754,8.593742
17383,5,1,193.39000000000001,5,2,1,8,Potential Loyalists,0,High-Spend Watchlist,-0.813886877215681,-1.4573069795778442,-71.07349,-14.466845
17384,20,2,336.4,4,3,2,9,Potential Loyalists,0,High-Spend Watchlist,-0.24695245427894466,-0.9795181011142322,-19.747496,-55.342194
17385,15,1,256.11,4,2,2,8,Potential Loyalists,0,High-Spend Watchlist,-0.7257111669853512,-1.2857808092698586,-63.746643,-18.81749
17386,8,6,2686.42,5,5,5,15,Champions,2,High-Value Active,1.5977781175086239,-0.08233466209738122,48.10354,23.713913
17387,20,2,746.81,4,3,3,10,Potential Loyalists,0,High-Spend Watchlist,0.14157805317602923,-0.7400955955274169,-1.9670262,-46.97539
17388,78,4,1259.56,2,4,4,10,At Risk,0,High-Spend Watchlist,0.5826006305221333,0.15171483481557202,35.593456,-10.446819
17389,1,34,31833.68,5,5,5,15,Champions,2,High-Value Active,4.308062788191569,1.3178073914645683,5.609849,63.584476
17391,164,2,508.8,2,3,3,8,At Risk,0,High-Spend Watchlist,-0.7415107070085628,0.4032587493502389,-5.729163,-11.208453
17392,307,2,417.27,1,3,2,6,At Risk,1,Dormant Customers,-1.529336220243727,1.5935977579108374,-1.6694816,13.531089
17394,220,1,203.86999999999998,1,2,1,4,Lost Customers,1,Dormant Customers,-1.827499089633334,0.4376646413982307,-36.05612,25.534515
17396,40,8,7330.8,3,5,5,13,Loyal Customers,2,High-Value Active,2.16254592307104,0.6113459585830556,23.4508,30.883318
17397,23,2,681.41,4,3,3,10,Potential Loyalists,0,High-Spend Watchlist,0.08239978856892265,-0.7414057583688094,-3.8371558,-47.52498
17398,115,3,653.38,2,4,3,9,At Risk,0,High-Spend Watchlist,-0.12007421358308769,0.17837334897537793,15.926345,-24.10906
17400,127,5,2097.84,2,4,5,11,At Risk,2,High-Value Active,0.7611262276299962,0.8146640340667577,27.032482,-4.739281
17402,5,13,2633.85,5,5,5,15,Champions,2,High-Value Active,2.2355946760630725,0.1945921233339005,30.44305,51.661503
17403,37,1,263.92,3,2,2,7,Needs Attention,0,High-Spend Watchlist,-0.8174444549343455,-1.0844911653709983,-60.166447,-11.077474
17404,5,15,31906.82,5,5,5,15,Champions,2,High-Value Active,3.575057776368402,1.0044081643001912,4.5330625,59.047337
17405,2,3,1031.41,5,4,4,13,Champions,0,High-Spend Watchlist,0.6487249476221203,-0.6721201078453863,36.181942,-46.445164
17406,334,3,2184.42,1,4,5,10,At Risk,1,Dormant Customers,-0.589974076674522,2.455270533976576,2.3756273,9.380042
17408,164,1,32.65,2,2,1,5,Needs Attention,1,Dormant Customers,-2.4386371273923415,-0.5951985069289579,-51.639866,25.260826
17409,185,2,771.85,1,3,3,7,At Risk,1,Dormant Customers,-0.639904203524302,0.7119703496775436,1.4766456,-2.7330434
17410,17,5,1214.72,4,4,4,12,Champions,2,High-Value Active,1.0262650442246053,-0.31104089126110174,65.18742,-0.6752111
17411,13,3,778.94,5,4,3,12,Loyal Customers,0,High-Spend Watchlist,0.45865260482607056,-0.6603385516351464,31.91052,-51.14283
17412,3,7,1258.06,5,5,4,14,Champions,2,High-Value Active,1.373739162562659,-0.2945838700551628,52.22955,36.157673
17414,44,2,778.0,3,3,3,9,Needs Attention,0,High-Spend Watchlist,0.0455171552026396,-0.5180347310598414,-5.319921,-40.761177
17415,80,1,507.84,2,2,3,7,At Risk,0,High-Spend Watchlist,-0.7066574750402308,-0.5123042604376291,-39.950836,-9.173232
17416,30,7,6893.42,4,5,5,14,Champions,2,High-Value Active,2.073300150919524,0.4529167005941847,24.05031,30.119719
17418,43,2,463.46000000000004,3,3,2,8,Needs Attention,0,High-Spend Watchlist,-0.2021030532659663,-0.6823436838246744,-15.825634,-48.340755
17419,12,12,4226.57,5,5,5,15,Champions,2,High-Value Active,2.3648965676089753,0.3649596392524339,23.370852,46.68918
17420,51,3,598.83,3,4,3,10,Loyal Customers,0,High-Spend Watchlist,0.14679082993446976,-0.4071937083511382,22.032389,-49.18709
17422,17,6,1979.37,4,5,4,13,Champions,2,High-Value Active,1.405235249390437,-0.09551351254743704,52.25179,23.053822
17423,47,2,698.41,3,3,3,9,Needs Attention,0,High-Spend Watchlist,-0.02159674464735779,-0.5242350367261085,-7.246018,-40.874702
17425,20,2,759.17,4,3,3,10,Potential Loyalists,0,High-Spend Watchlist,0.14958082202284073,-0.73516408324673,-1.8067069,-46.783764
17426,9,6,5037.26,5,5,5,15,Champions,2,High-Value Active,1.8997537314118327,0.11546949146027001,27.668127,27.71819
17427,72,1,100.8,2,2,1,5,Needs Attention,0,High-Spend Watchlist,-1.4535255790745172,-1.0662956435950228,-67.03784,6.407104
17428,1,28,17256.85,5,5,5,15,Champions,2,High-Value Active,3.8374338556227894,1.049757030548064,7.514943,62.36969
17429,129,3,524.9200000000001,2,4,3,9,At Risk,0,High-Spend Watchlist,-0.2944319005088238,0.23499568886544833,14.881353,-22.69386
17430,33,2,265.76,3,3,2,8,Needs Attention,0,High-Spend Watchlist,-0.4244731163720341,-0.9365638706503562,-23.818426,-51.44494
17431,314,1,403.3,1,2,2,5,Lost Customers,1,Dormant Customers,-1.9500131302127204,1.4637545845015962,-14.903625,27.922182
17432,19,2,365.76,4,3,2,9,Potential Loyalists,0,High-Spend Watchlist,-0.20138595626998163,-0.9631578541052469,-17.77311,-55.273617
17433,89,1,303.15999999999997,2,2,2,6,Needs Attention,0,High-Spend Watchlist,-1.0013669945960308,-0.5884408328818655,-47.28443,-2.0426404
17434,3,7,2373.82,5,5,5,15,Champions,2,High-Value Active,1.683515169707174,-0.10369191594055795,39.921417,32.218445
17436,2,2,216.29999999999998,5,3,1,9,Potential Loyalists,0,High-Spend Watchlist,-0.37473912028563733,-1.269205583887617,-28.048727,-56.289536
17438,254,1,388.45000000000005,1,2,2,5,Lost Customers,1,Dormant Customers,-1.6782594112236244,0.9280760655652703,-24.0436,21.202087
17440,157,3,186.42000000000002,2,4,1,7,At Risk,1,Dormant Customers,-0.9334755453149914,0.16933261046210468,6.356293,-11.309776
17442,37,6,2248.56,3,5,5,13,Loyal Customers,2,High-Value Active,1.3707798723249642,0.11763424994660081,47.980686,19.847475
17443,220,1,534.24,1,2,3,6,At Risk,1,Dormant Customers,-1.3586830026520067,0.7265611889041783,-25.969957,14.096469
17444,148,3,2940.04,2,4,5,11,At Risk,2,High-Value Active,0.45406139220731295,0.9188975844426922,22.287956,-8.701221
17446,177,2,120.9,2,3,1,6,At Risk,1,Dormant Customers,-1.5028415705946465,0.08645409718687448,-12.857137,-3.2489982
17447,41,2,541.53,3,3,3,9,Needs Attention,0,High-Spend Watchlist,-0.11658853144164484,-0.653085438312797,-10.532207,-45.62672
17449,3,7,2519.21,5,5,5,15,Champions,2,High-Value Active,1.7125229564919942,-0.0858165706065636,38.89476,32.000984
17450,9,46,194390.79,5,5,5,15,Champions,2,High-Value Active,5.4218633939310195,2.0634813149862508,2.9146352,65.218796
17451,2,7,1721.4,5,5,4,14,Champions,2,High-Value Active,1.5315448401395895,-0.20905894979259643,44.95859,33.962383
17453,18,2,486.71999999999997,4,3,2,9,Potential Loyalists,0,High-Spend Watchlist,-0.05740520307685306,-0.88615220831922,-10.362567,-54.079445
17454,193,4,517.53,1,4,3,8,At Risk,1,Dormant Customers,-0.4069296887781582,0.8896260722490775,13.534899,-3.8973577
17455,204,1,131.7,1,2,1,4,Lost Customers,1,Dormant Customers,-1.96216781907597,0.1671742592095123,-43.845833,23.33757
17456,366,1,249.86,1,2,2,5,Lost Customers,1,Dormant Customers,-2.4343542502271545,1.774679250272718,-15.566728,53.067734
17457,127,5,1737.7,2,4,4,10,At Risk,2,High-Value Active,0.6692282476626764,0.758034131909866,27.034414,-5.233171
17458,16,1,316.5,4,2,2,8,Potential Loyalists,0,High-Spend Watchlist,-0.6275522254083331,-1.2135737386500478,-59.06003,-21.567268
17459,44,2,657.3,3,3,3,9,Needs Attention,0,High-Spend Watchlist,-0.03666765088393496,-0.5686791253013787,-7.675931,-41.74244
17460,95,6,622.4300000000001,2,5,3,10,At Risk,0,High-Spend Watchlist,0.463969822949753,0.23853669642289396,31.002867,-14.472032
17461,23,3,735.82,4,4,3,11,Loyal Customers,0,High-Spend Watchlist,0.3825512904188235,-0.5900441149861547,29.26613,-50.685966
17462,61,2,675.69,3,3,3,9,Needs Attention,0,High-Spend Watchlist,-0.1053900780424848,-0.4118046096379913,-10.66142,-37.095833
17463,17,5,1875.86,4,4,4,12,Champions,2,High-Value Active,1.2382627516783664,-0.1804024437689899,60.314568,6.0342937
17464,159,1,289.96000000000004,2,2,2,6,Needs Attention,1,Dormant Customers,-1.3613856524520513,0.010036584028177054,-36.9493,8.750187
17466,11,2,763.28,5,3,3,11,Potential Loyalists,0,High-Spend Watchlist,0.19571645517151245,-0.8122051418124447,-0.5848353,-48.90936
17468,11,2,137.0,5,3,1,9,Potential Loyalists,0,High-Spend Watchlist,-0.6398872803012164,-1.3271256852083018,-31.600603,-52.490902
17469,17,5,1870.97,4,4,4,12,Champions,2,High-Value Active,1.2369891869674563,-0.18118724714546192,60.340733,6.0063353
17470,45,5,1125.07,3,4,4,11,Loyal Customers,2,High-Value Active,0.8535256234790535,-0.08935529678514367,61.516846,-2.8747725
17472,192,3,697.54,1,4,3,8,At Risk,1,Dormant Customers,-0.46038925151913124,0.871025662604543,11.530937,-5.944913
17475,80,1,194.37,2,2,1,5,Needs Attention,0,High-Spend Watchlist,-1.1739596340520604,-0.8002678865364279,-59.158295,-0.7121135
17480,78,1,511.82,2,2,3,7,At Risk,0,High-Spend Watchlist,-0.6931865430274133,-0.527441130504,-40.103554,-9.474216
17481,4,4,1255.59,5,4,4,13,Champions,2,High-Value Active,0.9387547161722108,-0.49602004167585706,49.49173,-8.138485
17483,66,3,414.04,3,4,2,9,Loyal Customers,0,High-Spend Watchlist,-0.10549646736894495,-0.38687459884775743,17.707834,-50.32589
17486,262,1,396.87,1,2,2,5,Lost Customers,1,Dormant Customers,-1.7064869980167734,1.0044335208670652,-23.192236,21.956049
17489,59,2,376.64,3,3,2,8,Needs Attention,0,High-Spend Watchlist,-0.3804628301873911,-0.6047495295401886,-19.780859,-43.08003
17490,1,7,2092.32,5,5,5,15,Champions,2,High-Value Active,1.6315890753905378,-0.15912811798033727,42.44292,33.029625
17491,2,10,3558.87,5,5,5,15,Champions,2,High-Value Active,2.176765886036564,0.15134949945926698,27.72425,43.059673
17492,249,1,374.57,1,2,2,5,Lost Customers,1,Dormant Customers,-1.6718071573892876,0.873457097244169,-24.858887,20.903557
17495,8,2,497.56,5,3,3,11,Potential Loyalists,0,High-Spend Watchlist,0.0016631666350755401,-0.9669427841856643,-7.7646465,-55.124233
17496,359,1,271.05,1,2,2,5,Lost Customers,1,Dormant Customers,-2.36093161001803,1.7378911535814492,-14.359382,52.285206
17498,76,1,272.22,2,2,2,6,Needs Attention,0,High-Spend Watchlist,-0.9908988489111316,-0.7343371265186486,-53.180634,-3.9966123
17499,290,1,622.88,1,2,3,6,At Risk,1,Dormant Customers,-1.6222324986542673,1.3844853879837364,-15.390749,22.22154
17500,18,3,1138.0,4,4,4,12,Champions,0,High-Spend Watchlist,0.6193514864308501,-0.5027167485542748,34.75683,-42.776005
17501,221,2,288.6,1,3,2,6,At Risk,1,Dormant Customers,-1.2931047612760889,0.7313354382015443,-7.5037575,-0.9326216
17502,10,4,689.1,5,4,3,12,Loyal Customers,0,High-Spend Watchlist,0.6171777996868757,-0.6238700040877819,52.006123,-21.380644
17503,3,2,558.96,5,3,3,11,Potential Loyalists,0,High-Spend Watchlist,0.08252928868934323,-0.9757060103249559,-5.058672,-53.919186
17504,207,9,2997.0299999999997,1,5,5,11,At Risk,2,High-Value Active,1.0149691725227312,1.8489476125332065,20.819138,1.6782264
17505,162,2,1145.84,2,3,4,9,At Risk,0,High-Spend Watchlist,-0.3360548876551085,0.6296730627263599,0.44654292,-14.729769
17506,76,1,302.2,2,2,2,6,Needs Attention,0,High-Spend Watchlist,-0.9400721024671819,-0.7030163762791157,-50.19398,-4.5550194
17507,262,2,605.58,1,3,3,7,At Risk,1,Dormant Customers,-1.1303594560535444,1.312102396101149,-0.92664975,4.227688
17508,281,1,387.31,1,2,2,5,Lost Customers,1,Dormant Customers,-1.8102004658509117,1.1631836613723714,-20.480772,26.288603
17509,58,8,6083.64,3,5,5,13,Loyal Customers,2,High-Value Active,1.9845169026608547,0.7125819388752199,23.2099,27.637743
17510,25,1,308.48,4,2,2,8,Potential Loyalists,0,High-Spend Watchlist,-0.6835452472386131,-1.142607056874339,-58.888214,-19.606777
17511,3,31,91062.38,5,5,5,15,Champions,2,High-Value Active,4.72963864713359,1.6114974312293795,3.6282322,63.473053
17512,29,10,2924.9900000000002,4,5,5,14,Champions,2,High-Value Active,1.950528659941449,0.32834936573965223,32.781796,45.664845
17513,73,1,513.2,2,2,3,7,At Risk,0,High-Spend Watchlist,-0.6677061089526708,-0.5703344440759863,-40.689754,-10.088136
17514,129,1,208.65,2,2,1,5,Needs Attention,0,High-Spend Watchlist,-1.3763729285995847,-0.35076904144099363,-47.533253,11.152067
17515,32,4,639.02,4,4,3,11,Loyal Customers,0,High-Spend Watchlist,0.4740584842884497,-0.4542457537887322,47.148476,-21.67096
17516,16,5,764.88,4,4,3,11,Loyal Customers,0,High-Spend Watchlist,0.8055284386327835,-0.45878347552601345,66.916336,-6.995848
17517,309,1,153.94,1,2,1,4,Lost Customers,1,Dormant Customers,-2.3940649428053367,1.131523407379903,-27.654778,41.5888
17519,18,6,1844.02,4,5,4,13,Champions,2,High-Value Active,1.3658417226055635,-0.10806981569865955,53.07896,23.041115
17520,54,1,546.81,3,2,3,8,Needs Attention,0,High-Spend Watchlist,-0.5449562186164174,-0.7173538507382267,-42.935352,-17.493896
17521,30,3,723.2099999999999,4,4,3,11,Loyal Customers,0,High-Spend Watchlist,0.3402883467034775,-0.5340546107741915,27.668972,-50.58318
17522,2,5,1070.71,5,4,4,13,Champions,2,High-Value Active,1.0372206907366353,-0.48007477965883155,67.92641,-1.664568
17523,12,4,652.74,5,4,3,12,Loyal Customers,0,High-Spend Watchlist,0.581086917023314,-0.6226721302061032,51.851345,-22.201103
17524,362,1,145.0,1,2,1,4,Lost Customers,1,Dormant Customers,-2.679264196390668,1.5768834229552524,-22.801313,53.265514
17525,360,1,422.70000000000005,1,2,2,5,Lost Customers,1,Dormant Customers,-2.149483306020875,1.8799100471765913,-9.849142,50.267746
17526,5,4,1195.8999999999999,5,4,4,13,Champions,2,High-Value Active,0.910162971565324,-0.5019200084410462,49.63332,-9.016472
17527,54,4,939.37,3,4,4,11,Loyal Customers,0,High-Spend Watchlist,0.5555549945479105,-0.1462074465711408,41.480995,-15.481715
17528,2,8,3628.5,5,5,5,15,Champions,2,High-Value Active,2.002976321044556,0.06769295877532644,30.561138,34.891586
17530,2,10,2367.12,5,5,5,15,Champions,2,High-Value Active,1.9777712900876114,0.028723904181255127,37.803387,43.9835
17531,191,1,296.7,1,2,2,5,Lost Customers,1,Dormant Customers,-1.5048846375863103,0.29661689869019037,-34.07204,13.470438
17534,54,1,223.36,3,2,1,6,Needs Attention,0,High-Spend Watchlist,-0.9807407558692809,-0.9858955065492901,-60.286953,-6.363662
17535,281,1,164.4,1,2,1,4,Lost Customers,1,Dormant Customers,-2.2268292152910365,0.9064462953831227,-31.094917,35.89042
17536,178,1,76.5,2,2,1,5,Needs Attention,1,Dormant Customers,-2.099039707500603,-0.22186379292077693,-49.608387,23.93388
17537,30,2,887.67,4,3,3,10,Potential Loyalists,0,High-Spend Watchlist,0.17748923289861976,-0.6007761750302726,-2.1081612,-41.88323
17538,26,1,98.42,4,2,1,7,Potential Loyalists,0,High-Spend Watchlist,-1.2427239870781146,-1.4754683957657415,-75.281006,1.0847886
17540,25,2,578.9,4,3,3,10,Potential Loyalists,0,High-Spend Watchlist,-0.006730678995082859,-0.77289224277686,-7.288342,-48.249035
17542,270,1,170.75,1,2,1,4,Lost Customers,1,Dormant Customers,-2.1552673099585213,0.8216355552831279,-32.344627,33.790546
17545,44,3,642.32,3,4,3,10,Loyal Customers,0,High-Spend Watchlist,0.2147972042564136,-0.4473194475820562,23.43045,-49.32394
17548,234,1,103.3,1,2,1,4,Lost Customers,1,Dormant Customers,-2.2247415639201384,0.3569396347524421,-42.27472,31.369358
17549,24,2,148.86,4,3,1,8,Potential Loyalists,0,High-Spend Watchlist,-0.6624762396448595,-1.1886985491286344,-30.942957,-52.02196
17550,198,3,267.16,1,4,2,7,At Risk,1,Dormant Customers,-0.9567767108509395,0.6354529413146827,6.1111307,-8.910143
17551,360,1,290.34,1,2,2,5,Lost Customers,1,Dormant Customers,-2.332322672787946,1.7672397202104342,-13.646002,52.069324
17552,61,4,930.41,3,4,3,10,Loyal Customers,0,High-Spend Watchlist,0.5170453419680405,-0.08790506769268401,40.480843,-15.732752
17553,130,1,1487.6,2,2,4,8,At Risk,0,High-Spend Watchlist,-0.42430479645896635,0.24763886547232072,-29.891186,-4.2924933
17554,2,5,1952.45,5,4,4,13,Champions,2,High-Value Active,1.3302938559113737,-0.29947554696015816,61.5231,7.5152197
17555,20,2,480.31,4,3,2,9,Potential Loyalists,0,High-Spend Watchlist,-0.07353115442905582,-0.8726514295517821,-10.784977,-53.59555
17556,206,1,157.9,1,2,1,4,Lost Customers,1,Dormant Customers,-1.8838734041757343,0.23885929952867244,-42.372192,22.612793
17557,15,3,541.46,4,4,3,11,Loyal Customers,0,High-Spend Watchlist,0.2717266987265059,-0.752089104063283,26.365465,-55.72922
17560,95,4,854.95,2,4,3,9,At Risk,0,High-Spend Watchlist,0.31145452368225,0.1838506654864449,35.584953,-16.00393
17561,20,1,165.12,4,2,1,7,Potential Loyalists,0,High-Spend Watchlist,-0.9631124341726301,-1.3734785712409654,-72.014435,-9.615057
17562,15,7,1122.38,4,5,4,13,Champions,2,High-Value Active,1.260071081954152,-0.22400103697290338,54.13052,35.62144
17564,25,3,454.01,4,4,2,10,Loyal Customers,0,High-Spend Watchlist,0.13757055343203717,-0.7175695494524751,22.046307,-55.867283
17566,9,2,869.77,5,3,3,11,Potential Loyalists,0,High-Spend Watchlist,0.2690635072659331,-0.7904448045303919,2.3647156,-43.265575
17567,8,8,4331.48,5,5,5,15,Champions,2,High-Value Active,2.060403584719797,0.17339513371374263,29.331741,34.08871
17569,333,1,344.14,1,2,2,5,Lost Customers,1,Dormant Customers,-2.1190865775024386,1.5822282222713455,-14.528173,31.577656
17571,51,4,1425.67,3,4,4,11,Loyal Customers,2,High-Value Active,0.7735406044634863,-0.04703610734902223,38.752666,-8.710561
17572,72,4,226.75000000000003,2,4,1,7,At Risk,0,High-Spend Watchlist,-0.2236993340921365,-0.4154619862165401,15.257504,-53.005444
17573,30,3,380.6,4,4,2,10,Loyal Customers,0,High-Spend Watchlist,0.027508959156834698,-0.7267973252468902,19.74195,-56.327393
17574,243,1,185.65,1,2,1,4,Lost Customers,1,Dormant Customers,-1.9841432942599444,0.6106735092745479,-35.47012,28.557764
17576,9,19,3564.83,5,5,5,15,Champions,2,High-Value Active,2.689672006493693,0.4796249073148877,19.919525,57.130985
17578,219,1,143.45999999999998,1,2,1,4,Lost Customers,1,Dormant Customers,-1.9932213767768048,0.32382329709600505,-40.525585,27.36826
17579,5,3,448.90000000000003,5,4,2,11,Loyal Customers,0,High-Spend Watchlist,0.22873109546582365,-0.8957741288092127,22.447235,-58.07069
17580,253,3,215.72,1,4,1,6,At Risk,1,Dormant Customers,-1.3266011994003466,1.0521027128456844,-8.455172,3.6147592
17581,1,25,11025.24,5,5,5,15,Champions,2,High-Value Active,3.51901838398967,0.8662950010770346,9.70294,60.835007
17582,237,1,175.27,1,2,1,4,Lost Customers,1,Dormant Customers,-1.9830737580513518,0.5410185690532692,-36.46596,28.244411
17584,8,2,1242.3,5,3,4,12,Potential Loyalists,0,High-Spend Watchlist,0.44775989664071414,-0.6920464896021236,4.226525,-38.96907
17585,110,4,1116.68,2,4,4,10,At Risk,0,High-Spend Watchlist,0.3691939469747303,0.3952162251904828,33.596367,-13.29349
17588,101,3,1240.2,2,4,4,10,At Risk,0,High-Spend Watchlist,0.2601022823049486,0.24858186018484102,22.297667,-28.729788
17589,61,4,2404.17,3,4,5,12,Loyal Customers,2,High-Value Active,0.9801676628930528,0.19748283452216978,34.51949,-3.4109054
17590,3,3,1468.02,5,4,4,13,Champions,0,High-Spend Watchlist,0.8160712338927717,-0.5572780134536828,37.100777,-36.96062
17591,74,7,2203.67,2,5,5,12,At Risk,2,High-Value Active,1.3040293361840867,0.49450832859509236,40.522175,19.58151
17593,4,5,3923.86,5,4,5,14,Champions,2,High-Value Active,1.6612442402540548,-0.07209739092759053,32.04938,12.363911
17594,86,2,993.18,2,3,4,9,At Risk,0,High-Spend Watchlist,-0.03842834823016604,-0.0775660004961838,-4.2763953,-28.033613
17595,13,2,386.69,5,3,2,10,Potential Loyalists,0,High-Spend Watchlist,-0.1452906935800793,-0.9989045244401084,-16.35789,-56.536816
17596,24,7,2806.69,4,5,5,14,Champions,2,High-Value Active,1.6637480554180935,0.130226135046744,37.867058,29.069183
17597,214,1,2044.3700000000001,1,2,4,7,At Risk,1,Dormant Customers,-0.675221030781268,1.0774140430641541,-21.340034,9.705066
17600,18,1,161.67000000000002,4,2,1,7,Potential Loyalists,0,High-Spend Watchlist,-0.9636903156019989,-1.3972726819880819,-72.6091,-9.642431
17601,240,1,116.00999999999999,1,2,1,4,Lost Customers,1,Dormant Customers,-2.197609217059842,0.4439733016813072,-40.95702,31.513466
17602,3,6,5054.42,5,5,5,15,Champions,2,High-Value Active,1.9304158222723746,0.06405024559384308,27.723299,27.721193
17603,79,1,394.72,2,2,2,6,Needs Attention,0,High-Spend Watchlist,-0.824564620205074,-0.5966806827379731,-44.54014,-6.6830153
17604,218,2,309.36,1,3,2,6,At Risk,1,Dormant Customers,-1.2448060332763937,0.7259413503748683,-7.1659245,-1.1146352
17608,34,2,191.99,3,3,1,7,Needs Attention,0,High-Spend Watchlist,-0.5873352120560266,-1.0252046859823145,-28.81029,-51.098648
17609,41,5,1105.78,3,4,4,11,Loyal Customers,2,High-Value Active,0.8644253153197665,-0.12951463659634635,61.9131,-2.885826
17611,8,15,3961.12,5,5,5,15,Champions,2,High-Value Active,2.542183538177136,0.40308146427006974,20.809818,53.962257
17612,54,6,2048.45,3,5,4,12,Loyal Customers,2,High-Value Active,1.243126775443039,0.23819416912308364,46.03332,15.249714
17613,23,14,4544.55,4,5,5,14,Champions,2,High-Value Active,2.477804196170789,0.5467319857495081,20.459808,50.498997
17614,58,1,386.32,3,2,2,7,Needs Attention,0,High-Spend Watchlist,-0.7335310415471242,-0.7866825028602239,-47.514256,-12.42127
17615,131,3,329.6,2,4,2,8,At Risk,0,High-Spend Watchlist,-0.5307307405456907,0.1128202629084009,12.343115,-21.892513
17616,174,3,571.1999999999999,2,4,3,9,At Risk,1,Dormant Customers,-0.4707758839463731,0.6536831042482601,10.926473,-7.421457
17618,6,3,930.28,5,4,3,12,Loyal Customers,0,High-Spend Watchlist,0.5790633597253084,-0.6681713618404208,35.388916,-47.72556
17619,313,1,214.37,1,2,1,4,Lost Customers,1,Dormant Customers,-2.252633401194812,1.2655531766483137,-22.699568,40.363323
17620,60,1,81.44,3,2,1,6,Needs Attention,0,High-Spend Watchlist,-1.4984969714310707,-1.2346362057963227,-68.93379,7.317776
17621,22,3,1379.9,4,4,4,12,Champions,0,High-Spend Watchlist,0.6940322105703277,-0.409820552228623,34.85378,-37.77134
17623,33,1,527.0500000000001,3,2,3,8,Needs Attention,0,High-Spend Watchlist,-0.46138290319260256,-0.9119528772099962,-44.19754,-20.611336
17624,15,2,843.48,4,3,3,10,Potential Loyalists,0,High-Spend Watchlist,0.22509532455259462,-0.7472251151719803,1.3250384,-43.58784
17625,19,4,2020.4,4,4,4,12,Champions,2,High-Value Active,1.098323165782678,-0.22190481327213918,42.112865,-2.3621397
17628,82,1,75.75,2,2,1,5,Needs Attention,0,High-Spend Watchlist,-1.6397515862717578,-1.06386287898684,-67.954254,8.843011
17629,6,8,1814.12,5,5,4,14,Champions,2,High-Value Active,1.64536225099738,-0.10580203115175078,43.65516,39.98657
17630,170,2,503.59999999999997,2,3,3,8,At Risk,1,Dormant Customers,-0.7755179382683953,0.45261663354603654,-5.6737933,-10.67359
17631,2,3,528.33,5,4,3,12,Loyal Customers,0,High-Spend Watchlist,0.32260336340600265,-0.8730846275440438,27.572802,-56.689106
17633,32,4,1324.84,4,4,4,12,Champions,2,High-Value Active,0.8295990908615478,-0.23515247480483614,44.25424,-9.837196
17634,37,9,2358.59,3,5,5,13,Loyal Customers,2,High-Value Active,1.719795939162813,0.29104956671735877,34.4074,44.34598
17636,20,1,285.56,4,2,2,8,Potential Loyalists,0,High-Spend Watchlist,-0.6969398042145345,-1.2094561411861393,-60.702118,-19.922005
17637,32,2,547.0600000000001,4,3,3,10,Potential Loyalists,0,High-Spend Watchlist,-0.06813441454969944,-0.7286977874816281,-9.131249,-47.594612
17639,277,1,108.5,1,2,1,4,Lost Customers,1,Dormant Customers,-2.4088393793978953,0.7474109337997772,-34.577423,39.41319
17640,87,1,621.66,2,2,3,7,At Risk,0,High-Spend Watchlist,-0.6419464870155366,-0.39039466429403946,-36.5993,-9.958265
17642,120,2,712.29,2,3,3,8,At Risk,0,High-Spend Watchlist,-0.36486386876737165,0.11972211471016744,-5.8016863,-19.157066
17643,374,1,101.55,1,2,1,4,Lost Customers,1,Dormant Customers,-2.9097202842495986,1.575498478007551,-26.137424,53.189873
17644,2,11,2895.64,5,5,5,15,Champions,2,High-Value Active,2.1555730664474626,0.12812756085251598,30.754805,48.777866
17646,220,3,1008.39,1,4,4,9,At Risk,1,Dormant Customers,-0.41603041437786054,1.2264927951179465,10.138126,-1.3882316
17647,66,1,133.06,3,2,1,6,Needs Attention,0,High-Spend Watchlist,-1.290139182964394,-1.0359267541531645,-64.802,2.6840553
17648,61,4,1797.5,3,4,4,11,Loyal Customers,2,High-Value Active,0.838270310722927,0.11004203144277876,37.26888,-6.5672894
17649,139,1,868.49,2,2,3,7,At Risk,0,High-Spend Watchlist,-0.730293547492886,0.16455174008624612,-32.531918,-1.3546618
17650,22,1,166.08,4,2,1,7,Potential Loyalists,0,High-Spend Watchlist,-0.9699668041253573,-1.3542644052186752,-71.623024,-9.360505
17651,12,10,3945.0,5,5,5,15,Champions,2,High-Value Active,2.178700579468608,0.2697317340144259,26.976715,42.26484
17652,26,12,4867.72,4,5,5,14,Champions,2,High-Value Active,2.3661571928521457,0.5298025062816244,20.870895,45.760345
17653,37,4,1207.56,3,4,4,11,Loyal Customers,2,High-Value Active,0.7602172232063876,-0.21931235531927526,44.200603,-11.054682
17654,278,1,117.55,1,2,1,4,Lost Customers,1,Dormant Customers,-2.374906786596697,0.7800400741064027,-34.122883,38.800114
17655,11,7,2638.94,5,5,5,15,Champions,2,High-Value Active,1.696511582663335,-0.0019311702383718516,38.031242,31.211233
17656,74,5,1674.69,2,4,4,10,At Risk,2,High-Value Active,0.9073945336300387,0.28369119031915696,46.037018,9.362908
17658,26,2,595.42,4,3,3,10,Potential Loyalists,0,High-Spend Watchlist,0.002148249157564523,-0.7557018159024944,-6.947717,-47.737667
17659,18,12,2999.46,4,5,5,14,Champions,2,High-Value Active,2.168516998905218,0.3142595070946055,29.161076,49.24731
17660,142,1,178.75,2,2,1,5,Needs Attention,1,Dormant Customers,-1.5143281237181876,-0.28343355118932123,-47.546535,13.562468
17663,26,7,1802.91,4,5,4,13,Champions,2,High-Value Active,1.438108263405811,0.014619089014178823,47.344845,32.310482
17664,19,2,604.64,4,3,3,10,Potential Loyalists,0,High-Spend Watchlist,0.043473116014437596,-0.812269387235518,-5.3148685,-49.067715
17666,4,2,728.16,5,3,3,11,Potential Loyalists,0,High-Spend Watchlist,0.20658800560199844,-0.8875388310752906,-0.6001686,-50.516163
17667,67,5,2055.51,3,4,5,12,Loyal Customers,2,High-Value Active,1.0412020283752366,0.2841137962499917,45.11674,10.357586
17668,2,2,347.75,5,3,2,10,Potential Loyalists,0,High-Spend Watchlist,-0.1437938950317769,-1.1268911879196284,-18.676914,-58.41006
17669,43,7,3406.7200000000003,3,5,5,13,Loyal Customers,2,High-Value Active,1.6664585739650974,0.35455747698927087,35.620285,21.860733
17670,228,1,205.7,1,2,1,4,Lost Customers,1,Dormant Customers,-1.8618274275041973,0.510262656756543,-35.442574,26.077684
17671,16,4,1572.71,4,4,4,12,Champions,2,High-Value Active,0.9906068897694092,-0.323439364854418,45.10659,-4.69805
17672,51,2,3178.17,3,3,5,11,Needs Attention,0,High-Spend Watchlist,0.6982365376490058,-0.03377921767876906,5.907947,-31.015778
17673,2,6,1594.97,5,5,4,14,Champions,2,High-Value Active,1.3723911302850078,-0.2915379446142829,54.723194,27.87852
17674,75,2,551.04,2,3,3,8,At Risk,0,High-Spend Watchlist,-0.2724512926444305,-0.35068599557591346,-14.844328,-37.546474
17675,2,31,20374.28,5,5,5,15,Champions,2,High-Value Active,4.003556880291057,1.152348143060168,6.859983,63.14125
17676,5,6,1371.18,5,5,4,14,Champions,2,High-Value Active,1.2841357016608708,-0.31076620482702005,55.926266,29.557262
17677,2,30,16345.38,5,5,5,15,Champions,2,High-Value Active,3.8670117377378976,1.0719135561312452,7.74845,62.864426
17678,264,1,298.11,1,2,2,5,Lost Customers,1,Dormant Customers,-1.8554382079435838,0.9360839542872087,-25.428968,26.330128
17679,53,2,1992.1100000000001,3,3,4,10,Needs Attention,0,High-Spend Watchlist,0.46062742997118566,-0.15676206430309259,3.644123,-31.843395
17680,24,1,184.4,4,2,1,7,Potential Loyalists,0,High-Spend Watchlist,-0.9288428107448767,-1.305484735991923,-69.562065,-10.92651
17682,11,6,2474.33,5,5,5,15,Champions,2,High-Value Active,1.5431449697652935,-0.08084400686443904,48.863728,23.629225
17684,44,1,239.41,3,2,1,6,Needs Attention,0,High-Spend Watchlist,-0.8986736550904579,-1.0525136719828385,-60.874447,-9.083488
17685,17,7,3155.83,4,5,5,14,Champions,2,High-Value Active,1.7548014271459866,0.10430254920998315,35.23186,30.018368
17686,8,7,5739.46,5,5,5,15,Champions,2,High-Value Active,2.090220664906235,0.20552549852096216,26.525509,29.991611
17690,31,15,4726.8,4,5,5,14,Champions,2,High-Value Active,2.5172599278429217,0.6572599549115306,19.964706,51.32162
17691,359,2,290.40000000000003,1,3,2,6,At Risk,1,Dormant Customers,-1.9571308260686635,1.9393678421231837,-1.8725849,16.439268
17692,128,4,740.9399999999999,2,4,3,9,At Risk,0,High-Spend Watchlist,0.08216051892595334,0.42928088200591197,33.23726,-18.045242
17693,138,1,200.47,2,2,1,5,Needs Attention,0,High-Spend Watchlist,-1.4393052153459271,-0.28407851343250706,-47.267776,12.278252
17694,142,1,283.12,2,2,2,6,Needs Attention,0,High-Spend Watchlist,-1.2908260211795526,-0.14570579914163248,-38.814022,7.0142245
17695,132,2,765.34,2,3,3,8,At Risk,0,High-Spend Watchlist,-0.3878474929806386,0.24618704546899828,-4.799557,-17.82096
17696,39,8,2285.71,3,5,5,13,Loyal Customers,2,High-Value Active,1.598600754628817,0.25210941829715916,40.07651,24.900763
17697,237,1,338.95,1,2,2,5,Lost Customers,1,Dormant Customers,-1.6624478115524797,0.7385965352463109,-27.628323,20.548458
17698,261,1,154.95,1,2,1,4,Lost Customers,1,Dormant Customers,-2.1588752979410475,0.7139411961922986,-33.941936,33.978374
17700,17,4,2534.64,4,4,5,13,Champions,2,High-Value Active,1.2186387735111273,-0.17120124229820927,39.466488,1.5292486
17701,253,1,417.95,1,2,2,5,Lost Customers,1,Dormant Customers,-1.6377809027173982,0.941300962397704,-23.508171,20.548388
17702,31,4,1824.37,4,4,4,12,Champions,2,High-Value Active,0.9905209165725855,-0.14770730380331304,41.4453,-4.4822855
17703,36,3,798.74,3,4,3,10,Loyal Customers,0,High-Spend Watchlist,0.3597159020981374,-0.4517688347891035,28.224644,-46.568344
17704,169,2,885.19,2,3,3,8,At Risk,0,High-Spend Watchlist,-0.49575965013020123,0.6132918934169144,-0.68215996,-13.202092
17705,4,9,1823.52,5,5,4,14,Champions,2,High-Value Active,1.753763080209022,-0.07474609400935156,41.975082,42.86179
17706,5,17,10504.49,5,5,5,15,Champions,2,High-Value Active,3.140271226079529,0.7227251817250445,10.773544,54.528976
17707,186,2,152.4,1,3,1,5,At Risk,1,Dormant Customers,-1.4341383668272858,0.23426180482016218,-11.949552,-3.054233
17708,188,2,263.33,1,3,2,6,At Risk,1,Dormant Customers,-1.1781643205445118,0.41543761026869647,-8.810559,-4.423048
17709,170,1,137.45,2,2,1,5,Needs Attention,1,Dormant Customers,-1.7771142797313106,-0.11723707420608151,-46.595577,19.441687
17711,11,2,385.1,5,3,2,10,Potential Loyalists,0,High-Spend Watchlist,-0.13762952606695036,-1.017621521026006,-16.371576,-57.05328
17712,45,1,522.91,3,2,3,8,Needs Attention,0,High-Spend Watchlist,-0.5232298062053313,-0.809436499800131,-43.952065,-18.644073
17714,321,1,153.0,1,2,1,4,Lost Customers,1,Dormant Customers,-2.4550400979024625,1.2345769783078808,-26.467241,42.7955
17715,201,1,326.4,1,2,2,5,Lost Customers,1,Dormant Customers,-1.506797750220737,0.4126280160440745,-32.077133,14.589305
17716,23,11,5655.99,4,5,5,14,Champions,2,High-Value Active,2.3808222180649743,0.5130309454681686,20.81736,41.38889
17718,233,1,139.35,1,2,1,4,Lost Customers,1,Dormant Customers,-2.074983644644712,0.4375053190736031,-39.086285,29.388327
17719,38,15,5396.04,3,5,5,13,Loyal Customers,2,High-Value Active,2.548054146707853,0.758269164347183,16.76288,51.57185
17720,27,4,1195.94,4,4,4,12,Champions,2,High-Value Active,0.8038378340834151,-0.309622238048338,45.4591,-10.823127
17722,97,4,2424.04,2,4,5,11,At Risk,2,High-Value Active,0.8101708241837398,0.5146104999923933,31.916271,-4.63446
17723,128,6,3276.4000000000005,2,5,5,12,At Risk,2,High-Value Active,1.1146218150581282,1.0262122998759544,23.625175,0.63708216
17724,72,3,1033.0,2,4,4,10,At Risk,0,High-Spend Watchlist,0.3111170390990093,-0.0598326099908377,22.809683,-33.09788
17725,17,11,3439.08,4,5,5,14,Champions,2,High-Value Active,2.167006354072164,0.31095808710900014,28.07465,46.42915
17727,16,1,1060.25,4,2,4,10,Potential Loyalists,0,High-Spend Watchlist,-0.03845640223512225,-0.8505577198083282,-38.079132,-23.248266
17728,4,3,2876.01,5,4,5,14,Champions,2,High-Value Active,1.1393689179170299,-0.3463346511216192,26.383104,-19.049019
17730,4,13,5298.4800000000005,5,5,5,15,Champions,2,High-Value Active,2.581558171085425,0.39606473685128857,18.561258,48.530506
17731,80,4,1240.11,2,4,4,10,At Risk,0,High-Spend Watchlist,0.5653421034014228,0.1645176912241217,35.44241,-10.628548
17732,373,1,303.97,1,2,2,5,Lost Customers,1,Dormant Customers,-2.37284014145819,1.894618847080917,-12.475226,53.0785
17733,39,2,692.19,3,3,3,9,Needs Attention,0,High-Spend Watchlist,0.012711990185091386,-0.5968451319815825,-6.453322,-42.50379
17734,54,3,700.63,3,4,3,10,Loyal Customers,0,High-Spend Watchlist,0.20881637059877217,-0.3338149646898664,22.753378,-46.55782
17735,3,19,13110.02,5,5,5,15,Champions,2,High-Value Active,3.3543086451995388,0.818877106318157,8.351396,58.2401
17736,10,3,377.44,5,4,2,11,Loyal Customers,0,High-Spend Watchlist,0.12012361621877564,-0.9041058414714616,20.773298,-58.118885
17737,10,2,168.24,5,3,1,9,Potential Loyalists,0,High-Spend Watchlist,-0.5354340780688267,-1.2744779343858443,-30.641085,-53.424072
17738,20,4,1879.05,4,4,4,12,Champions,2,High-Value Active,1.0581005233824203,-0.2349720388200526,42.54971,-3.0538163
17739,12,7,2791.35,5,5,5,15,Champions,2,High-Value Active,1.7190779814522605,0.023693828573085177,37.223267,30.868519
17742,114,2,355.11,2,3,2,7,At Risk,0,High-Spend Watchlist,-0.6749732974175198,-0.1416893183034447,-10.865866,-15.010216
17744,4,6,2322.4,5,5,5,15,Champions,2,High-Value Active,1.5460587098515852,-0.16108150382071926,49.50838,24.43159
17746,241,1,110.25,1,2,1,4,Lost Customers,1,Dormant Customers,-2.2270858603735477,0.43752803754175,-41.40797,31.8039
17747,113,1,71.4,2,2,1,5,Needs Attention,0,High-Spend Watchlist,-1.8180800882146904,-0.8104644123058053,-66.73674,10.6356535
17749,179,2,674.52,2,3,3,8,At Risk,1,Dormant Customers,-0.676611748006362,0.61903619935779,-2.3511267,-11.503097
17750,6,9,1710.45,5,5,4,14,Champions,2,High-Value Active,1.7128640512352638,-0.07651112372141078,42.639587,42.98058
17752,360,1,80.64,1,2,1,4,Lost Customers,1,Dormant Customers,-2.953368101481401,1.3845355315612158,-27.387905,52.29904
17754,1,5,1664.65,5,4,4,13,Champions,2,High-Value Active,1.2573210633548197,-0.3561622638655024,63.205822,6.1967573
17757,2,30,5593.39,5,5,5,15,Champions,2,High-Value Active,3.3435673590337696,0.7493536482733024,13.687001,62.6766
17758,20,8,3408.2000000000003,4,5,5,14,Champions,2,High-Value Active,1.8854013586143346,0.20618228663410618,32.57641,34.8968
17759,18,3,819.96,4,4,3,11,Loyal Customers,0,High-Spend Watchlist,0.4595067936909223,-0.601217165139923,31.728582,-49.62211
17760,22,2,287.59,4,3,2,9,Potential Loyalists,0,High-Spend Watchlist,-0.3329035196685242,-1.0090453560145272,-23.199728,-53.91521
17761,33,1,712.78,3,2,3,8,Needs Attention,0,High-Spend Watchlist,-0.3142541383877419,-0.8212883429261466,-40.228897,-21.639692
17763,264,1,15.0,1,2,1,4,Lost Customers,1,Dormant Customers,-3.284930315425165,0.05519410002143968,-39.40349,44.797108
17764,51,2,772.55,3,3,3,9,Needs Attention,0,High-Spend Watchlist,0.008253873747439102,-0.45896430619314527,-6.3288293,-39.143257
17765,159,3,367.63,2,4,2,8,At Risk,0,High-Spend Watchlist,-0.6129195796810022,0.3903054579703684,8.390478,-9.917181
17767,16,1,271.2,4,2,2,8,Potential Loyalists,0,High-Spend Watchlist,-0.7027026084816844,-1.2598833402540246,-62.535316,-19.590427
17768,9,3,2081.9,5,4,5,14,Champions,2,High-Value Active,0.9575237918133296,-0.3997972880671667,36.85333,-33.7177
17769,13,10,3957.43,5,5,5,15,Champions,2,High-Value Active,2.17540223132732,0.27941820960163366,26.934776,42.223053
17770,199,5,1143.27,1,4,4,9,At Risk,1,Dormant Customers,0.11696249804172222,1.2614819447336654,17.881302,-2.7850628
17771,57,2,245.81,3,3,1,7,Needs Attention,0,High-Spend Watchlist,-0.5784282789015237,-0.7501789431122217,-25.64311,-46.846836
17772,11,2,173.45,5,3,1,9,Potential Loyalists,0,High-Spend Watchlist,-0.5254660750741834,-1.256616391543906,-30.381964,-53.524208
17774,97,4,1213.73,2,4,4,10,At Risk,0,High-Spend Watchlist,0.47268100855907924,0.30664058330251104,34.077885,-12.073624
17775,255,1,56.4,1,2,1,4,Lost Customers,1,Dormant Customers,-2.617802061043374,0.3608246887877884,-38.425224,42.408596
17777,25,3,647.56,4,4,3,11,Loyal Customers,0,High-Spend Watchlist,0.31059776764257196,-0.6109457236109646,27.058893,-52.60696
17779,22,3,650.32,4,4,3,11,Loyal Customers,0,High-Spend Watchlist,0.3271719455079709,-0.635889296319849,27.47737,-52.955982
17781,160,2,188.02,2,3,1,6,At Risk,1,Dormant Customers,-1.2065287424076416,0.06982664839778052,-12.044941,-5.2648993
17783,73,2,283.47,2,3,2,7,At Risk,0,High-Spend Watchlist,-0.5864419383854249,-0.5676131238714021,-25.240776,-44.371216
17785,54,1,131.94,3,2,1,6,Needs Attention,0,High-Spend Watchlist,-1.2362303492821494,-1.1433347743353715,-67.46411,1.8317671
17786,86,2,266.85,2,3,2,7,At Risk,0,High-Spend Watchlist,-0.6786686787858237,-0.4720985820519082,-26.326345,-43.573914
17787,153,4,1817.54,2,4,4,10,At Risk,2,High-Value Active,0.39897918584526243,0.9174877710448536,21.346025,-5.8742394
17788,74,2,1117.9,2,3,4,9,At Risk,0,High-Spend Watchlist,0.0772703790224363,-0.14689749681553263,-2.9116142,-30.065489
17789,282,1,225.9,1,2,1,4,Lost Customers,1,Dormant Customers,-2.0773292434008486,1.0102910312084448,-28.510271,32.37359
17790,27,14,1964.3,4,5,4,13,Champions,2,High-Value Active,2.049130775836144,0.3294483939887164,31.677292,53.197403
17791,30,1,106.1,4,2,1,7,Potential Loyalists,0,High-Spend Watchlist,-1.2257336746160101,-1.4181225169752762,-74.37412,0.5446399
17793,26,1,300.34,4,2,2,8,Potential Loyalists,0,High-Spend Watchlist,-0.7013909636992809,-1.1418850443238566,-59.38868,-19.2473
17795,180,2,342.83,1,3,2,6,At Risk,1,Dormant Customers,-1.0111289317815901,0.4246170976391649,-7.9495435,-6.505522
17796,41,4,690.0,3,4,3,10,Loyal Customers,0,High-Spend Watchlist,0.46796927256182275,-0.3525270589172954,44.805183,-20.283215
17797,23,3,780.43,4,4,3,11,Loyal Customers,0,High-Spend Watchlist,0.41124730724674363,-0.5723608903294699,30.433146,-49.51461
17799,23,10,3039.17,4,5,5,14,Champions,2,High-Value Active,1.9982185731196163,0.28742310254961245,32.328293,45.468464
17800,38,9,1187.21,3,5,4,12,Loyal Customers,2,High-Value Active,1.3800530670178797,0.09341026123381921,48.489502,37.03307
17802,83,3,1285.04,2,4,4,10,At Risk,0,High-Spend Watchlist,0.3644338893105807,0.10193163562093081,23.965935,-31.015434
17805,74,1,512.31,2,2,3,7,At Risk,0,High-Spend Watchlist,-0.6733855023274813,-0.5621152298872716,-40.57857,-9.927961
17806,12,1,546.04,5,2,3,10,Potential Loyalists,0,High-Spend Watchlist,-0.3426273827603034,-1.084871722811602,-44.059032,-24.083487
17809,17,12,5411.91,4,5,5,14,Champions,2,High-Value Active,2.4613857265520247,0.48301375745984,19.427181,46.191326
17811,5,39,7761.82,5,5,5,15,Champions,2,High-Value Active,3.7217434206791693,0.9877826864506403,11.666236,63.982826
17812,13,4,699.81,5,4,3,12,Loyal Customers,0,High-Spend Watchlist,0.6101947681022232,-0.5930161200135744,51.416733,-21.141752
17813,15,5,1698.07,4,4,4,12,Champions,2,High-Value Active,1.1993471694860838,-0.22782123314229694,61.64093,4.9895377
17816,37,4,36.56,3,4,1,8,Loyal Customers,0,High-Spend Watchlist,-0.9343661997854587,-1.263558305827057,-34.35731,-49.27839
17817,5,3,387.68,5,4,2,11,Loyal Customers,0,High-Spend Watchlist,0.15732589961588458,-0.9397758495860321,21.16101,-58.39045
17819,72,7,3704.87,2,5,5,12,At Risk,2,High-Value Active,1.567226890411767,0.6332594350329694,36.93256,18.546064
17824,52,1,298.4,3,2,2,7,Needs Attention,0,High-Spend Watchlist,-0.8302202278122582,-0.9165788857186377,-53.614918,-11.196117
17827,6,5,1987.33,5,4,4,13,Champions,2,High-Value Active,1.319598834512912,-0.25919008395100057,61.10023,7.528339
17828,23,4,1820.09,4,4,4,12,Champions,2,High-Value Active,1.0280445471876587,-0.21833629747549513,42.444603,-3.740569
17829,299,1,889.24,1,2,3,6,At Risk,1,Dormant Customers,-1.4921726244242375,1.5701026562429399,-13.931787,20.327623
17830,2,3,398.7,5,4,2,11,Loyal Customers,0,High-Spend Watchlist,0.18547541296451625,-0.9575864024387478,21.453316,-58.463764
17831,34,1,35.400000000000006,3,2,1,6,Needs Attention,0,High-Spend Watchlist,-1.7719066947433781,-1.7078123884181906,-72.79175,9.868905
17832,50,1,155.37,3,2,1,6,Needs Attention,0,High-Spend Watchlist,-1.1376511219392613,-1.1294637261182885,-65.85296,-1.5687982
17835,3,3,342.24,5,4,2,11,Loyal Customers,0,High-Spend Watchlist,0.10629993154522946,-0.9946573706496146,20.26982,-58.676243
17836,48,1,110.21000000000001,3,2,1,6,Needs Attention,0,High-Spend Watchlist,-1.2943568607764118,-1.249467843789518,-69.35371,3.1109688
17837,43,8,1541.23,3,5,4,12,Loyal Customers,2,High-Value Active,1.3869803484552505,0.16857948422472355,48.47146,35.377113
17838,27,5,2720.8,4,4,5,13,Champions,2,High-Value Active,1.371377973352113,0.018816610941070847,55.127884,11.291891
17839,43,1,318.15,3,2,2,7,Needs Attention,0,High-Spend Watchlist,-0.7555317736938583,-0.9760249606036017,-53.906246,-14.535687
17841,2,124,40519.84,5,5,5,15,Champions,2,High-Value Active,5.5834379012152535,1.9667710643545748,4.5950165,67.04447
17843,304,1,205.48,1,2,1,4,Lost Customers,1,Dormant Customers,-2.2297086725267476,1.1742089609274886,-23.306751,39.77854
17844,107,1,51.559999999999995,2,2,1,5,Needs Attention,0,High-Spend Watchlist,-1.9454171352984184,-0.9592467963591553,-68.41123,10.836385
17846,86,1,2033.1,2,2,4,8,At Risk,0,High-Spend Watchlist,-0.05920442664168045,-0.043013000398469094,-27.584253,-13.711083
17848,82,9,901.1999999999999,2,5,3,10,At Risk,2,High-Value Active,1.0329422062416922,0.3951477259089592,63.642532,23.18706
17849,219,4,605.8000000000001,1,4,3,8,At Risk,1,Dormant Customers,-0.455863799207586,1.1641656823133841,12.672284,-3.2808568
17850,373,34,5391.21,1,5,5,11,At Risk,2,High-Value Active,1.6431172740003954,4.035068318702647,19.820766,2.4633837
17852,12,2,114.34,5,3,1,9,Potential Loyalists,0,High-Spend Watchlist,-0.7322850669620995,-1.3723445784593755,-32.36374,-51.75163
17854,186,2,311.26,1,3,2,6,At Risk,1,Dormant Customers,-1.0871480841457277,0.44808615400212093,-8.121787,-5.26366
17855,373,1,208.97,1,2,1,4,Lost Customers,1,Dormant Customers,-2.5550517414554035,1.7823353661669479,-17.812012,53.86363
17856,2,4,1418.03,5,4,4,13,Champions,2,High-Value Active,1.007770742960988,-0.4769285937359295,48.982613,-6.0461636
17857,5,23,26879.04,5,5,5,15,Champions,2,High-Value Active,3.8616090235019374,1.1336326684067224,5.6540203,60.860867
17858,6,12,5140.66,5,5,5,15,Champions,2,High-Value Active,2.4894588347012974,0.3714041004491176,19.052473,47.23687
17859,305,1,141.92000000000002,1,2,1,4,Lost Customers,1,Dormant Customers,-2.4141518793100345,1.0722693090985294,-28.890009,41.35151
17860,369,1,226.45000000000002,1,2,1,4,Lost Customers,1,Dormant Customers,-2.4966794507014054,1.7714298644983109,-16.963396,53.447132
17861,4,8,2097.88,5,5,5,15,Champions,2,High-Value Active,1.7259385387077828,-0.07958685268877347,42.218624,39.368423
17862,324,1,330.9,1,2,2,5,Lost Customers,1,Dormant Customers,-2.0946790047589645,1.491797773261543,-15.120233,30.968834
17863,60,6,3160.0,3,5,5,13,Loyal Customers,2,High-Value Active,1.4256601087157537,0.420989926347614,37.80537,16.210714
17864,13,3,554.85,5,4,3,12,Loyal Customers,0,High-Spend Watchlist,0.2932978813471615,-0.7622343910771068,26.882343,-55.74625
17865,31,20,10526.32,4,5,5,14,Champions,2,High-Value Active,3.1563737388001347,1.019338211671284,9.690911,57.42007
17866,143,1,329.65,2,2,2,6,Needs Attention,0,High-Spend Watchlist,-1.2216209194713312,-0.09134083037671946,-37.874626,6.255973
17867,31,6,1157.8700000000001,4,5,4,13,Champions,2,High-Value Active,1.0759792711403067,-0.13434348929250428,59.41805,29.042664
17869,108,5,428.18,2,4,2,8,At Risk,0,High-Spend Watchlist,0.07810033039140703,0.1711048337443876,35.523647,-21.359138
17870,3,12,1865.89,5,5,4,14,Champions,2,High-Value Active,2.009386430849144,0.04041411258267079,33.60123,51.944553
17871,205,1,155.9,1,2,1,4,Lost Customers,1,Dormant Customers,-1.8852231586634325,0.22630854338613293,-42.568474,22.620918
17873,81,5,1848.96,2,4,4,10,At Risk,2,High-Value Active,0.9218583983108696,0.3746372149061124,45.18913,9.551209
17874,186,6,683.46,1,5,3,9,At Risk,0,High-Spend Watchlist,0.06969560917881717,1.0620040134297768,16.012177,-2.997884
17877,171,1,237.61,2,2,1,5,Needs Attention,1,Dormant Customers,-1.5162226931119869,0.055250043589468355,-41.82012,15.547703
17878,44,1,379.45,3,2,2,7,Needs Attention,0,High-Spend Watchlist,-0.6745958566897968,-0.9144311613174928,-49.435722,-16.502289
17879,174,1,178.51999999999998,2,2,1,5,Needs Attention,1,Dormant Customers,-1.6696316490300929,-0.00412749821951182,-44.16264,17.609468
17880,365,1,458.92,1,2,2,5,Lost Customers,1,Dormant Customers,-2.1336081379644045,1.9482877479262137,-9.156,50.37245
17881,305,1,133.35000000000002,1,2,1,4,Lost Customers,1,Dormant Customers,-2.444339157274904,1.0536671309207135,-29.519966,41.67767
17883,4,4,664.34,5,4,3,12,Loyal Customers,0,High-Spend Watchlist,0.6283428289686579,-0.6873038414604062,52.904877,-21.775206
17884,4,4,695.0699999999999,5,4,3,12,Loyal Customers,0,High-Spend Watchlist,0.6503850349468848,-0.6737208664231645,52.82253,-21.190725
17885,13,1,156.34,5,2,1,8,Potential Loyalists,0,High-Spend Watchlist,-0.9557852089696953,-1.4509963649957685,-73.434654,-10.463931
17886,32,3,869.28,4,4,3,11,Loyal Customers,0,High-Spend Watchlist,0.4203155282979053,-0.46130179498937124,29.6329,-46.14693
17887,130,1,111.35,2,2,1,5,Needs Attention,0,High-Spend Watchlist,-1.6857416831072234,-0.5296910333283735,-51.605923,18.44504
17888,22,8,716.0,4,5,3,12,Loyal Customers,2,High-Value Active,1.1145887090681892,-0.2453743155444662,55.935284,37.423992
17889,213,2,201.37,1,3,1,5,At Risk,1,Dormant Customers,-1.429399362222217,0.5535951734231291,-9.828749,-1.8131671
17890,323,2,586.89,1,3,3,7,At Risk,1,Dormant Customers,-1.440493674853669,1.8358488651988012,-0.12668778,12.952286
17891,163,1,203.85999999999999,2,2,1,5,Needs Attention,1,Dormant Customers,-1.5520018842971763,-0.06055003684489416,-44.17922,15.664825
17892,57,3,244.1,3,4,1,8,Loyal Customers,0,High-Spend Watchlist,-0.31912038164218837,-0.6239861808357788,16.59409,-54.088787
17893,226,1,107.21,1,2,1,4,Lost Customers,1,Dormant Customers,-2.168105834873932,0.29808800837987726,-43.053078,30.43841
17894,72,8,1118.96,2,5,4,11,At Risk,2,High-Value Active,1.090617238157151,0.32580397984134113,63.388695,23.205458
17895,45,1,95.45,3,2,1,6,Needs Attention,0,High-Spend Watchlist,-1.3493700498773489,-1.3185253958090986,-72.76712,2.669156
17896,24,1,256.32,4,2,2,8,Potential Loyalists,0,High-Spend Watchlist,-0.7688159218265862,-1.2068720454285693,-62.075855,-18.186523
17897,173,3,541.8100000000001,2,4,3,9,At Risk,1,Dormant Customers,-0.4916833994533094,0.6290803520409413,10.631437,-7.5836143
17898,86,2,152.06,2,3,1,6,At Risk,0,High-Spend Watchlist,-0.9518513414938748,-0.6404407748358796,-29.81276,-45.037895
17899,160,1,154.55,2,2,1,5,Needs Attention,1,Dormant Customers,-1.6719251063089262,-0.16960682295043747,-46.42877,17.219118
17900,191,2,112.19999999999999,1,3,1,5,At Risk,1,Dormant Customers,-1.6066604354742116,0.18654427600177886,-12.701834,-2.6422033
17901,30,1,110.38,4,2,1,7,Potential Loyalists,0,High-Spend Watchlist,-1.206604540826033,-1.4063346520487814,-74.17617,0.05406772
17904,22,1,181.07,4,2,1,7,Potential Loyalists,0,High-Spend Watchlist,-0.9280233403521156,-1.3284177625564046,-70.19839,-10.947817
17905,72,4,798.99,2,4,3,9,At Risk,0,High-Spend Watchlist,0.3896226690761982,-0.037517171298486945,39.15609,-17.00345
17906,248,1,72.9,1,2,1,4,Lost Customers,1,Dormant Customers,-2.460619083289896,0.37565186940132833,-38.578934,41.25213
17908,374,1,232.03,1,2,1,4,Lost Customers,1,Dormant Customers,-2.5090161209986324,1.8224227038374432,-16.558554,53.87078
17911,10,1,366.23,5,2,2,9,Potential Loyalists,0,High-Spend Watchlist,-0.5275150571598287,-1.2222422750231405,-57.226353,-23.597834
17912,311,5,310.06,1,4,2,7,At Risk,1,Dormant Customers,-1.0602809582012465,1.8485625045013603,-3.0821779,9.318401
17913,59,2,408.65,3,3,2,8,Needs Attention,0,High-Spend Watchlist,-0.3407438507593679,-0.5802736714246954,-18.826424,-42.515083
17914,4,1,329.36,5,2,2,9,Potential Loyalists,0,High-Spend Watchlist,-0.5501646402322427,-1.3065135474489873,-58.71193,-23.757261
17917,46,3,335.03,3,4,2,9,Loyal Customers,0,High-Spend Watchlist,-0.11191301688159407,-0.625208695186193,17.874321,-53.8915
17919,89,1,1304.04,2,2,4,8,At Risk,0,High-Spend Watchlist,-0.290368310772645,-0.15030513160839354,-30.175264,-12.8184185
17920,5,17,4119.5,5,5,5,15,Champions,2,High-Value Active,2.6833745516841634,0.44117368324792944,19.674356,55.66922
17921,65,4,820.23,3,4,3,10,Loyal Customers,0,High-Spend Watchlist,0.43625078049255944,-0.09081674674493408,39.91811,-16.83407
17923,283,1,207.50000000000003,1,2,1,4,Lost Customers,1,Dormant Customers,-2.1234482788768143,0.9935902963812775,-29.003086,33.030712
17924,12,7,2962.5,5,5,5,15,Champions,2,High-Value Active,1.7481184179277656,0.04158929348739674,36.083927,30.666159
17925,373,1,244.08,1,2,1,4,Lost Customers,1,Dormant Customers,-2.4795697412509665,1.828849318788146,-15.914387,53.670307
17926,134,2,397.29,2,3,2,7,At Risk,0,High-Spend Watchlist,-0.7170004202133368,0.06679253945559532,-9.245206,-12.791159
17928,46,2,212.54,3,3,1,7,Needs Attention,0,High-Spend Watchlist,-0.5959430231063959,-0.8898810088927138,-27.626963,-49.34737
17929,12,4,843.0,5,4,3,12,Loyal Customers,0,High-Spend Watchlist,0.7057883049033086,-0.5458279232171794,51.193478,-16.959194
17930,36,5,1740.48,3,4,4,11,Loyal Customers,2,High-Value Active,1.10987508389073,-0.0368571807774557,51.39954,7.498165
17931,135,2,408.36,2,3,2,7,At Risk,0,High-Spend Watchlist,-0.7084509437765213,0.08377994969739054,-9.050226,-12.826317
17932,30,3,1331.57,4,4,4,12,Champions,0,High-Spend Watchlist,0.6379707585563318,-0.35061504155787654,33.049515,-38.051414
17934,52,2,704.25,3,3,3,9,Needs Attention,0,High-Spend Watchlist,-0.04170595043741809,-0.47803183394510973,-7.855445,-39.802486
17935,139,2,145.79,2,3,1,6,At Risk,0,High-Spend Watchlist,-1.2284565659774715,-0.18978489718241076,-13.312016,-5.2136827
17936,6,1,380.13,5,2,2,9,Potential Loyalists,0,High-Spend Watchlist,-0.49004339851678963,-1.2460272845099225,-57.186,-24.091545
17937,9,7,4301.22,5,5,5,15,Champions,2,High-Value Active,1.9445926105907971,0.12750474335589906,29.890985,30.254725
17939,160,1,99.14,2,2,1,5,Needs Attention,1,Dormant Customers,-1.8869174611296917,-0.30209064927947427,-49.633106,21.029337
17940,50,10,4020.04,3,5,5,13,Loyal Customers,2,High-Value Active,2.0042162574932645,0.6075321020442147,35.696224,25.297045
17941,131,1,304.56,2,2,2,6,Needs Attention,0,High-Spend Watchlist,-1.2021406465073592,-0.21996461640679071,-39.978134,5.169094
17942,8,1,77.50000000000001,5,2,1,8,Potential Loyalists,0,High-Spend Watchlist,-1.2710515359491465,-1.7038666089163748,-76.982994,2.5171905
17946,234,2,149.57999999999998,1,3,1,5,At Risk,1,Dormant Customers,-1.6752139111695628,0.648216973153699,-10.720856,-0.6999409
17947,38,1,176.68,3,2,1,6,Needs Attention,0,High-Spend Watchlist,-1.017277547600274,-1.1959144612588328,-67.39179,-7.3308444
17948,148,1,358.56000000000006,2,2,2,6,Needs Attention,0,High-Spend Watchlist,-1.2048700861960373,-0.022423522165845866,-36.973305,6.4292994
17949,2,45,58510.48,5,5,5,15,Champions,2,High-Value Active,4.849929044381025,1.63151940801443,4.184913,64.83925
17950,73,3,482.2,2,4,2,8,At Risk,0,High-Spend Watchlist,-0.06510220672004782,-0.27994959640858746,18.10034,-48.40057
17951,40,3,1008.5400000000001,3,4,4,11,Loyal Customers,0,High-Spend Watchlist,0.4541085505655935,-0.3467256429972352,29.72598,-42.61307
17954,6,12,2314.13,5,5,5,15,Champions,2,High-Value Active,2.0999371425348126,0.13137080131436757,32.12697,51.23134
17955,199,4,557.3,1,4,3,8,At Risk,1,Dormant Customers,-0.39985629322573596,0.964298896748776,13.377619,-3.7449121
17956,250,1,12.75,1,2,1,4,Lost Customers,1,Dormant Customers,-3.291241716301942,-0.11276118503967392,-39.482582,44.86731
17957,67,1,111.68,3,2,1,6,Needs Attention,0,High-Spend Watchlist,-1.3797866372483167,-1.0794508217566932,-66.94344,5.17172
17958,117,1,508.4599999999999,2,2,3,7,At Risk,0,High-Spend Watchlist,-0.8849100009895918,-0.1885449594128207,-36.384457,-1.1266295
17960,172,1,73.78,2,2,1,5,Needs Attention,1,Dormant Customers,-2.0874788348832953,-0.2850537014348099,-49.921234,23.828314
17961,22,39,1296.44,4,5,4,13,Champions,2,High-Value Active,2.7662442777627656,0.5982025502681946,16.754887,62.59725
17962,143,1,102.41,2,2,1,5,Needs Attention,1,Dormant Customers,-1.7890581793770473,-0.4410102847005546,-51.086384,19.71958
17964,32,2,463.21,4,3,2,9,Potential Loyalists,0,High-Spend Watchlist,-0.1491951641526672,-0.7786495091670536,-11.946024,-50.545776
17965,38,14,2599.19,3,5,5,13,Loyal Customers,2,High-Value Active,2.1326202402955796,0.5098057816182071,28.251453,53.107628
17966,38,5,1098.43,3,4,4,11,Loyal Customers,2,High-Value Active,0.8756736793708878,-0.1577401129478963,62.205784,-2.9130924
17967,372,1,112.27,1,2,1,4,Lost Customers,1,Dormant Customers,-2.8515163966241794,1.5879272073203072,-25.38202,53.31781
17968,374,1,265.1,1,2,2,5,Lost Customers,1,Dormant Customers,-2.44423255134141,1.8623440080093883,-14.762765,53.663223
17969,167,2,228.2,2,3,1,6,At Risk,1,Dormant Customers,-1.1462722963685277,0.18899124103980378,-10.899175,-5.5514946
17970,212,1,562.79,1,2,3,6,At Risk,1,Dormant Customers,-1.294644465859425,0.6722713633297659,-26.131348,13.100911
17972,242,1,135.19,1,2,1,4,Lost Customers,1,Dormant Customers,-2.1331754099157405,0.507117078510845,-39.367447,31.018938
17973,52,1,337.04,3,2,2,7,Needs Attention,0,High-Spend Watchlist,-0.7709634206545927,-0.8800633149448106,-51.641346,-12.645672
17974,25,3,703.99,4,4,3,11,Loyal Customers,0,High-Spend Watchlist,0.3513259668884474,-0.5858479582505016,28.041685,-51.4618
17975,16,13,4483.26,4,5,5,14,Champions,2,High-Value Active,2.442010927203451,0.45070016298728194,20.758717,48.39825
17976,373,1,321.79,1,2,2,5,Lost Customers,1,Dormant Customers,-2.345117257278151,1.9117024023362204,-11.707525,52.606094
17977,30,1,288.14,4,2,2,8,Potential Loyalists,0,High-Spend Watchlist,-0.7409012638068351,-1.1193562982142409,-59.95899,-18.354603
17978,366,1,300.91999999999996,1,2,2,5,Lost Customers,1,Dormant Customers,-2.3439110567450974,1.83041267552828,-12.988942,52.456272
17979,36,4,732.41,3,4,3,10,Loyal Customers,0,High-Spend Watchlist,0.5212161033402737,-0.37831000369619594,46.0629,-20.190912
17980,166,3,811.45,2,4,3,9,At Risk,0,High-Spend Watchlist,-0.2609679706250763,0.6892201228898773,12.703219,-7.2826214
17984,146,1,152.68,2,2,1,5,Needs Attention,1,Dormant Customers,-1.6101576347381925,-0.29561015338724844,-47.994404,14.89062
17985,23,1,631.35,4,2,3,9,Potential Loyalists,0,High-Spend Watchlist,-0.3250508981084441,-0.9451316109775051,-41.75061,-22.796633
17986,57,1,20.8,3,2,1,6,Needs Attention,0,High-Spend Watchlist,-2.1333502870408174,-1.6610061779856464,-72.24294,11.227071
17987,186,1,198.57,1,2,1,4,Lost Customers,1,Dormant Customers,-1.6759486217742479,0.13260785243662757,-41.77115,17.73175
17988,12,7,201.12,5,5,1,11,Loyal Customers,0,High-Spend Watchlist,0.4372329012142703,-0.766212124745853,56.314823,-28.172165
17990,237,3,630.84,1,4,3,8,At Risk,1,Dormant Customers,-0.7268975076830649,1.2341515308852504,9.914228,-3.7756739
17991,226,2,93.35,1,3,1,5,At Risk,1,Dormant Customers,-1.864759037276498,0.43766236326419433,-12.290134,-0.9426842
17994,122,4,674.89,2,4,3,9,At Risk,0,High-Spend Watchlist,0.06564603167912518,0.3487902136417611,33.534946,-18.333467
17995,282,1,76.1,1,2,1,4,Lost Customers,1,Dormant Customers,-2.604270902978023,0.6855760088014528,-36.06221,42.24607
17997,75,8,1962.46,2,5,4,11,At Risk,2,High-Value Active,1.350186364580676,0.5209141689298631,41.295223,21.076588
17999,38,2,380.39,3,3,2,8,Needs Attention,0,High-Spend Watchlist,-0.27413134475908374,-0.7853243855015438,-18.161123,-50.251907
18001,13,2,415.13,5,3,2,10,Potential Loyalists,0,High-Spend Watchlist,-0.11073180555595472,-0.9776084475497011,-14.895671,-56.21555
18004,363,1,157.92,1,2,1,4,Lost Customers,1,Dormant Customers,-2.6427032340665,1.6111322322575496,-21.804802,53.42585
18005,4,2,226.47,5,3,1,9,Potential Loyalists,0,High-Spend Watchlist,-0.3620775477610236,-1.237965191463132,-27.576406,-56.3769
18006,24,1,444.68,4,2,2,8,Potential Loyalists,0,High-Spend Watchlist,-0.5006694736982535,-1.041633297780084,-48.98506,-22.172056
18008,71,9,2116.19,3,5,5,13,Loyal Customers,2,High-Value Active,1.502532538975727,0.5556123542928549,40.475582,22.184122
18009,236,1,247.39,1,2,1,4,Lost Customers,1,Dormant Customers,-1.8108034210322541,0.6354569850121936,-32.608833,25.352657
18010,257,1,174.8,1,2,1,4,Lost Customers,1,Dormant Customers,-2.0810512023751855,0.7150223976444757,-33.31564,32.12415
18011,374,1,102.78999999999999,1,2,1,4,Lost Customers,1,Dormant Customers,-2.9038528106378356,1.5791141663682793,-26.047499,53.21601
18013,156,2,187.29,2,3,1,6,At Risk,1,Dormant Customers,-1.1890829363856086,0.03370119274516145,-12.217786,-5.3916554
18014,29,1,162.22,4,2,1,7,Potential Loyalists,0,High-Spend Watchlist,-1.0152132596791144,-1.3001134178441138,-70.84327,-7.833845
18015,5,1,120.03,5,2,1,8,Potential Loyalists,0,High-Spend Watchlist,-1.0451989949951825,-1.5998474641697236,-76.817184,-2.8760648
18016,33,5,1477.66,3,4,4,11,Loyal Customers,2,High-Value Active,1.0445108314853464,-0.11229332460459356,61.362125,0.69400775
18017,82,3,523.0,2,4,3,9,At Risk,0,High-Spend Watchlist,-0.06903336204190051,-0.17690105159817618,18.179152,-47.389282
18018,109,2,122.14,2,3,1,6,At Risk,0,High-Spend Watchlist,-1.169209023808059,-0.5048451156315548,-30.445627,-44.539078
18019,52,1,38.45,3,2,1,6,Needs Attention,0,High-Spend Watchlist,-1.819632010340099,-1.526279909150846,-72.10838,9.860685
18022,36,1,612.72,3,2,3,8,Needs Attention,0,High-Spend Watchlist,-0.402487602792483,-0.840503068221187,-41.63739,-20.758562
18024,153,2,389.78,2,3,2,7,At Risk,0,High-Spend Watchlist,-0.8181335348193729,0.2271327600789804,-8.327075,-10.701947
18027,99,1,115.31,2,2,1,5,Needs Attention,0,High-Spend Watchlist,-1.5189864247227296,-0.7902212307676396,-63.82028,8.361172
18030,5,2,230.64999999999998,5,3,1,9,Potential Loyalists,0,High-Spend Watchlist,-0.3580219058124362,-1.2237469977750426,-27.364956,-56.358273
18032,335,1,73.5,1,2,1,4,Lost Customers,1,Dormant Customers,-2.877203641085048,1.1384949671477913,-31.653044,46.476463
18033,66,1,93.82000000000001,3,2,1,6,Needs Attention,0,High-Spend Watchlist,-1.4591984813342367,-1.140105448057008,-67.99247,6.4692025
18034,22,2,418.68,4,3,2,9,Potential Loyalists,0,High-Spend Watchlist,-0.1500881552158841,-0.8963898198927198,-15.299194,-54.037075
18035,36,3,713.89,3,4,3,10,Loyal Customers,0,High-Spend Watchlist,0.30496290705323853,-0.48550904054000293,25.54057,-49.543697
18036,33,3,403.12,3,4,2,9,Loyal Customers,0,High-Spend Watchlist,0.040999418408545846,-0.6833271488092857,20.012754,-55.868855
18037,155,6,70.02,2,5,1,8,At Risk,1,Dormant Customers,-0.8865078428583415,0.10947773598938272,6.4104753,-12.755513
18040,20,2,357.20000000000005,4,3,2,9,Potential Loyalists,0,High-Spend Watchlist,-0.21774855039393856,-0.961521903371961,-18.347092,-55.15395
18041,12,21,4097.37,5,5,5,15,Champions,2,High-Value Active,2.830155697257353,0.5902199589070067,18.004684,58.59978
18042,54,1,165.04999999999998,3,2,1,6,Needs Attention,0,High-Spend Watchlist,-1.1276640670203266,-1.0764334350000468,-64.68652,-1.5665976
18043,25,3,529.29,4,4,3,11,Loyal Customers,0,High-Spend Watchlist,0.21231277230033796,-0.6715114691442241,24.1671,-54.488518
18044,5,10,2088.6,5,5,5,15,Champions,2,High-Value Active,1.9021876062573497,0.017304299480744228,39.31074,44.419952
18045,46,1,178.34,3,2,1,6,Needs Attention,0,High-Spend Watchlist,-1.0514074750989502,-1.1231941803189718,-66.207794,-6.017271
18048,204,2,172.29000000000002,1,3,1,5,At Risk,1,Dormant Customers,-1.4616275920652915,0.42826428416215023,-10.768327,-2.2653747
18050,360,1,74.4,1,2,1,4,Lost Customers,1,Dormant Customers,-2.9921840929420425,1.3606161178883518,-27.798483,52.29425
18053,71,1,300.02,3,2,2,7,Needs Attention,0,High-Spend Watchlist,-0.9194262523795422,-0.748888885022272,-51.16048,-5.503129
18055,8,10,6761.34,5,5,5,15,Champions,2,High-Value Active,2.4610002329854757,0.39681604069654525,21.21372,38.861504
18056,289,1,363.65,1,2,2,5,Lost Customers,1,Dormant Customers,-1.879559844747488,1.2141946470000449,-19.951754,27.184343
18058,10,1,170.16,5,2,1,8,Potential Loyalists,0,High-Spend Watchlist,-0.9001845827073435,-1.4518908350471584,-73.03044,-11.793271
18059,24,3,306.46,4,4,2,10,Loyal Customers,0,High-Spend Watchlist,-0.048948783906266856,-0.8442265717282994,18.611675,-57.653976
18061,22,10,2119.41,4,5,5,14,Champions,2,High-Value Active,1.827160023950726,0.17029341614791385,36.025265,46.426723
18062,174,3,720.52,2,4,3,9,At Risk,0,High-Spend Watchlist,-0.3575814515318844,0.7234364289091172,12.084375,-7.0293097
18064,134,2,814.0,2,3,3,8,At Risk,0,High-Spend Watchlist,-0.36746163436287343,0.28218734192883377,-4.4042954,-17.713144
18065,6,14,2392.83,5,5,5,15,Champions,2,High-Value Active,2.246931363703736,0.20523915480541655,30.406765,52.699924
18066,76,1,318.0,2,2,2,6,Needs Attention,0,High-Spend Watchlist,-0.915273448141795,-0.6877348067759705,-49.355724,-4.8515983
18067,41,1,396.33,3,2,2,7,Needs Attention,0,High-Spend Watchlist,-0.6389017939879519,-0.9275925685432619,-49.21072,-17.311989
18068,290,1,101.69999999999999,1,2,1,4,Lost Customers,1,Dormant Customers,-2.5029757500508425,0.8417487122736993,-33.94309,41.21449
18069,27,5,2009.24,4,4,4,12,Champions,2,High-Value Active,1.223441034391775,-0.0723459410725122,53.993607,8.225797
18071,258,2,453.0,1,3,2,6,At Risk,1,Dormant Customers,-1.2524688837722435,1.1899794110683386,-4.158463,3.6690063
18072,186,1,247.44,1,2,1,4,Lost Customers,1,Dormant Customers,-1.5690200445601963,0.1984999957412003,-39.879448,16.617556
18073,115,12,3859.82,2,5,5,12,At Risk,2,High-Value Active,1.8227242178768195,1.2379163476126234,22.119965,4.4291453
18074,374,1,489.6,1,2,3,6,At Risk,1,Dormant Customers,-2.145586637477338,2.0463773119807285,-8.573391,50.49499
18075,24,10,2611.75,4,5,5,14,Champions,2,High-Value Active,1.919421051506821,0.25058504290614275,34.109566,46.072872
18077,9,11,2584.41,5,5,5,15,Champions,2,High-Value Active,2.066247323497305,0.15511575603848546,31.83701,49.029446
18078,218,2,336.13,1,3,2,6,At Risk,1,Dormant Customers,-1.2044163357537319,0.7508305222551226,-6.7321353,-0.94224656
18079,46,4,3613.15,3,4,5,12,Loyal Customers,2,High-Value Active,1.2514766598700116,0.1888853862756919,35.03947,2.5272698
18080,19,2,1231.5,4,3,4,11,Potential Loyalists,0,High-Spend Watchlist,0.39033006309627316,-0.5985272028842662,3.2243724,-38.03984
18081,37,3,343.45,3,4,2,9,Loyal Customers,0,High-Spend Watchlist,-0.056328037295944176,-0.6964268231024753,18.75257,-55.980515
18082,26,1,680.84,4,2,3,9,Potential Loyalists,0,High-Spend Watchlist,-0.3027668683105755,-0.896242609884389,-40.920673,-22.448751
18084,17,1,90.47999999999999,4,2,1,7,Potential Loyalists,0,High-Spend Watchlist,-1.239853101211446,-1.5791703059224682,-76.46373,1.6608016
18085,331,2,689.95,1,3,3,7,At Risk,1,Dormant Customers,-1.4003091680790531,1.9543636145615577,0.406256,12.70972
18086,275,1,101.34,1,2,1,4,Lost Customers,1,Dormant Customers,-2.4321844561685633,0.7095870908972521,-34.946632,39.857025
18087,99,2,4055.7199999999993,2,3,5,10,At Risk,2,High-Value Active,0.5852143134336055,0.45908570462573556,20.377726,-14.6087885
18088,62,1,166.03,3,2,1,6,Needs Attention,0,High-Spend Watchlist,-1.163461011329061,-1.0047404127538053,-63.352863,-0.7756474
18092,3,11,9068.26,5,5,5,15,Champions,2,High-Value Active,2.707915371328625,0.4802141177716798,10.218553,48.507504
18093,94,4,2106.52,2,4,5,11,At Risk,2,High-Value Active,0.7561630111063556,0.4461724865727356,32.126503,-5.241999
18094,82,7,3017.3,2,5,5,12,At Risk,2,High-Value Active,1.4187040082655524,0.6589258363697064,38.391594,18.563742
18095,313,2,580.0500000000001,1,3,3,7,At Risk,1,Dormant Customers,-1.3978698126881686,1.7449247602416886,-0.36649874,12.65608
18096,12,3,849.06,5,4,3,12,Loyal Customers,0,High-Spend Watchlist,0.5055134702886847,-0.643180682063822,32.855686,-50.184002
18097,8,6,2662.4,5,5,5,15,Champions,2,High-Value Active,1.5933952006075287,-0.0850355283771305,48.178158,23.747505
18099,128,1,168.31,2,2,1,5,Needs Attention,0,High-Spend Watchlist,-1.4758666985145585,-0.42379866766215235,-49.17048,12.603129
18101,12,2,222.4,5,3,1,9,Potential Loyalists,0,High-Spend Watchlist,-0.40956095311942764,-1.1734736675092192,-27.864962,-55.27483
18102,1,60,259657.3,5,5,5,15,Champions,2,High-Value Active,5.8399427006300995,2.196909355485291,2.8347528,65.656876
18104,38,1,754.64,3,2,3,8,Needs Attention,0,High-Spend Watchlist,-0.3106012836377032,-0.7604423464307429,-39.57667,-21.11193
18105,38,1,113.48000000000002,3,2,1,6,Needs Attention,0,High-Spend Watchlist,-1.2318725396427423,-1.3281534224095082,-72.9122,0.43078986
18106,330,1,421.9,1,2,2,5,Lost Customers,1,Dormant Customers,-2.0053948480733195,1.617130986171015,-13.520737,27.620474
18108,255,1,271.0,1,2,2,5,Lost Customers,1,Dormant Customers,-1.8583162947493406,0.8288393791006535,-28.261005,26.16101
18109,2,26,8004.92,5,5,5,15,Champions,2,High-Value Active,3.392383995703982,0.7955708010119419,12.061884,61.16198
18110,20,1,198.8,4,2,1,7,Potential Loyalists,0,High-Spend Watchlist,-0.8729917402298117,-1.3179438785076987,-68.85498,-12.993002
18112,13,2,352.69,5,3,2,10,Potential Loyalists,0,High-Spend Watchlist,-0.1900981667203684,-1.0265160434390512,-18.438353,-56.82159
18113,369,1,76.32000000000001,1,2,1,4,Lost Customers,1,Dormant Customers,-3.023412008504444,1.4468436959901136,-27.680874,52.650528
18114,291,1,220.1,1,2,1,4,Lost Customers,1,Dormant Customers,-2.133473578386712,1.0811644699204999,-28.212818,33.231133
18116,68,8,1403.1100000000001,3,5,4,12,Loyal Customers,2,High-Value Active,1.220334169385855,0.35886288316765574,42.55154,21.634838
18117,26,1,315.65,4,2,2,8,Potential Loyalists,0,High-Spend Watchlist,-0.6771979331788416,-1.126976675807613,-58.17351,-19.587849
18118,11,26,5625.08,5,5,5,15,Champions,2,High-Value Active,3.176667147290387,0.7681115470407055,14.256485,61.558125
18119,368,1,180.7,1,2,1,4,Lost Customers,1,Dormant Customers,-2.6014774335325006,1.6951316456642773,-20.038952,54.119606
18120,215,1,111.15,1,2,1,4,Lost Customers,1,Dormant Customers,-2.097476187812091,0.21270278672248571,-43.659256,29.248508
18121,150,2,653.3,2,3,3,8,At Risk,0,High-Spend Watchlist,-0.5520154410694234,0.3559645755278678,-4.3379245,-14.213194
18122,9,6,1793.06,5,5,4,14,Champions,2,High-Value Active,1.3956717274050727,-0.19515882241675025,53.219063,24.48123
18123,25,2,574.4399999999999,4,3,3,10,Potential Loyalists,0,High-Spend Watchlist,-0.010499754731873456,-0.7752148443212277,-7.4507346,-48.320927
18125,30,4,1131.75,4,4,4,12,Champions,0,High-Spend Watchlist,0.7624283914158354,-0.29998279516132953,45.294056,-11.696842
18126,61,1,200.92000000000002,3,2,1,6,Needs Attention,0,High-Spend Watchlist,-1.0660209646921726,-0.9564143490383499,-60.47107,-3.665196
18127,20,3,347.08,4,4,2,10,Loyal Customers,0,High-Spend Watchlist,0.03096265992987462,-0.841859092510764,19.580414,-57.524624
18129,244,1,112.55000000000001,1,2,1,4,Lost Customers,1,Dormant Customers,-2.231597223852331,0.46990502716245,-40.876183,32.071693
18130,16,3,1059.39,4,4,4,12,Champions,0,High-Spend Watchlist,0.5941074124953424,-0.541710802419863,34.944447,-44.357597
18133,213,1,931.4999999999999,1,2,3,6,At Risk,1,Dormant Customers,-1.0538334999723882,0.8323842854387135,-23.176033,10.988703
18135,30,5,681.9100000000001,4,4,3,11,Loyal Customers,0,High-Spend Watchlist,0.681881004398051,-0.3709121718473591,65.277664,-8.94961
18136,64,3,784.33,3,4,3,10,Loyal Customers,0,High-Spend Watchlist,0.2154958708943254,-0.21250885793937252,21.967445,-44.807796
18138,296,1,152.65,1,2,1,4,Lost Customers,1,Dormant Customers,-2.335308295658486,1.0153837320503525,-29.955523,38.934326
18139,18,6,8438.34,4,5,5,14,Champions,2,High-Value Active,2.1080734575008147,0.349312496075826,22.77324,29.750916
18142,158,2,1019.52,2,3,4,9,At Risk,0,High-Spend Watchlist,-0.3736894194262532,0.5596056842903954,-0.10593238,-14.636846
18143,117,2,1000.16,2,3,4,9,At Risk,0,High-Spend Watchlist,-0.18485767132226677,0.1954895617798813,-2.390047,-24.30049
18144,8,12,2888.75,5,5,5,15,Champions,2,High-Value Active,2.1985006922523125,0.215546204554614,30.093878,49.944164
18145,13,4,2861.55,5,4,5,14,Champions,2,High-Value Active,1.2971732761021306,-0.16968226974007697,39.375458,2.2994688
18146,141,2,160.35000000000002,2,3,1,6,At Risk,0,High-Spend Watchlist,-1.1919556071103745,-0.1438540608925084,-13.110923,-5.387847
18147,46,2,179.33999999999997,3,3,1,7,Needs Attention,0,High-Spend Watchlist,-0.6784353415445615,-0.9407149001655115,-29.00263,-49.638924
18149,51,3,612.0799999999999,3,4,3,10,Loyal Customers,0,High-Spend Watchlist,0.15745709166530664,-0.40062088315506866,22.213379,-48.941578
18150,33,3,566.58,3,4,3,10,Loyal Customers,0,High-Spend Watchlist,0.2068185572713444,-0.581145124646408,23.748093,-52.670666
18151,135,2,653.35,2,3,3,8,At Risk,0,High-Spend Watchlist,-0.4794726017662512,0.2248823015521336,-5.546502,-16.96918
18154,4,2,399.19,5,3,2,10,Potential Loyalists,0,High-Spend Watchlist,-0.08629585214074224,-1.0680214076586128,-15.243679,-57.898148
18155,76,3,371.62,2,4,2,8,At Risk,0,High-Spend Watchlist,-0.20646671111762377,-0.3319050369767832,16.775589,-49.92348
18156,13,2,675.64,4,3,3,10,Potential Loyalists,0,High-Spend Watchlist,0.12659156296118398,-0.8313636754290425,-2.4577107,-49.977978
18158,10,2,453.4,5,3,2,10,Potential Loyalists,0,High-Spend Watchlist,-0.0532807754452694,-0.9773626510912165,-11.940851,-56.078365
18159,302,1,530.15,1,2,3,6,At Risk,1,Dormant Customers,-1.7587912962377055,1.4409623716985513,-14.890871,24.377367
18160,58,2,638.0600000000001,3,3,3,9,Needs Attention,0,High-Spend Watchlist,-0.11882000079004755,-0.4552374819225768,-10.847499,-38.06635
18161,16,5,1618.69,4,4,4,12,Champions,2,High-Value Active,1.1711560000273311,-0.233474355184094,62.170612,4.1803975
18164,38,1,399.65000000000003,3,2,2,7,Needs Attention,0,High-Spend Watchlist,-0.6203385342429217,-0.9513104177676298,-49.50544,-18.048529
18165,178,1,302.46000000000004,2,2,2,6,Needs Attention,1,Dormant Customers,-1.4326913008706177,0.18875725754492378,-34.810432,11.700971
18167,24,3,1384.8600000000001,4,4,4,12,Champions,0,High-Spend Watchlist,0.6861151292994744,-0.3912612562914847,34.261898,-37.623566
18168,177,6,1160.04,2,5,4,11,At Risk,2,High-Value Active,0.3711719905687698,1.1423105004217926,17.912079,-2.672947
18169,61,1,202.65,3,2,1,6,Needs Attention,0,High-Spend Watchlist,-1.0618561990075186,-0.9538479131568192,-60.321785,-3.8093824
18170,34,3,980.31,3,4,4,11,Loyal Customers,0,High-Spend Watchlist,0.46926524997097707,-0.4076997104312545,30.411428,-43.971058
18171,59,5,1231.31,3,4,4,11,Loyal Customers,2,High-Value Active,0.8298662833577224,0.060131245754142915,60.235405,-2.9895675
18172,15,20,7561.68,4,5,5,14,Champions,2,High-Value Active,3.0722492035551,0.7799944637505544,12.997829,57.284725
18173,87,4,2106.84,2,4,5,11,At Risk,2,High-Value Active,0.7900730455075562,0.38503570450598534,32.693398,-5.0972342
18174,8,1,104.0,5,2,1,8,Potential Loyalists,0,High-Spend Watchlist,-1.1290594176158808,-1.6163674084864834,-77.08658,0.053838532
18176,359,1,476.35,1,2,2,5,Lost Customers,1,Dormant Customers,-2.0864469876940515,1.9070356474136965,-9.152218,49.88913
18177,32,6,1340.8700000000001,4,5,4,13,Champions,2,High-Value Active,1.1427215379815236,-0.08149618280478867,58.230392,27.693237
18178,129,4,1590.81,2,4,4,10,At Risk,2,High-Value Active,0.44998124375128934,0.6676604888037295,27.948273,-7.437498
18179,10,6,1793.17,5,5,4,14,Champions,2,High-Value Active,1.3908679559646684,-0.18640002743975828,53.233955,24.328709
18180,5,6,1843.75,5,5,4,14,Champions,2,High-Value Active,1.4286084082474582,-0.2217384020260312,52.876568,24.899227
18181,25,1,366.85,4,2,2,8,Potential Loyalists,0,High-Spend Watchlist,-0.599197090218444,-1.0906295500688037,-53.68093,-20.687176
18183,228,2,632.07,1,3,3,7,At Risk,1,Dormant Customers,-0.9451467375784329,1.027789152965517,-0.5831492,0.81060374
18184,16,1,49.8,4,2,1,7,Potential Loyalists,0,High-Spend Watchlist,-1.5221770638109802,-1.7648646058038555,-73.465454,8.980633
18185,250,1,304.25,1,2,2,5,Lost Customers,1,Dormant Customers,-1.777846749783887,0.8198317719450958,-27.43415,23.1962
18188,16,3,2001.04,4,4,4,12,Champions,2,High-Value Active,0.9043587391149401,-0.35052594420250466,36.388504,-33.759857
18189,78,2,1090.24,2,3,4,9,At Risk,0,High-Spend Watchlist,0.045715808220328225,-0.11946622540215766,-3.3328614,-29.559143
18190,193,2,284.46000000000004,1,3,2,6,At Risk,1,Dormant Customers,-1.1647902375887533,0.4822740779619488,-8.235806,-4.19688
18191,262,1,207.79999999999998,1,2,1,4,Lost Customers,1,Dormant Customers,-2.0212386206386515,0.8104754643446211,-30.874592,30.466145
18192,72,1,957.97,2,2,4,8,At Risk,0,High-Spend Watchlist,-0.35861706935482407,-0.3915848197202863,-32.38727,-13.672295
18193,166,1,243.76,2,2,1,5,Needs Attention,1,Dormant Customers,-1.4796311803971331,0.019203662849637825,-42.09427,15.114832
18194,83,1,973.8399999999999,2,2,4,8,At Risk,0,High-Spend Watchlist,-0.40377506487668696,-0.2905033103425733,-32.187965,-12.6442795
18196,96,2,686.63,2,3,3,8,At Risk,0,High-Spend Watchlist,-0.2667404488521642,-0.10106777061506875,-7.515727,-23.464575
18198,5,17,5425.56,5,5,5,15,Champions,2,High-Value Active,2.8177848724337458,0.5240007847319023,17.0278,55.5743
18200,107,1,150.35,2,2,1,5,Needs Attention,0,High-Spend Watchlist,-1.4291013644645736,-0.6410797202734945,-52.31253,11.539322
18202,200,3,1396.99,1,4,4,9,At Risk,1,Dormant Customers,-0.1603622129771282,1.1496620724806095,9.656807,0.31822935
18203,158,1,160.42000000000002,2,2,1,5,Needs Attention,1,Dormant Customers,-1.6441744195894603,-0.1759441403808365,-46.45181,16.565285
18204,72,3,1975.35,2,4,4,10,At Risk,0,High-Spend Watchlist,0.6273666195506596,0.13504852672733364,28.157234,-31.327719
18205,37,2,517.36,3,3,3,9,Needs Attention,0,High-Spend Watchlist,-0.1195016264324817,-0.7017565731282296,-10.629162,-47.011826
18209,29,1,139.10000000000002,4,2,1,7,Potential Loyalists,0,High-Spend Watchlist,-1.0897787098629963,-1.3460625687362167,-72.72439,-4.6497326
18210,2,6,2621.38,5,5,5,15,Champions,2,High-Value Active,1.6148203159871442,-0.14214683644009832,48.345337,24.338861
18211,26,5,600.07,4,4,3,11,Loyal Customers,0,High-Spend Watchlist,0.6388991501887069,-0.44427470809402053,65.6339,-9.86485
18212,327,1,216.07,1,2,1,4,Lost Customers,1,Dormant Customers,-2.3164669869017125,1.3902833143401077,-21.830637,41.5156
18213,237,1,232.48000000000002,1,2,1,4,Lost Customers,1,Dormant Customers,-1.8458570961455898,0.6255750102370896,-32.93531,25.80478
18215,90,1,299.34000000000003,2,2,2,6,Needs Attention,0,High-Spend Watchlist,-1.0123706306490932,-0.5835025541613316,-47.224842,-1.7995551
18216,32,1,481.75,4,2,2,8,Potential Loyalists,0,High-Spend Watchlist,-0.5003348342096152,-0.9476750630020067,-47.31133,-21.110588
18217,30,2,621.75,4,3,3,10,Potential Loyalists,0,High-Spend Watchlist,0.003902721216968202,-0.7077446543786089,-6.97385,-46.373634
18218,212,2,641.92,1,3,3,7,At Risk,1,Dormant Customers,-0.8602703830227018,0.8925881060840097,-0.43679956,-0.68483233
18219,3,10,2069.77,5,5,5,15,Champions,2,High-Value Active,1.9074359602459658,-0.0028995349427704477,39.429516,44.35067
18220,227,1,305.28000000000003,1,2,2,5,Lost Customers,1,Dormant Customers,-1.6650271195387294,0.6198170726003215,-29.384054,19.301033
18221,23,5,1041.61,4,4,4,12,Champions,2,High-Value Active,0.9222742382283935,-0.30480868829703583,65.15439,-3.418795
18222,93,1,443.0,2,2,2,6,Needs Attention,0,High-Spend Watchlist,-0.8360386084511493,-0.4396852125303263,-42.813347,-5.2029424
18223,5,14,6484.54,5,5,5,15,Champions,2,High-Value Active,2.738321947498143,0.4963276860073037,14.689796,50.013256
18224,264,1,158.95000000000002,1,2,1,4,Lost Customers,1,Dormant Customers,-2.1610129106504843,0.7477809521747919,-33.468597,33.986057
18225,4,12,5504.96,5,5,5,15,Champions,2,High-Value Active,2.53254449956981,0.37451659151796324,18.565344,47.26215
18226,45,11,5228.05,3,5,5,13,Loyal Customers,2,High-Value Active,2.236079594379729,0.6816548713913648,19.366291,42.465996
18227,218,1,93.75,1,2,1,4,Lost Customers,1,Dormant Customers,-2.194281765760026,0.18820570428095013,-44.6593,29.809961
18228,57,2,779.9,3,3,3,9,Needs Attention,0,High-Spend Watchlist,-0.016131748610045158,-0.40367733878000583,-6.6702023,-34.54056
18229,12,20,7276.900000000001,5,5,5,15,Champions,2,High-Value Active,3.0680124681313026,0.7422266702722706,13.225423,57.308517
18230,10,7,2810.2000000000003,5,5,5,15,Champions,2,High-Value Active,1.7320297964271112,0.008237065217672658,37.013786,31.037928
18231,193,5,2071.77,1,4,5,10,At Risk,2,High-Value Active,0.436000174744267,1.38776716219142,19.592821,-2.277012
18232,82,4,592.97,2,4,3,9,At Risk,0,High-Spend Watchlist,0.19592086127250616,-0.039691187568821146,37.576717,-19.600126
18233,326,1,440.0,1,2,2,5,Lost Customers,1,Dormant Customers,-1.965600948400767,1.5947770014176694,-13.665646,27.254356
18235,72,3,1796.48,2,4,4,10,At Risk,0,High-Spend Watchlist,0.581055170860448,0.10651021925851621,27.812767,-31.538006
18236,30,6,882.24,4,5,3,12,Loyal Customers,2,High-Value Active,0.9482221843199725,-0.22478969933355733,60.991646,30.883154
18237,3,5,987.1,5,4,4,13,Champions,2,High-Value Active,0.9927338642144601,-0.4957697052899137,68.07559,-2.7217274
18239,219,5,1561.6100000000001,1,4,4,9,At Risk,1,Dormant Customers,0.17239994738180098,1.5300239821156076,18.70427,-2.2828803
18240,47,1,422.58,3,2,2,7,Needs Attention,0,High-Spend Watchlist,-0.6366727479437903,-0.8559049569803893,-47.451397,-16.527922
18241,10,17,2073.09,5,5,5,15,Champions,2,High-Value Active,2.3240956874030583,0.2783718068991741,29.803782,54.377266
18242,73,4,2232.4900000000002,2,4,5,11,At Risk,2,High-Value Active,0.8860111589398147,0.2800892036746183,33.809986,-4.160103
18245,8,7,2567.06,5,5,5,15,Champions,2,High-Value Active,1.697536338261132,-0.03645669743552298,38.44813,31.558424
18246,24,2,596.1,4,3,3,10,Potential Loyalists,0,High-Spend Watchlist,0.012371925515860133,-0.7728397285386734,-6.6271467,-48.198242
18248,123,2,804.02,2,3,3,8,At Risk,0,High-Spend Watchlist,-0.32030573784072597,0.18233699060492686,-4.877763,-18.785559
18249,18,1,95.34,4,2,1,7,Potential Loyalists,0,High-Spend Watchlist,-1.2194171639835347,-1.5548581523965348,-76.306725,1.1616493
18250,311,1,349.27,1,2,2,5,Lost Customers,1,Dormant Customers,-2.005542481235199,1.3943789602118266,-15.924083,29.266977
18251,88,1,4314.72,2,2,5,9,At Risk,0,High-Spend Watchlist,0.29834043068071087,0.20075335484468682,-25.036537,-14.12675
18252,51,2,518.27,3,3,3,9,Needs Attention,0,High-Spend Watchlist,-0.18631719753915627,-0.5788640116430349,-11.808775,-44.030956
18255,90,1,103.3,2,2,1,5,Needs Attention,0,High-Spend Watchlist,-1.5286884239794314,-0.9016708765614225,-65.02804,8.148039
18257,40,8,2337.63,3,5,5,13,Loyal Customers,2,High-Value Active,1.604727212951022,0.2676037023700923,39.97023,24.906431
18259,25,3,2338.6000000000004,4,4,5,13,Champions,2,High-Value Active,0.9369199549723821,-0.22498986038316912,25.251509,-19.436716
18260,173,6,2628.35,2,5,5,12,At Risk,2,High-Value Active,0.7895530132780837,1.3532516516774766,21.38049,-0.22986294
18261,44,2,324.24,3,3,2,8,Needs Attention,0,High-Spend Watchlist,-0.3808802520276473,-0.7807917955784568,-21.15132,-49.216553
18262,141,1,149.48,2,2,1,5,Needs Attention,1,Dormant Customers,-1.5962615143947168,-0.3456420194430832,-48.524902,14.509721
18263,26,3,1213.1599999999999,4,4,4,12,Champions,0,High-Spend Watchlist,0.611877279230601,-0.41357052622856183,33.654762,-40.7039
18265,73,2,801.51,2,3,3,8,At Risk,0,High-Spend Watchlist,-0.08014510301671196,-0.2556199738645126,-6.5103617,-30.734098
18268,135,1,25.5,2,2,1,5,Needs Attention,1,Dormant Customers,-2.415069873777634,-0.9205268354946742,-70.9262,12.822788
18269,367,1,168.6,1,2,1,4,Lost Customers,1,Dormant Customers,-2.630286110961395,1.6656599939803278,-21.081654,53.854492
18270,39,2,283.15,3,3,2,8,Needs Attention,0,High-Spend Watchlist,-0.4226455174502757,-0.8651236411438783,-23.356874,-50.284668
18272,3,6,3078.58,5,5,5,15,Champions,2,High-Value Active,1.6884420521301509,-0.0850602237827558,31.142046,26.334745
18273,3,3,204.0,5,4,1,10,Loyal Customers,0,High-Spend Watchlist,-0.14531642620914842,-1.1497098508648602,16.693262,-59.36757
18274,31,1,175.92,4,2,1,7,Potential Loyalists,0,High-Spend Watchlist,-0.985534216442092,-1.2583864216689895,-68.94617,-8.773587
18276,44,1,335.86,3,2,2,7,Needs Attention,0,High-Spend Watchlist,-0.7340008692123831,-0.9510380600543238,-53.25364,-14.630651
18277,59,1,110.38,3,2,1,6,Needs Attention,0,High-Spend Watchlist,-1.3467819092863142,-1.152864479631406,-67.96988,4.385414
18278,74,1,173.9,2,2,1,5,Needs Attention,0,High-Spend Watchlist,-1.198989291221143,-0.8860058219212255,-61.132538,0.2834177
18280,278,1,180.60000000000002,1,2,1,4,Lost Customers,1,Dormant Customers,-2.16671296723178,0.9083344677861933,-30.713415,34.572563
18281,181,1,80.82,1,2,1,4,Lost Customers,1,Dormant Customers,-2.087060229448938,-0.179324722015089,-49.33098,23.782402
18282,8,2,178.05,5,3,1,9,Potential Loyalists,0,High-Spend Watchlist,-0.4982592097800481,-1.2750078284064064,-30.339445,-53.883545
18283,4,16,2045.53,5,5,4,14,Champions,2,High-Value Active,2.2943724228956683,0.19641729024163856,29.988337,54.181137
18287,43,3,1837.28,3,4,4,11,Loyal Customers,0,High-Spend Watchlist,0.732189518718441,-0.1402079802488111,31.727571,-33.598812
